,SPY,GLD,AGG,DBC
2006-02-06,86.71692657470703,56.720001220703125,52.18894577026367,19.18509864807129
2006-02-07,85.94973754882812,54.599998474121094,52.1524658203125,18.630159378051758
2006-02-08,86.73065185546875,54.83000183105469,52.1264533996582,18.550880432128906
2006-02-09,86.5867691040039,56.18000030517578,52.15768051147461,18.725290298461914
2006-02-10,86.74430084228516,54.790000915527344,52.04832458496094,18.3843994140625
2006-02-13,86.5867691040039,53.720001220703125,52.084800720214844,18.098997116088867
2006-02-14,87.5046157836914,54.4900016784668,52.001461029052734,17.9483699798584
2006-02-15,87.81285858154297,53.7599983215332,52.05874252319336,17.686758041381836
2006-02-16,88.47045135498047,54.52000045776367,52.00666427612305,17.900808334350586
2006-02-17,88.23069763183594,54.959999084472656,52.22016906738281,18.154491424560547
2006-02-21,88.01151275634766,55.119998931884766,52.02745819091797,18.455747604370117
2006-02-22,88.54578399658203,55.34000015258789,52.235836029052734,18.154491424560547
2006-02-23,88.4156723022461,54.63999938964844,52.20454788208008,18.0910701751709
2006-02-24,88.64167785644531,55.63999938964844,52.246219635009766,18.582592010498047
2006-02-27,88.67594909667969,55.220001220703125,52.13685989379883,18.217910766601562
2006-02-28,87.83342742919922,56.06999969482422,52.246219635009766,18.463674545288086
2006-03-01,88.61426544189453,56.099998474121094,52.24778366088867,18.42403793334961
2006-03-02,88.6074447631836,56.7400016784668,52.11708068847656,18.757001876831055
2006-03-03,88.1964340209961,56.279998779296875,52.0125617980957,18.931411743164062
2006-03-06,87.79232788085938,55.22999954223633,51.725032806396484,18.630159378051758
2006-03-07,87.65532684326172,54.95000076293945,51.85576248168945,18.30512046813965
2006-03-08,87.84024810791016,53.970001220703125,51.881874084472656,18.011795043945312
2006-03-09,87.25119018554688,54.2400016784668,51.81396484375,18.19413185119629
2006-03-10,88.07999420166016,53.83000183105469,51.834815979003906,18.114856719970703
2006-03-13,88.2444076538086,54.310001373291016,51.92890548706055,18.352684020996094
2006-03-14,89.16912078857422,54.869998931884766,52.101409912109375,18.622228622436523
2006-03-15,89.56640625,55.119998931884766,51.96030044555664,18.416107177734375
2006-03-16,89.75130462646484,55.34000015258789,52.179847717285156,18.574665069580078
2006-03-17,89.82627868652344,55.119998931884766,52.064815521240234,18.487457275390625
2006-03-20,89.68189239501953,55.16999816894531,52.0439338684082,18.10692596435547
2006-03-21,89.1179428100586,54.83000183105469,51.90802001953125,18.170347213745117
2006-03-22,89.66121673583984,54.75,52.002140045166016,18.13863754272461
2006-03-23,89.47554016113281,54.70000076293945,51.96030044555664,18.447818756103516
2006-03-24,89.54434204101562,55.709999084472656,52.04914474487305,18.408178329467773
2006-03-27,89.41366577148438,56.38999938964844,52.090980529785156,18.5191707611084
2006-03-28,88.86348724365234,56.060001373291016,51.96030044555664,18.757001876831055
2006-03-29,89.42057037353516,57.06999969482422,51.85576248168945,18.883846282958984
2006-03-30,89.26239013671875,58.599998474121094,51.6204719543457,19.11374855041504
2006-03-31,89.28297424316406,58.099998474121094,51.79304122924805,18.978979110717773
2006-04-03,89.21422576904297,58.470001220703125,51.742149353027344,19.06618309020996
2006-04-04,89.78507232666016,58.33000183105469,51.81033706665039,18.96312141418457
2006-04-05,90.09447479248047,58.65999984741211,51.847103118896484,19.08203887939453
2006-04-06,89.99820709228516,59.279998779296875,51.80507278442383,19.422929763793945
2006-04-07,89.08356475830078,58.59000015258789,51.63195037841797,19.335723876953125
2006-04-10,89.22110748291016,59.599998474121094,51.58469009399414,19.692472457885742
2006-04-11,88.46464538574219,59.0099983215332,51.68965148925781,19.771751403808594
2006-04-12,88.62968444824219,59.43000030517578,51.6424446105957,19.73210906982422
2006-04-13,88.51277923583984,59.5,51.53744125366211,19.858951568603516
2006-04-17,88.47842407226562,61.09000015258789,51.62143325805664,20.0730037689209
2006-04-18,89.88130187988281,61.849998474121094,51.58469009399414,20.33462142944336
2006-04-19,90.05321502685547,63.75,51.63195037841797,20.532812118530273
2006-04-20,90.17700958251953,60.959999084472656,51.55324935913086,20.29498291015625
2006-04-21,90.19073486328125,63.20000076293945,51.54795837402344,20.72307777404785
2006-04-24,90.02571868896484,61.650001525878906,51.742149353027344,20.310834884643555
2006-04-25,89.65438079833984,62.779998779296875,51.56894302368164,20.374256134033203
2006-04-26,89.67500305175781,63.650001525878906,51.47977066040039,20.29498291015625
2006-04-27,90.10819244384766,62.959999084472656,51.60042953491211,19.97787094116211
2006-04-28,90.41083526611328,65.08999633789062,51.71590042114258,20.310834884643555
2006-05-01,89.67500305175781,65.16000366210938,51.51304626464844,20.532812118530273
2006-05-02,90.34895324707031,66.55000305175781,51.56574630737305,20.77064323425293
2006-05-03,90.01195526123047,66.45999908447266,51.52883529663086,20.398042678833008
2006-05-04,90.33518981933594,67.4800033569336,51.50252151489258,20.152278900146484
2006-05-05,91.1329116821289,67.98999786376953,51.59730529785156,20.374256134033203
2006-05-08,91.0228500366211,67.55999755859375,51.63417434692383,20.318763732910156
2006-05-09,91.2016830444336,69.68000030517578,51.60791015625,20.635873794555664
2006-05-10,91.15351867675781,70.37999725341797,51.549957275390625,21.15117645263672
2006-05-11,90.05321502685547,71.02999877929688,51.51836395263672,21.3572940826416
2006-05-12,88.8773193359375,71.12000274658203,51.407691955566406,21.285945892333984
2006-05-15,89.05608367919922,67.41000366210938,51.43930435180664,20.564523696899414
2006-05-16,88.92543029785156,68.61000061035156,51.69216537475586,20.62794303894043
2006-05-17,87.23369598388672,68.1500015258789,51.54463577270508,20.596235275268555
2006-05-18,86.79358673095703,67.45999908447266,51.760616302490234,20.60416030883789
2006-05-19,87.40557098388672,65.58000183105469,51.75016784667969,20.152278900146484
2006-05-22,86.738525390625,65.30000305175781,51.760616302490234,20.310834884643555
2006-05-23,86.07836151123047,66.37999725341797,51.61841583251953,20.62794303894043
2006-05-24,86.76602935791016,64.05999755859375,51.628997802734375,20.104713439941406
2006-05-25,87.83885192871094,64.69999694824219,51.62367630004883,20.453535079956055
2006-05-26,88.28585815429688,65.0999984741211,51.84492492675781,20.6517276763916
2006-05-30,86.71794128417969,65.11000061035156,51.72904968261719,20.540740966796875
2006-05-31,87.68753814697266,64.2300033569336,51.61316680908203,20.231557846069336
2006-06-01,88.52652740478516,62.560001373291016,51.572418212890625,19.985795974731445
2006-06-02,88.71222686767578,63.5,51.969058990478516,20.382184982299805
2006-06-05,87.41936492919922,63.290000915527344,51.79983139038086,20.326690673828125
2006-06-06,87.20618438720703,62.54999923706055,51.93730926513672,20.152278900146484
2006-06-07,86.55289459228516,62.279998779296875,51.773372650146484,20.01750946044922
2006-06-08,86.47721862792969,60.90999984741211,51.94791793823242,19.80345916748047
2006-06-09,86.2021484375,60.45000076293945,52.021934509277344,19.83517074584961
2006-06-12,85.26687622070312,60.029998779296875,51.863285064697266,19.597339630126953
2006-06-13,84.27661895751953,55.91999816894531,52.01140594482422,19.06618309020996
2006-06-14,84.929931640625,55.619998931884766,51.815711975097656,19.058258056640625
2006-06-15,86.73168182373047,57.31999969482422,51.731040954589844,19.264373779296875
2006-06-16,86.09965515136719,57.68000030517578,51.699371337890625,19.30401611328125
2006-06-19,85.4227523803711,56.36000061035156,51.56181335449219,18.947267532348633
2006-06-20,85.71282958984375,57.29999923706055,51.59358596801758,19.105819702148438
2006-06-21,86.34832763671875,58.33000183105469,51.60942840576172,19.38329315185547
2006-06-22,85.9684066772461,57.72999954223633,51.38732147216797,19.3753662109375
2006-06-23,85.95457458496094,57.9900016784668,51.413753509521484,19.335723876953125
2006-06-26,86.33451843261719,58.279998779296875,51.26570510864258,19.549772262573242
2006-06-27,85.58851623535156,57.68000030517578,51.40852355957031,19.621122360229492
2006-06-28,86.16873168945312,57.540000915527344,51.355587005615234,19.541845321655273
2006-06-29,87.90934753417969,59.52000045776367,51.535396575927734,19.969940185546875
2006-06-30,87.9162826538086,61.22999954223633,51.53009796142578,20.057147979736328
2006-07-03,88.27543640136719,62.18000030517578,51.60871124267578,20.588306427001953
2006-07-05,87.77120208740234,62.5,51.4547119140625,20.429750442504883
2006-07-06,88.02679443359375,63.02000045776367,51.502540588378906,20.564523696899414
2006-07-07,87.45347595214844,62.630001068115234,51.693626403808594,20.413896560668945
2006-07-10,87.61925506591797,62.02000045776367,51.741416931152344,20.271198272705078
2006-07-11,88.00608825683594,63.810001373291016,51.826393127441406,20.71514892578125
2006-07-12,87.06663513183594,64.91999816894531,51.85826873779297,20.9212703704834
2006-07-13,85.65068817138672,65.55000305175781,51.90073013305664,20.913341522216797
2006-07-14,85.31910705566406,65.8499984741211,51.9697380065918,21.008474349975586
2006-07-17,85.19477844238281,63.95000076293945,51.85826873779297,20.532812118530273
2006-07-18,85.62995147705078,62.900001525878906,51.821041107177734,20.405969619750977
2006-07-19,86.81802368164062,64.02999877929688,52.02286911010742,20.477317810058594
2006-07-20,86.22396087646484,62.540000915527344,52.07596206665039,20.263269424438477
2006-07-21,85.61614990234375,61.709999084472656,52.044063568115234,20.207773208618164
2006-07-24,87.17723846435547,61.13999938964844,52.12378692626953,20.29498291015625
2006-07-25,87.48802185058594,61.54999923706055,52.08125686645508,20.120569229125977
2006-07-26,87.60546112060547,62.0,52.113128662109375,19.985795974731445
2006-07-27,87.52256774902344,62.900001525878906,52.19807052612305,20.374256134033203
2006-07-28,88.39979553222656,63.11000061035156,52.30956268310547,20.302906036376953
2006-07-31,88.30997467041016,63.15999984741211,52.2458610534668,20.5010986328125
2006-08-01,87.87482452392578,64.31999969482422,52.373260498046875,20.596235275268555
2006-08-02,88.46886444091797,64.75,52.39463806152344,20.873703002929688
2006-08-03,88.70368194580078,64.12000274658203,52.405250549316406,20.675512313842773
2006-08-04,88.55174255371094,64.27999877929688,52.570552825927734,20.6517276763916
2006-08-07,88.34452056884766,64.5,52.575889587402344,20.976762771606445
2006-08-08,88.00608825683594,63.970001220703125,52.575889587402344,20.683439254760742
2006-08-09,87.70903015136719,64.62999725341797,52.61851501464844,20.71514892578125
2006-08-10,87.97844696044922,63.25,52.59187698364258,20.445608139038086
2006-08-11,87.72976684570312,62.709999084472656,52.50123596191406,20.247413635253906
2006-08-14,87.79881286621094,62.25,52.442630767822266,20.057147979736328
2006-08-15,88.84877014160156,62.0099983215332,52.570552825927734,20.088855743408203
2006-08-16,89.58784484863281,62.4900016784668,52.746482849121094,19.87480926513672
2006-08-17,89.81578826904297,61.029998779296875,52.75182342529297,19.565628051757812
2006-08-18,90.27165985107422,61.040000915527344,52.7891845703125,19.668685913085938
2006-08-21,89.88485717773438,62.439998626708984,52.91710662841797,19.827241897583008
2006-08-22,89.87792205810547,62.04999923706055,52.92778015136719,19.795530319213867
2006-08-23,89.6292724609375,61.83000183105469,52.90643310546875,19.589412689208984
2006-08-24,89.55328369140625,61.75,52.901100158691406,19.87480926513672
2006-08-25,89.66382598876953,61.77000045776367,52.95446014404297,19.86688232421875
2006-08-28,90.0920639038086,61.0,52.90643310546875,19.55769920349121
2006-08-29,90.19566345214844,60.939998626708984,52.92778015136719,19.525989532470703
2006-08-30,90.2509765625,61.41999816894531,53.007774353027344,19.81931495666504
2006-08-31,90.23712921142578,62.290000915527344,53.077091217041016,19.81931495666504
2006-09-01,90.77591705322266,62.13999938964844,53.08405303955078,19.779678344726562
2006-09-05,90.94856262207031,63.36000061035156,53.01974868774414,19.747962951660156
2006-09-06,90.14732360839844,62.86000061035156,53.03055953979492,19.644906997680664
2006-09-07,89.73291778564453,61.25,53.01445388793945,19.581485748291016
2006-09-08,89.98846435546875,60.63999938964844,53.08405303955078,19.422929763793945
2006-09-11,90.0782699584961,58.5,53.04655838012695,18.971050262451172
2006-09-12,90.96241760253906,58.31999969482422,53.17498016357422,18.6697940826416
2006-09-13,91.32848358154297,58.619998931884766,53.21786880493164,18.622228622436523
2006-09-14,91.33539581298828,57.189998626708984,53.142913818359375,18.511241912841797
2006-09-15,91.5497817993164,57.400001525878906,53.12687301635742,18.455747604370117
2006-09-18,91.67463684082031,58.22999954223633,53.11613845825195,18.677724838256836
2006-09-19,91.4456787109375,56.91999816894531,53.239227294921875,18.400249481201172
2006-09-20,91.93132019042969,57.2599983215332,53.298099517822266,18.289260864257812
2006-09-21,91.48733520507812,57.95000076293945,53.528297424316406,18.606374740600586
2006-09-22,91.20986938476562,58.5,53.5604248046875,18.39232635498047
2006-09-25,91.9105453491211,58.5,53.66748809814453,18.431962966918945
2006-09-26,92.67366027832031,58.7400016784668,53.66219711303711,18.511241912841797
2006-09-27,92.78466796875,59.810001373291016,53.64068603515625,18.788711547851562
2006-09-28,92.75000762939453,59.790000915527344,53.65678024291992,18.93933868408203
2006-09-29,92.67366027832031,59.470001220703125,53.61396026611328,18.986902236938477
2006-10-02,92.3268051147461,59.150001525878906,53.66450881958008,18.780786514282227
2006-10-03,92.52102661132812,57.11000061035156,53.65373992919922,18.471601486206055
2006-10-04,93.60331726074219,56.369998931884766,53.86336135864258,18.606374740600586
2006-10-05,93.78374481201172,56.91999816894531,53.696739196777344,18.709436416625977
2006-10-06,93.66573333740234,56.9900016784668,53.497859954833984,18.780786514282227
2006-10-09,93.72125244140625,57.20000076293945,53.6107292175293,19.30401611328125
2006-10-10,93.84611511230469,57.0,53.401084899902344,18.788711547851562
2006-10-11,93.73517608642578,56.880001068115234,53.34198760986328,18.535024642944336
2006-10-12,94.54684448242188,57.4900016784668,53.395713806152344,18.741146087646484
2006-10-13,94.78964233398438,58.56999969482422,53.261383056640625,19.14546012878418
2006-10-16,94.93538665771484,59.16999816894531,53.347347259521484,19.31194305419922
2006-10-17,94.63703155517578,58.650001525878906,53.42797088623047,19.327796936035156
2006-10-18,94.76188659667969,58.59000015258789,53.492488861083984,19.01861572265625
2006-10-19,94.9145278930664,59.40999984741211,53.46559143066406,19.335723876953125
2006-10-20,94.93538665771484,58.779998779296875,53.449462890625,19.06618309020996
2006-10-23,95.3724594116211,57.7599983215332,53.29360580444336,19.105819702148438
2006-10-24,95.65690612792969,58.16999816894531,53.352699279785156,19.24059295654297
2006-10-25,95.98294067382812,58.7599983215332,53.48170852661133,19.581485748291016
2006-10-26,96.2812728881836,59.290000915527344,53.66450881958008,19.446712493896484
2006-10-27,95.67772674560547,59.400001525878906,53.7719841003418,19.50221061706543
2006-10-30,95.60829162597656,59.900001525878906,53.782745361328125,19.296085357666016
2006-10-31,95.59442138671875,60.2400016784668,53.981624603271484,19.17717170715332
2006-11-01,94.94921112060547,61.36000061035156,54.07444763183594,19.422929763793945
2006-11-02,94.8936996459961,61.91999816894531,54.01508712768555,19.280231475830078
2006-11-03,94.72722625732422,62.29999923706055,53.73439407348633,19.518064498901367
2006-11-06,95.79566955566406,61.88999938964844,53.73439407348633,19.858951568603516
2006-11-07,96.16329956054688,62.040000915527344,53.86936569213867,19.81138801574707
2006-11-08,96.3714599609375,61.11000061035156,54.01508712768555,19.7876033782959
2006-11-09,95.86502075195312,62.95000076293945,54.031246185302734,20.049219131469727
2006-11-10,95.90666198730469,62.4900016784668,54.149993896484375,19.62904930114746
2006-11-13,96.14254760742188,62.189998626708984,54.08525466918945,19.48634910583496
2006-11-14,96.8640365600586,61.630001068115234,54.16084289550781,19.541845321655273
2006-11-15,97.14152526855469,61.84000015258789,54.05824279785156,19.692472457885742
2006-11-16,97.39131927490234,61.310001373291016,54.00971603393555,19.20095443725586
2006-11-17,97.41905975341797,61.779998779296875,54.149993896484375,19.43878936767578
2006-11-20,97.47454071044922,61.77000045776367,54.18779754638672,19.367433547973633
2006-11-21,97.57170104980469,62.27000045776367,54.257972717285156,19.549772262573242
2006-11-22,97.76595306396484,62.5,54.33358383178711,19.621122360229492
2006-11-24,97.37049865722656,63.5,54.3497200012207,19.89066505432129
2006-11-27,96.03153991699219,63.70000076293945,54.32276916503906,19.94615936279297
2006-11-28,96.44782257080078,63.56999969482422,54.468502044677734,20.00165367126465
2006-11-29,97.45372009277344,63.15999984741211,54.38747787475586,20.255340576171875
2006-11-30,97.49539947509766,64.38999938964844,54.554840087890625,20.43767738342285
2006-12-01,97.28031158447266,64.12000274658203,54.65673065185547,20.429750442504883
2006-12-04,98.0226058959961,64.12000274658203,54.710872650146484,20.33462142944336
2006-12-05,98.44581604003906,63.810001373291016,54.678382873535156,20.398042678833008
2006-12-06,98.3625717163086,62.689998626708984,54.635032653808594,20.128494262695312
2006-12-07,97.93244934082031,62.72999954223633,54.586307525634766,20.057147979736328
2006-12-08,98.11284637451172,62.04999923706055,54.4724235534668,19.89859390258789
2006-12-11,98.39727020263672,62.56999969482422,54.4616813659668,19.930301666259766
2006-12-12,98.3209228515625,62.52000045776367,54.613426208496094,19.89859390258789
2006-12-13,98.42501831054688,62.47999954223633,54.445350646972656,19.90652084350586
2006-12-14,99.29227447509766,62.119998931884766,54.369510650634766,20.136425018310547
2006-12-15,99.30130767822266,61.0,54.35866165161133,20.231557846069336
2006-12-18,99.02922821044922,61.040000915527344,54.391204833984375,19.874195098876953
2006-12-19,99.21761322021484,61.79999923706055,54.42914581298828,20.109729766845703
2006-12-20,99.16175079345703,61.619998931884766,54.407470703125,20.150339126586914
2006-12-21,98.79901123046875,61.380001068115234,54.51581573486328,19.947294235229492
2006-12-22,98.19206237792969,61.650001525878906,54.467098236083984,20.101608276367188
2006-12-26,98.77112579345703,61.97999954223633,54.45083236694336,19.79297637939453
2006-12-27,99.41987609863281,62.220001220703125,54.30339813232422,19.73612403869629
2006-12-28,99.21057891845703,62.900001525878906,54.23271179199219,19.8823184967041
2006-12-29,98.79901123046875,63.209999084472656,54.22724151611328,19.96353530883789
2007-01-03,98.62460327148438,62.279998779296875,54.34153747558594,19.33003044128418
2007-01-04,98.83390808105469,61.650001525878906,54.45571517944336,18.826475143432617
2007-01-05,98.04557037353516,60.16999816894531,54.41763687133789,18.76150131225586
2007-01-08,98.4990234375,60.47999954223633,54.450294494628906,18.858963012695312
2007-01-09,98.41529846191406,60.849998474121094,54.450294494628906,18.69652557373047
2007-01-10,98.74317932128906,60.59000015258789,54.390419006347656,18.42038345336914
2007-01-11,99.17572784423828,60.630001068115234,54.28709411621094,18.39601707458496
2007-01-12,99.9291763305664,62.16999816894531,54.21096420288086,18.826475143432617
2007-01-16,99.73384857177734,61.970001220703125,54.28162384033203,18.39601707458496
2007-01-17,99.77571868896484,62.63999938964844,54.249000549316406,18.558456420898438
2007-01-18,99.44083404541016,62.2599983215332,54.32514190673828,18.3635311126709
2007-01-19,99.63617706298828,63.0,54.30339813232422,18.63967514038086
2007-01-22,99.3292236328125,62.720001220703125,54.33058547973633,18.655916213989258
2007-01-23,99.62217712402344,64.2300033569336,54.22724151611328,19.24881362915039
2007-01-24,100.42449188232422,64.33000183105469,54.21096420288086,19.086376190185547
2007-01-25,99.2454833984375,64.05999755859375,54.14023208618164,18.91581916809082
2007-01-26,99.1547622680664,64.16999816894531,54.13475799560547,19.151350021362305
2007-01-29,99.09896850585938,63.77000045776367,54.064083099365234,18.76150131225586
2007-01-30,99.6152114868164,64.22000122070312,54.14568328857422,19.281299591064453
2007-01-31,100.28492736816406,64.83000183105469,54.189170837402344,19.484346389770508
2007-02-01,100.88494110107422,65.22000122070312,54.2181510925293,19.4112491607666
2007-02-02,101.02446746826172,64.27999877929688,54.29458236694336,19.663028717041016
2007-02-05,101.05233001708984,64.30999755859375,54.38190841674805,19.598051071166992
2007-02-06,101.08025360107422,64.79000091552734,54.48572540283203,19.500591278076172
2007-02-07,101.30350494384766,64.62999725341797,54.551246643066406,19.265058517456055
2007-02-08,101.17095184326172,65.5199966430664,54.58399200439453,19.711763381958008
2007-02-09,100.41748809814453,66.12000274658203,54.458404541015625,19.833585739135742
2007-02-12,100.0757064819336,65.66999816894531,54.40375900268555,19.459980010986328
2007-02-13,100.91984558105469,65.83999633789062,54.398311614990234,19.817340850830078
2007-02-14,101.58256530761719,66.37000274658203,54.605796813964844,19.549320220947266
2007-02-15,101.71508026123047,66.41000366210938,54.68230438232422,19.549320220947266
2007-02-16,101.66630554199219,66.36000061035156,54.72050857543945,19.890439987182617
2007-02-20,101.8825454711914,65.30999755859375,54.74781036376953,19.6711483001709
2007-02-21,101.84072875976562,67.3499984741211,54.74233627319336,20.093486785888672
2007-02-22,101.76396179199219,67.1500015258789,54.63311767578125,20.369630813598633
2007-02-23,101.36630249023438,67.72000122070312,54.76420593261719,20.49957847595215
2007-02-26,101.27559661865234,68.0999984741211,54.88431167602539,20.556434631347656
2007-02-27,97.32001495361328,65.41000366210938,55.108177185058594,20.166584014892578
2007-02-28,98.31761169433594,66.4800033569336,55.069950103759766,20.47521209716797
2007-03-01,98.02461242675781,65.81999969482422,55.06121826171875,20.32901954650879
2007-03-02,96.74095916748047,63.709999084472656,55.17634582519531,20.14221954345703
2007-03-05,95.82011413574219,62.93000030517578,55.143497467041016,19.84170913696289
2007-03-06,97.45956420898438,64.1500015258789,55.1050910949707,20.028507232666016
2007-03-07,97.36184692382812,64.30000305175781,55.14891052246094,20.30465316772461
2007-03-08,98.18505859375,64.4800033569336,55.09959030151367,20.33714485168457
2007-03-09,98.21296691894531,64.25,54.94608688354492,20.069122314453125
2007-03-12,98.35948181152344,64.37000274658203,55.11598205566406,19.8823184967041
2007-03-13,96.44799041748047,63.720001220703125,55.258548736572266,19.728002548217773
2007-03-14,97.16650390625,63.939998626708984,55.192771911621094,19.768611907958984
2007-03-15,97.29906463623047,63.97999954223633,55.132442474365234,19.646785736083984
2007-03-16,97.02664184570312,64.62000274658203,55.1379508972168,19.695518493652344
2007-03-19,98.1962890625,64.73999786376953,55.09959030151367,19.79297637939453
2007-03-20,98.73558807373047,65.2699966430664,55.154441833496094,19.817340850830078
2007-03-21,100.36052703857422,65.81999969482422,55.22560119628906,19.84983253479004
2007-03-22,100.28348541259766,65.76000213623047,55.1214714050293,20.174705505371094
2007-03-23,100.43061065673828,65.1500015258789,55.04473876953125,20.18282699584961
2007-03-26,100.2975082397461,65.83999633789062,55.01184844970703,20.272167205810547
2007-03-27,100.0593490600586,65.69999694824219,55.022804260253906,20.32901954650879
2007-03-28,99.33092498779297,66.05000305175781,55.05023193359375,20.523944854736328
2007-03-29,99.43603515625,65.6500015258789,54.96254348754883,20.92191505432129
2007-03-30,99.45700073242188,65.73999786376953,54.96254348754883,20.613285064697266
2007-04-02,99.569091796875,65.8499984741211,55.033485412597656,20.41023826599121
2007-04-03,100.64068603515625,65.83000183105469,54.978515625,20.32901954650879
2007-04-04,100.75277709960938,66.80999755859375,55.03900909423828,20.556434631347656
2007-04-05,101.02587890625,66.86000061035156,54.98950958251953,20.597043991088867
2007-04-09,101.16594696044922,66.52999877929688,54.78038024902344,20.385875701904297
2007-04-10,101.28507995605469,67.16000366210938,54.86289596557617,20.67013931274414
2007-04-11,100.87187194824219,67.08000183105469,54.829864501953125,20.637649536132812
2007-04-12,101.32014465332031,66.98999786376953,54.89597702026367,20.759479522705078
2007-04-13,101.78236389160156,67.83999633789062,54.807861328125,20.873188018798828
2007-04-16,102.74891662597656,68.4000015258789,54.917972564697266,20.71074867248535
2007-04-17,103.0220718383789,68.0,55.077518463134766,20.49957847595215
2007-04-18,103.14810180664062,68.37999725341797,55.16010665893555,20.507701873779297
2007-04-19,103.1200942993164,67.52999877929688,55.13809585571289,20.450849533081055
2007-04-20,104.09366607666016,68.69999694824219,55.110595703125,20.7351131439209
2007-04-23,103.70146942138672,68.26000213623047,55.165618896484375,20.873188018798828
2007-04-24,103.743408203125,67.7300033569336,55.19314956665039,20.58892059326172
2007-04-25,104.6960220336914,67.88999938964844,55.21513748168945,20.995012283325195
2007-04-26,104.81509399414062,66.87000274658203,55.110595703125,20.848819732666016
2007-04-27,104.73104095458984,67.55999755859375,55.09959411621094,20.95440101623535
2007-04-30,103.86251068115234,67.08999633789062,55.28668212890625,20.767601013183594
2007-05-01,104.12873840332031,66.69000244140625,55.25465774536133,20.808210372924805
2007-05-02,104.73804473876953,66.66000366210938,55.271236419677734,20.645776748657227
2007-05-03,105.30538940429688,67.48999786376953,55.210411071777344,20.743236541748047
2007-05-04,105.70459747314453,68.19000244140625,55.28226089477539,20.702627182006836
2007-05-07,105.72559356689453,68.25,55.33750534057617,20.60516357421875
2007-05-08,105.5855484008789,67.87999725341797,55.276737213134766,20.47521209716797
2007-05-09,105.87271881103516,67.44999694824219,55.210411071777344,20.369630813598633
2007-05-10,104.76604461669922,66.0,55.30435562133789,20.28841209411621
2007-05-11,105.66260528564453,66.44999694824219,55.19388961791992,20.58892059326172
2007-05-14,105.43144989013672,66.27999877929688,55.20491409301758,20.515823364257812
2007-05-15,105.45945739746094,66.54000091552734,55.18284225463867,20.718868255615234
2007-05-16,106.18085479736328,65.5999984741211,55.19388961791992,20.515823364257812
2007-05-17,105.97076416015625,65.05999755859375,55.09994888305664,20.686382293701172
2007-05-18,106.89530181884766,65.5199966430664,54.93971633911133,20.65389633178711
2007-05-21,106.83930206298828,65.66999816894531,55.05023956298828,20.85694122314453
2007-05-22,106.75515747070312,65.19999694824219,54.93971633911133,20.556434631347656
2007-05-23,106.76923370361328,65.54000091552734,54.89560317993164,20.65389633178711
2007-05-24,105.80272674560547,64.75,54.917633056640625,20.540189743041992
2007-05-25,106.24393463134766,64.94000244140625,54.89004898071289,20.791967391967773
2007-05-29,106.62913513183594,65.06999969482422,54.83476257324219,20.33714485168457
2007-05-30,107.49762725830078,64.72000122070312,54.90104675292969,20.53206443786621
2007-05-31,107.38555908203125,65.54000091552734,54.77953338623047,20.718868255615234
2007-06-01,107.91786193847656,66.44000244140625,54.72291946411133,20.873188018798828
2007-06-04,107.9318618774414,66.54000091552734,54.78950881958008,21.05998992919922
2007-06-05,107.50466918945312,66.37000274658203,54.63418197631836,20.97876739501953
2007-06-06,106.34893798828125,66.41000366210938,54.65639114379883,20.970645904541016
2007-06-07,104.42987060546875,65.26000213623047,54.27910614013672,21.076234817504883
2007-06-08,105.78861999511719,64.22000122070312,54.212501525878906,20.702627182006836
2007-06-11,105.97076416015625,64.69999694824219,54.2513542175293,21.100597381591797
2007-06-12,104.81509399414062,64.0999984741211,53.92952346801758,21.043746948242188
2007-06-13,106.3840103149414,64.52999877929688,54.01275634765625,21.311765670776367
2007-06-14,107.06338500976562,64.5999984741211,54.11815643310547,21.514814376831055
2007-06-15,107.67253112792969,64.8499984741211,54.31237030029297,21.644760131835938
2007-06-18,107.54591369628906,64.94999694824219,54.35123062133789,21.644760131835938
2007-06-19,107.81316375732422,65.4800033569336,54.523216247558594,21.433591842651367
2007-06-20,106.3149642944336,64.70999908447266,54.35676956176758,21.457956314086914
2007-06-21,106.90583038330078,64.55999755859375,54.290130615234375,21.360496520996094
2007-06-22,105.89990234375,64.77999877929688,54.417789459228516,21.311765670776367
2007-06-25,105.39346313476562,64.43000030517578,54.46773147583008,21.230546951293945
2007-06-26,104.31019592285156,63.619998931884766,54.40114974975586,20.98689079284668
2007-06-27,105.79437255859375,63.66999816894531,54.50656509399414,20.95440101623535
2007-06-28,105.78036499023438,64.26000213623047,54.46773147583008,20.889429092407227
2007-06-29,105.81549072265625,64.2699966430664,54.573150634765625,20.873188018798828
2007-07-02,106.77222442626953,65.0199966430664,54.71860122680664,21.00313377380371
2007-07-03,107.15907287597656,64.73999786376953,54.65727996826172,21.027502059936523
2007-07-05,107.04650115966797,64.41999816894531,54.42882537841797,21.222423553466797
2007-07-06,107.60926818847656,64.95999908447266,54.33406448364258,21.401107788085938
2007-07-09,107.69371032714844,65.37999725341797,54.42882537841797,21.352375030517578
2007-07-10,106.16021728515625,65.61000061035156,54.66285705566406,21.506689071655273
2007-07-11,106.91287994384766,65.44000244140625,54.5402717590332,21.555421829223633
2007-07-12,108.60106658935547,66.0199966430664,54.484535217285156,21.612274169921875
2007-07-13,108.92462921142578,66.02999877929688,54.55141067504883,21.644760131835938
2007-07-16,108.91057586669922,65.81999969482422,54.66285705566406,21.263036727905273
2007-07-17,108.854248046875,65.75,54.56258773803711,21.133087158203125
2007-07-18,108.65735626220703,66.62000274658203,54.70186233520508,21.376741409301758
2007-07-19,109.0793685913086,67.01000213623047,54.70186233520508,21.44983673095703
2007-07-20,107.97503662109375,67.58000183105469,54.83000946044922,21.441713333129883
2007-07-23,108.3055648803711,67.47000122070312,54.79658126831055,21.344257354736328
2007-07-24,106.42748260498047,67.47000122070312,54.90803527832031,21.18181610107422
2007-07-25,106.64552307128906,66.9000015258789,54.87461853027344,21.368616104125977
2007-07-26,104.1202621459961,65.6500015258789,55.06964874267578,21.141206741333008
2007-07-27,102.07331848144531,65.41000366210938,55.013919830322266,21.344257354736328
2007-07-30,103.67010498046875,65.7699966430664,54.98603439331055,21.100597381591797
2007-07-31,102.50244140625,65.79000091552734,55.1588134765625,21.27115821838379
2007-08-01,103.00179290771484,65.93000030517578,55.03062438964844,21.238666534423828
2007-08-02,103.82482147216797,65.88999938964844,55.00263977050781,21.27115821838379
2007-08-03,101.15180969238281,66.69000244140625,55.243316650390625,21.035621643066406
2007-08-06,102.84711456298828,66.5199966430664,55.153724670410156,20.743236541748047
2007-08-07,103.94441223144531,66.4800033569336,55.114585876464844,20.85694122314453
2007-08-08,105.39346313476562,66.7699966430664,55.047393798828125,20.82445526123047
2007-08-09,102.27027893066406,65.45999908447266,55.114585876464844,20.66201400756836
2007-08-10,101.79198455810547,66.56999969482422,54.92989730834961,20.7351131439209
2007-08-13,102.15772247314453,66.26000213623047,55.03062438964844,20.58892059326172
2007-08-14,100.59617614746094,66.29000091552734,55.181724548339844,20.65389633178711
2007-08-15,99.21038818359375,66.12999725341797,55.25450134277344,20.808210372924805
2007-08-16,99.95601654052734,64.68000030517578,55.220848083496094,20.450849533081055
2007-08-17,101.79198455810547,65.01000213623047,55.34403991699219,20.43460464477539
2007-08-20,101.74272155761719,65.12000274658203,55.293643951416016,20.491456985473633
2007-08-21,101.94670867919922,65.06999969482422,55.55108642578125,20.45897102355957
2007-08-22,103.15662384033203,65.4000015258789,55.506317138671875,20.507701873779297
2007-08-23,103.06515502929688,65.30999755859375,55.57355880737305,20.572677612304688
2007-08-24,104.33832550048828,66.11000061035156,55.43362045288086,20.81633186340332
2007-08-27,103.36759948730469,65.9800033569336,55.60145568847656,20.840700149536133
2007-08-28,101.09557342529297,65.58999633789062,55.825321197509766,20.621410369873047
2007-08-29,103.0792236328125,66.06999969482422,55.713417053222656,20.81633186340332
2007-08-30,102.80485534667969,65.80000305175781,55.8309211730957,20.85694122314453
2007-08-31,103.81783294677734,66.5199966430664,55.864505767822266,20.86506462097168
2007-09-04,104.86587524414062,67.44000244140625,55.80210494995117,21.100597381591797
2007-09-05,103.9584732055664,67.55999755859375,55.981956481933594,21.141206741333008
2007-09-06,104.1976318359375,68.86000061035156,55.97074508666992,21.05998992919922
2007-09-07,102.74864959716797,69.38999938964844,56.3192024230957,21.198060989379883
2007-09-10,102.55160522460938,69.62000274658203,56.454124450683594,21.344257354736328
2007-09-11,103.74748229980469,70.5199966430664,56.35293960571289,21.39298439025879
2007-09-12,104.01468658447266,70.45999908447266,56.274269104003906,21.620397567749023
2007-09-13,104.74630737304688,70.08000183105469,56.111228942871094,21.457956314086914
2007-09-14,104.73930358886719,69.98999786376953,56.150611877441406,21.47420310974121
2007-09-17,104.17655181884766,70.97000122070312,56.17308807373047,21.725980758666992
2007-09-18,107.24345397949219,71.69999694824219,56.291114807128906,21.807199478149414
2007-09-19,107.8765640258789,71.43000030517578,56.27983474731445,21.994003295898438
2007-09-20,107.11682891845703,72.72000122070312,55.880794525146484,22.335121154785156
2007-09-21,107.40593719482422,72.33999633789062,56.0438232421875,22.489437103271484
2007-09-24,107.20808410644531,72.27999877929688,56.049407958984375,22.44882583618164
2007-09-25,106.99598693847656,72.33000183105469,56.09437942504883,22.286388397216797
2007-09-26,107.5614013671875,72.0,56.03819274902344,22.318876266479492
2007-09-27,108.19747924804688,72.69999694824219,56.13374710083008,22.903650283813477
2007-09-28,107.83707427978516,73.51000213623047,56.218040466308594,22.830556869506836
2007-10-01,109.05268859863281,73.9000015258789,56.02839279174805,22.59501838684082
2007-10-02,108.90422821044922,72.3499984741211,56.242916107177734,22.140195846557617
2007-10-03,108.68513488769531,71.9000015258789,56.2711067199707,22.164560317993164
2007-10-04,108.8547592163086,72.87000274658203,56.24851608276367,22.473194122314453
2007-10-05,110.14813995361328,73.4000015258789,55.80266571044922,22.538166046142578
2007-10-08,109.56153869628906,72.52999877929688,56.242916107177734,22.06709861755371
2007-10-09,110.59339141845703,73.08999633789062,56.1243782043457,22.221416473388672
2007-10-10,110.40966033935547,73.36000061035156,56.197750091552734,22.481313705444336
2007-10-11,109.8795166015625,73.91000366210938,56.237220764160156,22.733091354370117
2007-10-12,110.48734283447266,74.58999633789062,56.1299934387207,22.838674545288086
2007-10-15,109.55447387695312,75.13999938964844,56.14693832397461,23.228525161743164
2007-10-16,108.68513488769531,75.12000274658203,56.237220764160156,23.25288963317871
2007-10-17,109.0173110961914,74.5,56.42909240722656,23.13106346130371
2007-10-18,108.62151336669922,76.0,56.59281921386719,23.54527473449707
2007-10-19,105.78036499023438,75.69999694824219,56.852439880371094,23.480300903320312
2007-10-22,106.39522552490234,74.5999984741211,56.83556365966797,23.415328979492188
2007-10-23,107.25746154785156,75.2300033569336,56.818580627441406,23.25288963317871
2007-10-24,107.05958557128906,75.5199966430664,57.06689453125,23.334110260009766
2007-10-25,107.31402587890625,76.02999877929688,56.920162200927734,23.87827491760254
2007-10-26,108.57202911376953,77.69000244140625,56.869346618652344,24.243757247924805
2007-10-29,108.93251037597656,78.12000274658203,56.869346618652344,24.641727447509766
2007-10-30,108.17630767822266,77.3499984741211,56.942691802978516,24.08944320678711
2007-10-31,109.30001831054688,78.62000274658203,56.78468704223633,24.771677017211914
2007-11-01,106.74154663085938,77.93000030517578,56.92470169067383,24.454925537109375
2007-11-02,106.86167907714844,79.83000183105469,56.987037658691406,24.98284912109375
2007-11-05,106.04895782470703,79.75,56.936038970947266,24.82040786743164
2007-11-06,107.4765396118164,81.43000030517578,56.862335205078125,25.47015953063965
2007-11-07,104.53646850585938,82.23999786376953,56.873680114746094,25.340211868286133
2007-11-08,104.00643920898438,82.2300033569336,56.930355072021484,25.27523422241211
2007-11-09,102.5787582397461,82.18000030517578,57.128753662109375,25.267112731933594
2007-11-12,101.56101989746094,78.30000305175781,57.04941177368164,24.714826583862305
2007-11-13,104.6565933227539,79.12000274658203,57.055076599121094,24.243757247924805
2007-11-14,104.36690521240234,80.27999877929688,57.032405853271484,24.787921905517578
2007-11-15,102.86145782470703,77.94999694824219,57.276123046875,24.544267654418945
2007-11-16,103.03813934326172,77.75,57.23637008666992,24.625484466552734
2007-11-19,101.60340118408203,77.23999786376953,57.36110305786133,24.81229019165039
2007-11-20,102.22538757324219,79.47000122070312,57.242103576660156,25.429550170898438
2007-11-21,100.13336944580078,79.36000061035156,57.67848205566406,25.4620361328125
2007-11-23,101.86492156982422,81.25,57.38375473022461,25.697572708129883
2007-11-26,99.61744689941406,81.30000305175781,57.905189514160156,25.380817413330078
2007-11-27,100.76236724853516,80.0999984741211,57.667118072509766,25.177770614624023
2007-11-28,103.9852523803711,79.56999969482422,57.525447845458984,24.869140625
2007-11-29,104.0205307006836,78.27999877929688,57.689842224121094,24.925994873046875
2007-11-30,105.0665283203125,77.31999969482422,57.808860778808594,24.61736297607422
2007-12-03,104.37396240234375,78.27999877929688,58.11444854736328,24.796045303344727
2007-12-04,103.4410171508789,79.4000015258789,57.89246368408203,24.909748077392578
2007-12-05,105.17255401611328,78.62999725341797,57.78437042236328,24.72294807434082
2007-12-06,106.67794036865234,79.37000274658203,57.72175216674805,25.16965103149414
2007-12-07,106.65673828125,78.5999984741211,57.39175796508789,25.08843231201172
2007-12-10,107.48363494873047,80.0,57.277950286865234,25.072189331054688
2007-12-11,104.53646850585938,78.83999633789062,57.55671691894531,25.291475296020508
2007-12-12,105.56837463378906,80.48999786376953,57.49984359741211,25.981836318969727
2007-12-13,105.34927368164062,78.5,57.277950286865234,25.705692291259766
2007-12-14,104.01348114013672,78.5199966430664,57.118595123291016,25.52701187133789
2007-12-17,102.529296875,78.12999725341797,57.20396041870117,25.402164459228516
2007-12-18,103.10175323486328,79.25,57.50558090209961,25.293964385986328
2007-12-19,103.10175323486328,79.23999786376953,57.62506103515625,25.535335540771484
2007-12-20,103.75199890136719,78.66999816894531,57.57379913330078,25.427135467529297
2007-12-21,105.24758911132812,80.0999984741211,57.323448181152344,25.726764678955078
2007-12-24,106.02914428710938,80.13999938964844,57.340538024902344,25.918195724487305
2007-12-26,106.25650024414062,81.5199966430664,57.16413879394531,26.226154327392578
2007-12-27,104.9207992553711,81.55999755859375,57.477783203125,26.31770896911621
2007-12-28,104.65784454345703,83.0,57.786319732666016,26.234477996826172
2007-12-31,103.88343811035156,82.45999908447266,57.8034782409668,26.26776885986328
2008-01-02,102.97398376464844,84.86000061035156,58.077720642089844,26.99188232421875
2008-01-03,102.92424011230469,85.56999969482422,58.23197555541992,27.19995880126953
2008-01-04,100.40191650390625,85.12999725341797,58.35200119018555,27.04182243347168
2008-01-07,100.3166732788086,84.7699966430664,58.4262580871582,26.55075454711914
2008-01-08,98.69670104980469,86.77999877929688,58.57481002807617,26.79212760925293
2008-01-09,99.73407745361328,86.55000305175781,58.43769073486328,26.525787353515625
2008-01-10,100.38771057128906,88.25,58.317684173583984,26.400941848754883
2008-01-11,99.5777359008789,88.58000183105469,58.569061279296875,26.642305374145508
2008-01-14,100.38059997558594,89.54000091552734,58.61482238769531,26.975234985351562
2008-01-15,98.1709213256836,87.98999786376953,58.826229095458984,26.642305374145508
2008-01-16,97.32540893554688,86.69999694824219,58.649085998535156,26.392616271972656
2008-01-17,94.80311584472656,86.5,59.003318786621094,26.051366806030273
2008-01-18,93.82975006103516,87.41999816894531,58.99186325073242,26.151247024536133
2008-01-22,92.87763214111328,88.16999816894531,59.08327102661133,26.0596923828125
2008-01-23,95.1086196899414,87.88999938964844,58.90620040893555,25.568626403808594
2008-01-24,95.91151428222656,90.08000183105469,58.757659912109375,26.20118522644043
2008-01-25,94.52606201171875,90.30000305175781,58.8604736328125,26.783802032470703
2008-01-28,96.08915710449219,91.75,58.974708557128906,26.90865135192871
2008-01-29,96.56519317626953,91.1500015258789,58.791866302490234,27.133371353149414
2008-01-30,95.85466766357422,92.05999755859375,58.883358001708984,26.900327682495117
2008-01-31,97.6025161743164,91.4000015258789,59.14039611816406,27.033496856689453
2008-02-01,99.17278289794922,89.3499984741211,59.08019256591797,26.559080123901367
2008-02-04,97.92227935791016,89.0999984741211,59.0457878112793,27.025177001953125
2008-02-05,95.30049896240234,87.68000030517578,59.22933578491211,26.800451278686523
2008-02-06,94.53314208984375,88.94999694824219,59.18344497680664,26.675601959228516
2008-02-07,95.15841674804688,89.8499984741211,58.66143798828125,27.00020408630371
2008-02-08,94.54731750488281,91.0,58.942508697509766,27.80754852294922
2008-02-11,95.03047180175781,91.33000183105469,59.06871795654297,27.990659713745117
2008-02-12,95.91151428222656,89.33000183105469,59.0457878112793,27.424684524536133
2008-02-13,96.89205932617188,89.44000244140625,58.69581985473633,27.64940643310547
2008-02-14,96.03938293457031,89.70999908447266,58.51230239868164,28.207056045532227
2008-02-15,96.01810455322266,89.1500015258789,58.483585357666016,28.07388687133789
2008-02-19,96.28809356689453,91.58000183105469,58.2025260925293,28.98943328857422
2008-02-20,96.572265625,93.23999786376953,58.11071014404297,29.139245986938477
2008-02-21,95.7693862915039,93.25,58.58688735961914,28.981107711791992
2008-02-22,96.35910034179688,93.38999938964844,58.2771110534668,29.380617141723633
2008-02-25,97.57410430908203,92.73999786376953,58.07056427001953,29.663602828979492
2008-02-26,98.30589294433594,93.70999908447266,58.35165023803711,30.29615592956543
2008-02-27,98.20648193359375,94.77999877929688,58.47214889526367,30.254541397094727
2008-02-28,97.24725341796875,95.98999786376953,58.822017669677734,30.545856475830078
2008-02-29,95.08021545410156,96.18000030517578,59.0457878112793,30.046464920043945
2008-03-03,94.85286712646484,97.23999786376953,59.03597640991211,30.487592697143555
2008-03-04,94.49052429199219,95.18000030517578,58.782623291015625,30.37939453125
2008-03-05,95.08729553222656,97.72000122070312,58.408348083496094,31.045242309570312
2008-03-06,93.11924743652344,96.5,58.321998596191406,31.278287887573242
2008-03-07,92.16002655029297,96.08999633789062,58.500511169433594,30.96200942993164
2008-03-10,90.9450454711914,95.87000274658203,58.8113899230957,31.54463005065918
2008-03-11,94.21340942382812,95.98999786376953,58.45443344116211,32.03568649291992
2008-03-12,93.33236694335938,97.01000213623047,59.05326843261719,32.38526916503906
2008-03-13,93.53841400146484,98.33999633789062,58.79996109008789,32.418556213378906
2008-03-14,92.0889892578125,98.70999908447266,59.0474853515625,32.37694549560547
2008-03-17,91.15821838378906,99.16999816894531,59.30086135864258,31.07853126525879
2008-03-18,94.94525909423828,96.5,59.162662506103516,31.76935386657715
2008-03-19,92.59343719482422,93.04000091552734,59.34117126464844,30.396034240722656
2008-03-20,94.30851745605469,89.91000366210938,59.548439025878906,29.172536849975586
2008-03-24,96.19352722167969,90.0999984741211,59.11082458496094,29.70522117614746
2008-03-25,96.28641510009766,92.7300033569336,59.2202262878418,30.004846572875977
2008-03-26,95.10823822021484,93.80000305175781,59.0474853515625,30.903749465942383
2008-03-27,94.808349609375,93.45999908447266,59.0705680847168,31.244997024536133
2008-03-28,93.90152740478516,91.87999725341797,59.21452713012695,30.504240036010742
2008-03-31,94.22998809814453,90.41000366210938,59.122291564941406,29.771804809570312
2008-04-01,97.54308319091797,86.86000061035156,58.72060012817383,29.6053409576416
2008-04-02,97.60734558105469,89.2699966430664,58.74943542480469,30.487592697143555
2008-04-03,97.85008239746094,89.41999816894531,58.934513092041016,30.654052734375
2008-04-04,97.74298858642578,90.25,59.235084533691406,30.870458602905273
2008-04-07,97.79299926757812,91.16999816894531,59.22929763793945,31.203384399414062
2008-04-08,97.69303894042969,90.3499984741211,59.2235107421875,31.328224182128906
2008-04-09,96.98613739013672,92.29000091552734,59.48371505737305,31.85258674621582
2008-04-10,97.121826171875,91.7699966430664,59.298675537109375,31.711084365844727
2008-04-11,95.23677062988281,91.30000305175781,59.42587661743164,31.586246490478516
2008-04-14,94.91548156738281,91.11000061035156,59.3564567565918,31.802644729614258
2008-04-15,95.13681030273438,91.66000366210938,59.03857421875,32.18550491333008
2008-04-16,97.71444702148438,93.2699966430664,58.82461929321289,32.49346160888672
2008-04-17,97.85722351074219,92.55999755859375,58.813026428222656,32.34364700317383
2008-04-18,98.87828826904297,90.62000274658203,58.969146728515625,32.36029052734375
2008-04-21,98.92826843261719,90.25,58.974876403808594,32.401912689208984
2008-04-22,98.49272155761719,90.2699966430664,59.06166076660156,32.601661682128906
2008-04-23,98.33562469482422,89.22000122070312,59.00386428833008,32.29370880126953
2008-04-24,98.76405334472656,87.22000122070312,58.78417205810547,31.75270652770996
2008-04-25,99.67801666259766,87.2699966430664,58.72635269165039,32.335323333740234
2008-04-28,99.69943237304688,87.69000244140625,58.87091064453125,32.41023254394531
2008-04-29,99.30675506591797,85.80999755859375,58.95758819580078,31.627859115600586
2008-04-30,98.72118377685547,86.6500015258789,59.316043853759766,31.569595336914062
2008-05-01,100.76333618164062,83.98999786376953,59.21510696411133,30.837160110473633
2008-05-02,101.04177856445312,84.58000183105469,59.11651611328125,31.619537353515625
2008-05-05,100.55628204345703,86.2699966430664,59.139705657958984,32.27706527709961
2008-05-06,101.4273681640625,86.62999725341797,58.94828796386719,32.70154571533203
2008-05-07,99.62090301513672,85.81999969482422,59.11651611328125,32.75980758666992
2008-05-08,99.36381530761719,87.23999786376953,59.26728820800781,33.292484283447266
2008-05-09,99.17817687988281,87.41999816894531,59.29047775268555,33.80851364135742
2008-05-12,100.29209899902344,86.98999786376953,59.186161041259766,33.23422622680664
2008-05-13,100.30635070800781,85.38999938964844,58.84974670410156,33.417335510253906
2008-05-14,100.51343536376953,85.19999694824219,58.93673324584961,32.8763313293457
2008-05-15,101.77012634277344,87.0,59.24989700317383,33.25086975097656
2008-05-16,101.86292266845703,89.0999984741211,59.10493087768555,33.73360824584961
2008-05-19,102.14136505126953,89.38999938964844,59.203495025634766,33.78355026245117
2008-05-20,101.3131332397461,90.9000015258789,59.331085205078125,34.24964141845703
2008-05-21,99.59947204589844,91.95999908447266,59.24989700317383,35.248416900634766
2008-05-22,99.61375427246094,90.9800033569336,58.896114349365234,34.7407112121582
2008-05-23,98.27850341796875,91.2300033569336,59.12234878540039,34.80728530883789
2008-05-27,99.00679016113281,89.36000061035156,58.7917366027832,34.24964141845703
2008-05-28,99.46381378173828,89.13999938964844,58.51914596557617,34.46604537963867
2008-05-29,99.96360778808594,86.51000213623047,58.35672378540039,33.52553176879883
2008-05-30,100.21356964111328,87.44999694824219,58.565521240234375,33.75025177001953
2008-06-02,99.17817687988281,87.95999908447266,58.783329010009766,34.19969940185547
2008-06-03,98.5998306274414,86.87999725341797,58.89396286010742,33.39236068725586
2008-06-04,98.54984283447266,86.6500015258789,58.68433380126953,32.89297103881836
2008-06-05,100.5205078125,86.44999694824219,58.46892166137695,34.141448974609375
2008-06-06,97.31456756591797,89.05999755859375,58.794944763183594,35.0153694152832
2008-06-09,97.55020141601562,87.98999786376953,58.49800109863281,35.37326431274414
2008-06-10,97.06466674804688,85.55000305175781,58.189449310302734,35.23176956176758
2008-06-11,95.63664245605469,87.0199966430664,58.26512145996094,36.53017807006836
2008-06-12,96.00079345703125,85.5999984741211,57.90410232543945,36.521854400634766
2008-06-13,97.21465301513672,85.83000183105469,57.758583068847656,36.2888069152832
2008-06-16,97.27173614501953,87.01000213623047,57.822608947753906,36.255516052246094
2008-06-17,96.80045318603516,87.25,58.02060317993164,36.621734619140625
2008-06-18,95.85800170898438,88.27999877929688,58.26512145996094,37.121116638183594
2008-06-19,95.97933197021484,88.41999816894531,57.96813201904297,36.255516052246094
2008-06-20,94.42144012451172,88.94999694824219,58.14282989501953,36.505210876464844
2008-06-23,94.32817840576172,87.08999633789062,58.067161560058594,36.76322555541992
2008-06-24,94.14158630371094,87.47000122070312,58.183563232421875,36.771549224853516
2008-06-25,94.58649444580078,87.41999816894531,58.21268844604492,36.63005447387695
2008-06-26,92.01750183105469,90.61000061035156,58.288368225097656,37.84523010253906
2008-06-27,91.51521301269531,91.47000122070312,58.428138732910156,37.94511032104492
2008-06-30,91.8381118774414,91.4000015258789,58.4572639465332,37.270931243896484
2008-07-01,92.12515258789062,92.66000366210938,58.25499725341797,37.92845916748047
2008-07-02,90.5464096069336,93.16999816894531,58.18492126464844,38.65257263183594
2008-07-03,90.63968658447266,92.05999755859375,58.202430725097656,38.63592529296875
2008-07-07,89.71401977539062,91.2300033569336,58.40695571899414,38.111576080322266
2008-07-08,91.30707550048828,90.86000061035156,58.634944915771484,36.72993469238281
2008-07-09,89.54896545410156,91.5,58.86288833618164,36.70496368408203
2008-07-10,89.91494750976562,93.52999877929688,58.91549301147461,37.7037353515625
2008-07-11,88.86723327636719,95.16000366210938,58.582305908203125,38.22809600830078
2008-07-14,88.06354522705078,95.91000366210938,58.66999435424805,38.2447395324707
2008-07-15,86.82210540771484,96.16999816894531,58.89793395996094,37.029571533203125
2008-07-16,88.953369140625,94.44000244140625,58.44791030883789,36.463592529296875
2008-07-17,89.84319305419922,94.22000122070312,58.19068908691406,35.60630798339844
2008-07-18,90.40291595458984,94.16999816894531,57.851768493652344,34.998722076416016
2008-07-21,90.45313262939453,95.12000274658203,58.15561294555664,35.4232063293457
2008-07-22,91.47930145263672,93.05999755859375,57.95692825317383,34.64915084838867
2008-07-23,91.97444915771484,90.56999969482422,58.027015686035156,33.86677932739258
2008-07-24,90.06562042236328,91.33000183105469,58.430335998535156,33.891746520996094
2008-07-25,90.04408264160156,91.69000244140625,58.13227462768555,33.46726608276367
2008-07-28,88.72376251220703,91.7300033569336,58.39530563354492,33.63372802734375
2008-07-29,90.6181640625,90.58999633789062,58.32514572143555,33.25086975097656
2008-07-30,92.23273468017578,89.5199966430664,58.389434814453125,33.90839385986328
2008-07-31,91.01289367675781,90.08000183105469,58.687564849853516,33.62541198730469
2008-08-01,90.53209686279297,89.56999969482422,58.61833190917969,33.25086975097656
2008-08-04,89.6925048828125,88.13999938964844,58.448097229003906,32.152217864990234
2008-08-05,92.11077880859375,86.08000183105469,58.3484001159668,31.927494049072266
2008-08-06,92.51981353759766,86.63999938964844,58.28377151489258,31.586246490478516
2008-08-07,91.14201354980469,86.08999633789062,58.58895492553711,31.761028289794922
2008-08-08,92.83555603027344,84.43000030517578,58.500919342041016,30.870458602905273
2008-08-11,93.79713439941406,81.12999725341797,58.35420227050781,30.837160110473633
2008-08-12,92.82123565673828,80.5199966430664,58.60067367553711,30.570823669433594
2008-08-13,92.2614974975586,81.55999755859375,58.500919342041016,31.59456443786621
2008-08-14,92.95753479003906,79.3499984741211,58.64173126220703,31.31990623474121
2008-08-15,93.40962982177734,77.62999725341797,58.811912536621094,30.89542007446289
2008-08-18,92.13232421875,78.80000305175781,58.91173553466797,31.070215225219727
2008-08-19,91.127685546875,80.43000030517578,58.86474609375,31.55295181274414
2008-08-20,91.55107116699219,80.05999755859375,58.958641052246094,31.802644729614258
2008-08-21,91.70893859863281,82.30000305175781,58.97037887573242,33.167633056640625
2008-08-22,93.0364761352539,81.08000183105469,58.90583038330078,32.04401397705078
2008-08-25,91.14920806884766,80.93000030517578,59.08774185180664,31.860904693603516
2008-08-26,91.41470336914062,81.2300033569336,59.017311096191406,31.877552032470703
2008-08-27,92.30455780029297,81.36000061035156,59.08774185180664,32.17718505859375
2008-08-28,93.42398834228516,82.18000030517578,59.14054870605469,31.54463005065918
2008-08-29,92.41936492919922,81.70999908447266,59.12296676635742,31.4281005859375
2008-09-02,91.84529113769531,79.19999694824219,59.319740295410156,30.61244010925293
2008-09-03,91.7663345336914,78.88999938964844,59.307899475097656,30.437650680541992
2008-09-04,89.00357818603516,78.38999938964844,59.525943756103516,30.004846572875977
2008-09-05,89.28345489501953,78.9800033569336,59.34918212890625,29.70522117614746
2008-09-08,91.127685546875,78.86000061035156,59.720333099365234,29.63863754272461
2008-09-09,88.42235565185547,76.48999786376953,59.985450744628906,28.556629180908203
2008-09-10,88.78114318847656,74.22000122070312,59.9442024230957,28.598241806030273
2008-09-11,90.06562042236328,73.08000183105469,59.867591857910156,28.356870651245117
2008-09-12,90.48182678222656,75.55000305175781,59.62607955932617,28.548307418823242
2008-09-15,86.17622375488281,77.55999755859375,59.861732482910156,27.424684524536133
2008-09-16,87.61864471435547,76.79000091552734,59.25493621826172,26.867034912109375
2008-09-17,83.67901611328125,85.45999908447266,59.402225494384766,27.674375534057617
2008-09-18,86.1618881225586,82.80000305175781,59.23719787597656,27.72431755065918
2008-09-19,89.583740234375,85.9800033569336,59.50237274169922,28.639860153198242
2008-09-22,87.55559539794922,89.18000030517578,58.571529388427734,29.63031005859375
2008-09-23,85.56359100341797,88.31999969482422,58.48317337036133,29.338998794555664
2008-09-24,85.83782196044922,86.70999908447266,58.553855895996094,29.09762954711914
2008-09-25,87.18028259277344,86.44999694824219,58.44782638549805,29.6053409576416
2008-09-26,87.22360229492188,86.63999938964844,58.15324401855469,29.255773544311523
2008-09-29,80.38864135742188,89.56999969482422,57.888126373291016,27.441329956054688
2008-09-30,83.71587371826172,85.06999969482422,58.08256530761719,28.207056045532227
2008-10-01,83.76644134521484,85.97000122070312,57.668514251708984,27.549531936645508
2008-10-02,80.72785186767578,82.33000183105469,57.89329528808594,26.026397705078125
2008-10-03,79.63798522949219,82.58999633789062,58.3309440612793,25.41881561279297
2008-10-06,75.58175659179688,84.27999877929688,58.348731994628906,24.336807250976562
2008-10-07,72.1967544555664,87.2699966430664,57.142127990722656,24.636438369750977
2008-10-08,70.37793731689453,89.41999816894531,55.99468994140625,24.994335174560547
2008-10-09,65.4627914428711,89.9000015258789,56.12474822998047,23.82909393310547
2008-10-10,63.87495803833008,83.22000122070312,52.28614807128906,22.77206039428711
2008-10-13,73.14946746826172,81.98999786376953,54.3089485168457,24.037174224853516
2008-10-14,72.06682586669922,82.19999694824219,55.45047378540039,23.59604835510254
2008-10-15,64.9720230102539,83.30999755859375,56.337684631347656,22.52236557006836
2008-10-16,67.6785659790039,79.29000091552734,55.45047378540039,22.097885131835938
2008-10-17,67.2744369506836,77.20999908447266,55.651573181152344,22.347579956054688
2008-10-20,71.31620788574219,78.5,56.64528274536133,22.797029495239258
2008-10-21,69.18704223632812,76.02999877929688,57.142127990722656,21.981361389160156
2008-10-22,65.41950225830078,71.70999908447266,57.80459213256836,20.94097137451172
2008-10-23,66.17733001708984,70.6500015258789,56.787227630615234,21.02420425415039
2008-10-24,62.821197509765625,72.20999908447266,56.30812454223633,20.183570861816406
2008-10-27,60.59098815917969,72.18000030517578,55.7462272644043,20.033750534057617
2008-10-28,67.67137145996094,73.79000091552734,55.94144058227539,20.583078384399414
2008-10-29,67.1805648803711,74.0,57.006046295166016,21.798255920410156
2008-10-30,69.50462341308594,72.70999908447266,56.935089111328125,20.899356842041016
2008-10-31,69.88711547851562,71.33999633789062,56.757606506347656,21.13240623474121
2008-11-03,70.08918762207031,71.0999984741211,55.85483932495117,20.899356842041016
2008-11-04,72.47103118896484,75.4800033569336,56.75173568725586,21.848194122314453
2008-11-05,69.42520904541016,72.80000305175781,57.612918853759766,21.2822208404541
2008-11-06,65.57830047607422,72.22000122070312,57.375362396240234,20.35003089904785
2008-11-07,67.74353790283203,72.5,57.666404724121094,20.375
2008-11-10,66.85578918457031,73.58000183105469,57.298126220703125,20.508169174194336
2008-11-11,64.79156494140625,72.05000305175781,57.73170471191406,20.11698341369629
2008-11-12,61.94068145751953,70.0,57.2327880859375,19.52604103088379
2008-11-13,65.80201721191406,72.1500015258789,57.42878341674805,19.892257690429688
2008-11-14,62.51806640625,73.30000305175781,57.601051330566406,19.767412185668945
2008-11-17,61.688053131103516,72.6500015258789,57.75548553466797,19.317962646484375
2008-11-18,62.850067138671875,72.51000213623047,57.672298431396484,19.026655197143555
2008-11-19,58.82271194458008,72.26000213623047,57.83861541748047,18.81025505065918
2008-11-20,54.456092834472656,73.44999694824219,57.85051345825195,17.85309600830078
2008-11-21,57.393638610839844,78.8499984741211,57.38722610473633,18.161048889160156
2008-11-24,61.370487213134766,80.91000366210938,57.38130187988281,19.409517288208008
2008-11-25,61.82517623901367,80.87000274658203,58.81270980834961,18.760316848754883
2008-11-26,64.21415710449219,80.37999725341797,58.587005615234375,19.359580993652344
2008-11-28,65.02255249023438,80.30999755859375,58.474151611328125,18.518943786621094
2008-12-01,59.26295852661133,75.6500015258789,59.299015045166016,17.94464874267578
2008-12-02,61.543704986572266,76.94999694824219,59.35862731933594,17.952970504760742
2008-12-03,63.023292541503906,76.18000030517578,59.364566802978516,17.74489402770996
2008-12-04,61.56535720825195,75.5,59.5614013671875,16.812705993652344
2008-12-05,63.46357345581055,74.5199966430664,59.23335266113281,16.396547317504883
2008-12-08,65.67933654785156,76.19999694824219,59.15583801269531,17.153953552246094
2008-12-09,64.59671020507812,76.33000183105469,59.710487365722656,16.7794132232666
2008-12-10,65.03697204589844,79.75,59.60313415527344,17.28712272644043
2008-12-11,63.470787048339844,80.6500015258789,59.91324996948242,17.83644676208496
2008-12-12,64.22860717773438,80.80999755859375,59.93115234375,18.22763442993164
2008-12-15,63.333641052246094,82.5999984741211,60.07428741455078,17.7119197845459
2008-12-16,66.31446075439453,84.45999908447266,60.312801361083984,17.965547561645508
2008-12-17,65.67211151123047,85.43000030517578,60.634864807128906,17.72037124633789
2008-12-18,64.44515991210938,83.87000274658203,61.01655960083008,17.449831008911133
2008-12-19,64.16793060302734,82.62999725341797,60.81973648071289,17.331470489501953
2008-12-22,63.3457145690918,83.45999908447266,61.14781188964844,16.84111785888672
2008-12-23,62.69090270996094,82.62999725341797,61.744136810302734,16.908750534057617
2008-12-24,63.0546989440918,83.45999908447266,62.03638458251953,16.646665573120117
2008-12-26,63.41847229003906,85.5999984741211,61.82765579223633,16.908750534057617
2008-12-29,63.236576080322266,86.3499984741211,62.30411148071289,17.09474754333496
2008-12-30,64.7354507446289,85.9000015258789,62.32801055908203,17.19620132446289
2008-12-31,65.65953063964844,86.5199966430664,62.36996078491211,17.91482162475586
2009-01-02,67.63860321044922,86.2300033569336,61.98086929321289,18.540447235107422
2009-01-05,67.55860900878906,84.4800033569336,62.96855926513672,18.734895706176758
2009-01-06,68.00972747802734,85.12999725341797,62.61536407470703,19.225252151489258
2009-01-07,65.97239685058594,82.75,62.040771484375,18.244543075561523
2009-01-08,66.24160766601562,84.45999908447266,61.567893981933594,18.312175750732422
2009-01-09,64.82274627685547,83.91999816894531,61.35837936401367,18.100818634033203
2009-01-12,63.26569747924805,80.76000213623047,61.68165588378906,17.280744552612305
2009-01-13,63.382118225097656,80.87999725341797,61.78338623046875,17.568193435668945
2009-01-14,61.388450622558594,79.79000091552734,61.6995735168457,17.323015213012695
2009-01-15,61.4102783203125,80.38999938964844,61.69355773925781,17.306106567382812
2009-01-16,61.89049530029297,82.70999908447266,62.01082229614258,17.3821964263916
2009-01-20,58.62354278564453,84.5199966430664,61.6876106262207,16.84111785888672
2009-01-21,61.155616760253906,84.1500015258789,61.36438751220703,16.908750534057617
2009-01-22,60.20973587036133,84.58000183105469,61.10102081298828,16.688936233520508
2009-01-23,60.47167205810547,88.52999877929688,61.00527572631836,17.466739654541016
2009-01-26,60.88638687133789,88.94999694824219,60.94538116455078,17.500560760498047
2009-01-27,61.5048713684082,88.37999725341797,61.256622314453125,17.027111053466797
2009-01-28,63.58582305908203,87.41999816894531,61.29254150390625,17.432926177978516
2009-01-29,61.5193977355957,89.5,60.74785232543945,17.22156524658203
2009-01-30,60.26792907714844,91.30999755859375,61.13096237182617,17.1201114654541
2009-02-02,60.08601760864258,88.83999633789062,61.02641677856445,16.79039192199707
2009-02-03,60.930057525634766,88.47000122070312,60.75609588623047,16.595937728881836
2009-02-04,60.63172149658203,89.18000030517578,60.6719856262207,16.688936233520508
2009-02-05,61.53395080566406,90.12000274658203,60.47977066040039,17.060932159423828
2009-02-06,63.287498474121094,89.58999633789062,60.64195251464844,17.187744140625
2009-02-09,63.374820709228516,88.31999969482422,60.64793395996094,17.09474754333496
2009-02-10,60.47167205810547,90.20999908447266,61.02035140991211,16.874937057495117
2009-02-11,60.82817459106445,92.29000091552734,61.008426666259766,16.773481369018555
2009-02-12,60.871856689453125,93.16999816894531,61.33277130126953,16.798847198486328
2009-02-13,60.21698760986328,92.55000305175781,61.14656448364258,16.494487762451172
2009-02-17,57.641265869140625,95.44999694824219,61.19463348388672,15.572959899902344
2009-02-18,57.50299072265625,96.91000366210938,61.06843948364258,15.479963302612305
2009-02-19,56.88453674316406,95.7699966430664,60.97235870361328,15.8604097366333
2009-02-20,56.33155059814453,97.80000305175781,60.659996032714844,15.682867050170898
2009-02-23,54.31609344482422,97.7300033569336,60.97235870361328,15.530688285827637
2009-02-24,56.375221252441406,94.7300033569336,60.85220718383789,15.826591491699219
2009-02-25,55.93138885498047,93.1500015258789,60.798133850097656,16.012590408325195
2009-02-26,55.021854400634766,93.05999755859375,60.47977066040039,16.35076332092285
2009-02-27,53.792205810546875,92.62999725341797,60.48578643798828,16.15631103515625
2009-03-02,51.3692512512207,90.93000030517578,60.688899993896484,15.344691276550293
2009-03-03,50.983619689941406,90.04000091552734,60.61052322387695,15.446146011352539
2009-03-04,52.191463470458984,88.98999786376953,60.327293395996094,15.987224578857422
2009-03-05,50.059574127197266,91.98999786376953,60.52614974975586,15.85195541381836
2009-03-06,50.1468620300293,92.29000091552734,60.688899993896484,16.232402801513672
2009-03-09,49.55751037597656,90.56999969482422,60.273014068603516,16.139400482177734
2009-03-10,52.5115966796875,88.13999938964844,60.41165542602539,16.097131729125977
2009-03-11,52.85357666015625,89.22000122070312,60.55629348754883,15.58987045288086
2009-03-12,54.934547424316406,91.0999984741211,60.61052322387695,16.316944122314453
2009-03-13,55.36383056640625,91.30000305175781,60.67081069946289,16.173221588134766
2009-03-16,55.1965217590332,90.80000305175781,60.48397445678711,16.528305053710938
2009-03-17,56.88453674316406,90.04000091552734,60.30313491821289,16.88338851928711
2009-03-18,58.157875061035156,93.08999633789062,61.261409759521484,17.09474754333496
2009-03-19,57.43752670288086,94.3499984741211,61.412086486816406,17.449831008911133
2009-03-20,56.21443557739258,93.58999633789062,61.06855773925781,17.686553955078125
2009-03-23,60.25226593017578,92.08000183105469,61.06855773925781,18.05854606628418
2009-03-24,59.06510543823242,90.94999694824219,60.65272521972656,17.762643814086914
2009-03-25,59.68800735473633,91.9800033569336,60.387516021728516,17.49210548400879
2009-03-26,60.90449523925781,91.93000030517578,60.508060455322266,17.796459197998047
2009-03-27,59.80528259277344,90.69000244140625,60.55629348754883,17.466739654541016
2009-03-30,57.73870086669922,89.9800033569336,60.83952331542969,16.83266258239746
2009-03-31,58.27367401123047,90.27999877929688,61.152931213378906,16.908750534057617
2009-04-01,59.4022102355957,91.02999877929688,61.12331008911133,16.866479873657227
2009-04-02,61.138980865478516,88.80000305175781,60.92975616455078,17.517467498779297
2009-04-03,61.74723434448242,87.58999633789062,60.730186462402344,17.788009643554688
2009-04-06,61.2635612487793,85.2699966430664,60.71810531616211,17.568193435668945
2009-04-07,59.83457565307617,86.73999786376953,60.62137985229492,17.255382537841797
2009-04-08,60.4794807434082,86.61000061035156,60.820919036865234,17.3821964263916
2009-04-09,62.883121490478516,86.30999755859375,60.730186462402344,17.63582992553711
2009-04-13,62.89775466918945,87.87999725341797,61.17166519165039,17.7119197845459
2009-04-14,61.81318283081055,87.37000274658203,61.15958786010742,17.39065170288086
2009-04-15,62.472713470458984,87.5,61.328956604003906,17.280744552612305
2009-04-16,63.38872528076172,85.80999755859375,61.22004699707031,17.204654693603516
2009-04-17,63.8137321472168,85.22000122070312,60.88139343261719,17.077842712402344
2009-04-20,61.138980865478516,86.94999694824219,61.232177734375,16.4353084564209
2009-04-21,62.333465576171875,86.88999938964844,61.03864288330078,16.494487762451172
2009-04-22,61.95240783691406,87.37999725341797,61.20191955566406,16.519853591918945
2009-04-23,62.5606575012207,88.80000305175781,61.2805290222168,16.739662170410156
2009-04-24,63.506011962890625,89.72000122070312,61.34705352783203,16.993297576904297
2009-04-27,62.90507125854492,89.01000213623047,61.44380187988281,16.570575714111328
2009-04-28,62.707252502441406,87.75,61.425662994384766,16.452213287353516
2009-04-29,64.04096984863281,88.33000183105469,61.17166519165039,16.83266258239746
2009-04-30,64.06291961669922,87.2699966430664,61.46795654296875,16.891841888427734
2009-05-01,64.4073486328125,86.94999694824219,61.23074722290039,17.399105072021484
2009-05-04,66.59847259521484,88.63999938964844,61.27927780151367,17.73727798461914
2009-05-05,66.37133026123047,88.25,61.40668869018555,17.48365020751953
2009-05-06,67.52183532714844,89.54000091552734,61.546302795410156,17.94864273071289
2009-05-07,66.58384704589844,89.44000244140625,61.273250579833984,17.982458114624023
2009-05-08,68.13739776611328,89.9800033569336,61.38849639892578,18.430538177490234
2009-05-11,66.86229705810547,89.69000244140625,61.430999755859375,18.27836036682129
2009-05-12,66.66445922851562,90.69999694824219,61.77079391479492,18.464357376098633
2009-05-13,64.98626708984375,91.08999633789062,61.825374603271484,18.25299835205078
2009-05-14,65.54320526123047,91.02999877929688,61.861820220947266,18.37135887145996
2009-05-15,65.00826263427734,91.55000305175781,62.001373291015625,17.906368255615234
2009-05-18,66.85498046875,90.36000061035156,61.81929016113281,18.379812240600586
2009-05-19,66.77434539794922,90.95999908447266,61.873905181884766,18.379812240600586
2009-05-20,66.32733154296875,92.25,62.06198501586914,18.675718307495117
2009-05-21,65.37467193603516,93.8499984741211,61.86781311035156,18.523536682128906
2009-05-22,65.23542022705078,94.1500015258789,61.70400619506836,18.794076919555664
2009-05-26,66.90624237060547,93.76000213623047,61.56447982788086,18.836349487304688
2009-05-27,65.71177673339844,93.44999694824219,61.22471618652344,18.9208927154541
2009-05-28,66.62776947021484,94.23999786376953,61.24895477294922,19.26752471923828
2009-05-29,67.80762481689453,96.19999694824219,61.90425109863281,19.639514923095703
2009-06-01,69.44913482666016,95.7300033569336,61.136268615722656,20.18059539794922
2009-06-02,69.50777435302734,96.36000061035156,61.55612564086914,20.265138626098633
2009-06-03,68.62837982177734,94.41000366210938,61.72655487060547,19.588788986206055
2009-06-04,69.27327728271484,96.2300033569336,61.21534729003906,20.307411193847656
2009-06-05,69.28793334960938,93.70999908447266,60.8989143371582,20.1975040435791
2009-06-08,69.00210571289062,93.55999755859375,60.734535217285156,20.146778106689453
2009-06-09,69.3539047241211,93.83000183105469,61.0084342956543,20.341228485107422
2009-06-10,69.177978515625,93.86000061035156,60.838008880615234,20.265138626098633
2009-06-11,69.48577117919922,93.69999694824219,61.05101013183594,20.45113754272461
2009-06-12,69.67632293701172,92.16999816894531,61.34922790527344,20.163686752319336
2009-06-15,68.07877349853516,91.0999984741211,61.58045959472656,19.77478790283203
2009-06-16,67.15543365478516,91.93000030517578,61.665653228759766,19.69869613647461
2009-06-17,67.08950805664062,92.3499984741211,61.78740310668945,19.75787925720215
2009-06-18,67.5804443359375,91.61000061035156,61.385746002197266,19.783241271972656
2009-06-19,67.82952880859375,91.9000015258789,61.610897064208984,19.614154815673828
2009-06-22,65.7955322265625,90.54000091552734,61.70217514038086,18.954710006713867
2009-06-23,65.84715270996094,90.91999816894531,61.90306854248047,19.28443145751953
2009-06-24,66.41459655761719,91.44999694824219,61.73871994018555,19.275978088378906
2009-06-25,67.85906219482422,92.30999755859375,62.024688720703125,19.445066452026367
2009-06-26,67.6821517944336,92.29000091552734,62.20735549926758,19.28443145751953
2009-06-29,68.3159408569336,92.04000091552734,62.15251159667969,19.470428466796875
2009-06-30,67.76323699951172,91.18000030517578,62.16471481323242,19.12380027770996
2009-07-01,68.04327392578125,92.38999938964844,62.141563415527344,19.047710418701172
2009-07-02,66.18611907958984,91.25,62.28800582885742,18.6249942779541
2009-07-06,66.17875671386719,90.76000213623047,62.23919677734375,18.06700325012207
2009-07-07,64.89644622802734,90.70999908447266,62.4406852722168,17.779552459716797
2009-07-08,64.85222625732422,89.2699966430664,62.782657623291016,17.559738159179688
2009-07-09,64.9775390625,89.51000213623047,62.6055908203125,17.669645309448242
2009-07-10,64.82275390625,89.58000183105469,62.819297790527344,17.53437614440918
2009-07-13,66.39981842041016,90.19000244140625,62.78874588012695,17.62737464904785
2009-07-14,66.77570343017578,90.80999755859375,62.59947967529297,17.62737464904785
2009-07-15,68.72862243652344,92.23999786376953,62.19036102294922,18.092365264892578
2009-07-16,68.61807250976562,91.9800033569336,62.38572311401367,18.1346378326416
2009-07-17,69.36980438232422,91.93000030517578,62.38572311401367,18.40517807006836
2009-07-20,70.10675811767578,93.27999877929688,62.459014892578125,18.70953369140625
2009-07-21,70.4310073852539,93.12999725341797,62.892574310302734,18.64189910888672
2009-07-22,70.416259765625,93.44000244140625,62.67884826660156,18.74335289001465
2009-07-23,71.97126007080078,93.26000213623047,62.52006912231445,19.13224983215332
2009-07-24,72.26604461669922,93.41000366210938,62.52006912231445,19.149160385131836
2009-07-27,72.47974395751953,93.70999908447266,62.330810546875,19.225252151489258
2009-07-28,72.1407241821289,92.11000061035156,62.44681167602539,19.01388931274414
2009-07-29,71.9638671875,91.19999694824219,62.556697845458984,18.523536682128906
2009-07-30,72.71556091308594,91.62000274658203,62.63612365722656,19.09843635559082
2009-07-31,72.81877136230469,93.3499984741211,62.95358657836914,19.4788818359375
2009-08-03,74.01998901367188,93.87000274658203,62.82133102416992,20.028417587280273
2009-08-04,74.21158599853516,94.68000030517578,62.63145065307617,20.03687286376953
2009-08-05,73.99787139892578,94.77999877929688,62.57622528076172,20.248231887817383
2009-08-06,73.61465454101562,94.5999984741211,62.60696029663086,19.783241271972656
2009-08-07,74.58008575439453,93.75,62.233192443847656,19.690242767333984
2009-08-10,74.42533111572266,92.93000030517578,62.71717071533203,19.681787490844727
2009-08-11,73.49673461914062,92.79000091552734,62.937660217285156,19.385883331298828
2009-08-12,74.28532409667969,92.94999694824219,62.90705108642578,19.487335205078125
2009-08-13,74.85275268554688,93.72000122070312,63.06630325317383,19.74942398071289
2009-08-14,74.27790069580078,93.0,63.17657470703125,19.19143295288086
2009-08-17,72.45028686523438,91.61000061035156,63.44002914428711,18.90398597717285
2009-08-18,73.0251235961914,92.05999755859375,63.231712341308594,19.275978088378906
2009-08-19,73.666259765625,92.52999877929688,63.3603401184082,19.411245346069336
2009-08-20,74.42533111572266,92.2699966430664,63.46451187133789,19.250614166259766
2009-08-21,75.8844985961914,93.6500015258789,63.0969123840332,19.394336700439453
2009-08-24,75.87713623046875,92.33999633789062,63.354209899902344,19.42815589904785
2009-08-25,76.02452850341797,92.76000213623047,63.458370208740234,19.149160385131836
2009-08-26,76.03187561035156,92.79000091552734,63.5502815246582,19.09843635559082
2009-08-27,76.2013931274414,93.19000244140625,63.501285552978516,19.259071350097656
2009-08-28,76.18665313720703,93.87000274658203,63.458370208740234,19.216796875
2009-08-31,75.50865936279297,93.4000015258789,63.72177505493164,18.692625045776367
2009-09-01,73.84310913085938,93.9000015258789,63.6124267578125,18.40517807006836
2009-09-02,73.56307983398438,96.19000244140625,63.950416564941406,18.447450637817383
2009-09-03,74.17475891113281,97.45999908447266,63.833648681640625,18.354448318481445
2009-09-04,75.21385955810547,97.52999877929688,63.710716247558594,18.27836036682129
2009-09-08,75.86238098144531,97.43000030517578,63.61857986450195,18.61653709411621
2009-09-09,76.44458770751953,97.08000183105469,63.74150466918945,18.692625045776367
2009-09-10,77.22573852539062,97.69999694824219,64.0671615600586,18.794076919555664
2009-09-11,77.21099853515625,98.77999877929688,64.0610122680664,18.548900604248047
2009-09-14,77.58686065673828,97.95999908447266,63.9688835144043,18.447450637817383
2009-09-15,77.91114044189453,98.9000015258789,63.87051773071289,18.878620147705078
2009-09-16,79.09027099609375,99.91000366210938,63.91967010498047,19.12380027770996
2009-09-17,78.97235107421875,99.33999633789062,64.2208251953125,19.13224983215332
2009-09-18,79.0226821899414,98.66999816894531,64.0610122680664,18.963167190551758
2009-09-21,78.82276916503906,98.36000061035156,64.01188659667969,18.548900604248047
2009-09-22,79.28187561035156,99.66999816894531,63.9688835144043,18.853256225585938
2009-09-23,78.62285614013672,98.83000183105469,64.12860870361328,18.430538177490234
2009-09-24,77.75648498535156,97.55000305175781,64.20844268798828,18.193817138671875
2009-09-25,77.3418197631836,97.0,64.39898681640625,18.050094604492188
2009-09-28,78.72650909423828,97.05000305175781,64.39291381835938,18.21072769165039
2009-09-29,78.48958587646484,97.43000030517578,64.36216735839844,18.143089294433594
2009-09-30,78.18599700927734,98.8499984741211,64.47892761230469,18.650354385375977
2009-10-01,76.2459487915039,97.88999938964844,64.62815856933594,18.531993865966797
2009-10-02,75.89049530029297,98.37000274658203,64.50481414794922,18.345996856689453
2009-10-05,77.02345275878906,99.81999969482422,64.54800415039062,18.937801361083984
2009-10-06,78.12671661376953,102.27999877929688,64.45553588867188,18.70953369140625
2009-10-07,78.34147644042969,102.36000061035156,64.71443176269531,18.74335289001465
2009-10-08,78.94126892089844,103.63999938964844,64.67130279541016,19.115346908569336
2009-10-09,79.42254638671875,102.83999633789062,64.22125244140625,19.19143295288086
2009-10-12,79.73353576660156,103.55999755859375,64.36918640136719,19.58033561706543
2009-10-13,79.57062530517578,104.26000213623047,64.52952575683594,19.80014991760254
2009-10-14,80.94050598144531,104.18000030517578,64.3753662109375,19.952327728271484
2009-10-15,81.23667907714844,102.86000061035156,64.27667999267578,20.155235290527344
2009-10-16,80.6295166015625,103.18000030517578,64.2705307006836,20.205957412719727
2009-10-19,81.29596710205078,104.2300033569336,64.39999389648438,20.493406295776367
2009-10-20,80.86644744873047,103.41999816894531,64.55416870117188,20.366592407226562
2009-10-21,80.14080047607422,103.75,64.51102447509766,20.797765731811523
2009-10-22,80.9552993774414,103.91999816894531,64.412353515625,20.96685218811035
2009-10-23,80.02970123291016,103.48999786376953,64.3321762084961,20.890762329101562
2009-10-26,79.16339874267578,101.86000061035156,64.1595230102539,20.510316848754883
2009-10-27,78.80055236816406,101.8499984741211,64.412353515625,20.366592407226562
2009-10-28,77.31220245361328,100.7300033569336,64.50481414794922,19.842418670654297
2009-10-29,78.97087860107422,102.69000244140625,64.3753662109375,20.4595890045166
2009-10-30,76.68282318115234,102.52999877929688,64.62200927734375,19.943872451782227
2009-11-02,77.24554443359375,103.94999694824219,64.519287109375,20.290504455566406
2009-11-03,77.48993682861328,106.45999908447266,64.4327621459961,20.577951431274414
2009-11-04,77.68985748291016,107.0999984741211,64.32754516601562,20.5610408782959
2009-11-05,79.11898040771484,106.9800033569336,64.49455261230469,20.45113754272461
2009-11-06,79.32628631591797,107.43000030517578,64.55020904541016,20.087596893310547
2009-11-09,81.13300323486328,108.19000244140625,64.63680267333984,20.417316436767578
2009-11-10,81.14785766601562,108.38999938964844,64.65542602539062,20.315868377685547
2009-11-11,81.56251525878906,109.5999984741211,64.68009948730469,20.45113754272461
2009-11-12,80.7331771850586,108.20999908447266,64.80998229980469,20.146778106689453
2009-11-13,81.17005157470703,109.73999786376953,64.87803649902344,20.12986946105957
2009-11-16,82.34740447998047,111.62999725341797,65.03265380859375,20.71322250366211
2009-11-17,82.44363403320312,111.97000122070312,65.08824157714844,20.814674377441406
2009-11-18,82.39180755615234,112.25,64.95219421386719,20.83158302307129
2009-11-19,81.31813049316406,112.30000305175781,65.02029418945312,20.535680770874023
2009-11-20,81.02935791015625,112.94000244140625,65.0450210571289,20.510316848754883
2009-11-23,82.05863189697266,114.29000091552734,65.03265380859375,20.603313446044922
2009-11-24,82.18449401855469,114.7300033569336,65.22432708740234,20.366592407226562
2009-11-25,82.4732666015625,116.62000274658203,65.28620910644531,20.85694694519043
2009-11-27,81.13300323486328,115.05999755859375,65.34188079833984,20.620223999023438
2009-11-30,81.406982421875,115.63999938964844,65.45325469970703,20.848491668701172
2009-12-01,82.41402435302734,117.37999725341797,65.2937240600586,21.000669479370117
2009-12-02,82.37702941894531,119.18000030517578,65.16958618164062,20.85694694519043
2009-12-03,81.7327880859375,118.69999694824219,65.17582702636719,20.84003448486328
2009-12-04,82.19928741455078,113.75,65.04551696777344,20.670949935913086
2009-12-07,82.07341003417969,113.11000061035156,65.10755920410156,20.48495101928711
2009-12-08,81.16263580322266,110.94999694824219,65.19444274902344,20.282047271728516
2009-12-09,81.46623229980469,110.83999633789062,65.1261978149414,20.028417587280273
2009-12-10,81.92533111572266,110.81999969482422,65.07658386230469,19.918508529663086
2009-12-11,82.27336120605469,109.31999969482422,64.9213638305664,20.019960403442383
2009-12-14,82.83610534667969,110.23999786376953,64.9586181640625,20.12986946105957
2009-12-15,82.45106506347656,110.20999908447266,64.77867889404297,20.03687286376953
2009-12-16,82.57695770263672,111.58999633789062,64.8965835571289,20.383499145507812
2009-12-17,81.58470916748047,107.33999633789062,65.0020751953125,20.070690155029297
2009-12-18,82.04627990722656,108.94999694824219,65.0020751953125,20.155235290527344
2009-12-21,82.88005065917969,106.94999694824219,64.7290267944336,19.960783004760742
2009-12-22,83.17782592773438,106.16999816894531,64.5428695678711,20.10450553894043
2009-12-23,83.34162139892578,106.55000305175781,64.56769561767578,20.4595890045166
2009-12-24,83.7362060546875,108.36000061035156,64.45597076416016,20.577951431274414
2009-12-28,83.91485595703125,108.55000305175781,64.06503295898438,20.941490173339844
2009-12-29,83.79576873779297,107.47000122070312,64.14097595214844,20.89921760559082
2009-12-30,83.7659912109375,106.93000030517578,64.30278778076172,20.873855590820312
2009-12-31,82.96194458007812,107.30999755859375,64.22187042236328,20.814674377441406
2010-01-04,84.36901092529297,109.80000305175781,64.29657745361328,21.33884620666504
2010-01-05,84.59231567382812,109.69999694824219,64.58905029296875,21.36421012878418
2010-01-06,84.65184783935547,111.51000213623047,64.55177307128906,21.744653701782227
2010-01-07,85.00924682617188,110.81999969482422,64.47708892822266,21.47411346435547
2010-01-08,85.29208374023438,111.37000274658203,64.51441955566406,21.457204818725586
2010-01-11,85.41120910644531,112.8499984741211,64.46453857421875,21.389570236206055
2010-01-12,84.6146469116211,110.48999786376953,64.8753662109375,20.933032989501953
2010-01-13,85.32936096191406,111.54000091552734,64.60155487060547,20.94994354248047
2010-01-14,85.5600814819336,112.02999877929688,64.76953887939453,20.84003448486328
2010-01-15,84.59974670410156,110.86000061035156,64.89401245117188,20.603313446044922
2010-01-19,85.6568603515625,111.5199966430664,64.78824615478516,20.73858642578125
2010-01-20,84.78585052490234,108.94000244140625,64.95624542236328,20.349681854248047
2010-01-21,83.15553283691406,107.37000274658203,64.97496795654297,20.096052169799805
2010-01-22,81.30182647705078,107.16999816894531,65.01228332519531,19.884689331054688
2010-01-25,81.71874237060547,107.4800033569336,65.00608825683594,19.97768783569336
2010-01-26,81.37627410888672,107.55999755859375,65.08700561523438,19.75787925720215
2010-01-27,81.76341247558594,106.52999877929688,65.03717041015625,19.470428466796875
2010-01-28,80.82536315917969,106.4800033569336,64.98118591308594,19.402795791625977
2010-01-29,79.94688415527344,105.95999908447266,65.13052368164062,19.182979583740234
2010-02-01,81.19015502929688,108.3499984741211,65.04129791259766,19.647968292236328
2010-02-02,82.17283630371094,109.12999725341797,65.11620330810547,20.070690155029297
2010-02-03,81.76341247558594,108.69999694824219,64.99755859375,19.825511932373047
2010-02-04,79.23968505859375,104.37000274658203,65.1536636352539,19.166072845458984
2010-02-05,79.40345764160156,104.68000030517578,65.17861938476562,18.9208927154541
2010-02-08,78.83024597167969,104.04000091552734,65.30347442626953,18.929346084594727
2010-02-09,79.82035827636719,105.41000366210938,65.18487548828125,19.26752471923828
2010-02-10,79.66403198242188,105.12000274658203,65.0350112915039,19.343610763549805
2010-02-11,80.49779510498047,107.12999725341797,64.92887115478516,19.571880340576172
2010-02-12,80.43080139160156,107.04000091552734,64.94135284423828,19.461973190307617
2010-02-16,81.69639587402344,109.62000274658203,65.10367584228516,20.05377960205078
2010-02-17,82.08350372314453,109.25,64.90394592285156,19.952327728271484
2010-02-18,82.5673828125,109.9800033569336,64.87892150878906,20.12986946105957
2010-02-19,82.73861694335938,109.47000122070312,64.92887115478516,20.248231887817383
2010-02-22,82.7535171508789,109.06999969482422,64.81653594970703,20.138322830200195
2010-02-23,81.74850463867188,107.88999938964844,65.04745483398438,19.808603286743164
2010-02-24,82.50040435791016,107.36000061035156,65.11620330810547,19.969234466552734
2010-02-25,82.38872528076172,108.30999755859375,65.2472915649414,19.631061553955078
2010-02-26,82.44084167480469,109.43000030517578,65.25978088378906,19.97768783569336
2010-03-01,83.29695129394531,109.43000030517578,65.35559844970703,19.77478790283203
2010-03-02,83.5277099609375,111.0199966430664,65.38065338134766,19.98614501953125
2010-03-03,83.60220336914062,111.62999725341797,65.38065338134766,20.18059539794922
2010-03-04,83.85530853271484,110.83000183105469,65.4996337890625,20.003053665161133
2010-03-05,85.0538330078125,110.80999755859375,65.37440490722656,20.239776611328125
2010-03-08,85.0687484741211,109.87999725341797,65.41822814941406,20.214412689208984
2010-03-09,85.21019744873047,109.72000122070312,65.49335479736328,19.994598388671875
2010-03-10,85.58988189697266,108.47000122070312,65.44950866699219,20.05377960205078
2010-03-11,85.94721984863281,108.5999984741211,65.44950866699219,20.003053665161133
2010-03-12,85.95468139648438,107.94999694824219,65.45575714111328,19.884689331054688
2010-03-15,85.97700500488281,108.36000061035156,65.53720092773438,19.647968292236328
2010-03-16,86.66191101074219,110.4000015258789,65.65618133544922,19.91005516052246
2010-03-17,87.17555236816406,109.58999633789062,65.70626831054688,20.087596893310547
2010-03-18,87.13088989257812,110.33999633789062,65.64988708496094,20.045324325561523
2010-03-19,86.68988037109375,108.27999877929688,65.59981536865234,19.80014991760254
2010-03-22,87.15331268310547,107.75,65.64988708496094,19.80014991760254
2010-03-23,87.76628112792969,108.31999969482422,65.66249084472656,19.715604782104492
2010-03-24,87.3402099609375,106.30000305175781,65.33052825927734,19.495792388916016
2010-03-25,87.19817352294922,106.77999877929688,65.16148376464844,19.385883331298828
2010-03-26,87.1458740234375,108.58999633789062,65.26793670654297,19.419700622558594
2010-03-29,87.69902801513672,108.75,65.19275665283203,19.85932731628418
2010-03-30,87.75882720947266,107.97000122070312,65.21781158447266,19.901601791381836
2010-03-31,87.45978546142578,108.94999694824219,65.25535583496094,19.884689331054688
2010-04-01,88.05780029296875,110.26000213623047,65.23089599609375,20.273595809936523
2010-04-05,88.77542877197266,110.88999938964844,64.82884216308594,20.594860076904297
2010-04-06,88.98475646972656,111.02999877929688,64.9104995727539,20.577951431274414
2010-04-07,88.4764404296875,112.48999786376953,65.18687438964844,20.501861572265625
2010-04-08,88.78292846679688,112.6500015258789,65.12411499023438,20.468042373657227
2010-04-09,89.36598205566406,113.63999938964844,65.19320678710938,20.510316848754883
2010-04-12,89.50802612304688,113.01000213623047,65.34398651123047,20.493406295776367
2010-04-13,89.57527923583984,112.69000244140625,65.45075225830078,20.56949806213379
2010-04-14,90.59192657470703,113.02999877929688,65.37535095214844,20.80622100830078
2010-04-15,90.66664123535156,113.6500015258789,65.49473571777344,20.882308959960938
2010-04-16,89.22393035888672,111.23999786376953,65.5952377319336,20.501861572265625
2010-04-19,89.56034851074219,111.1500015258789,65.47590637207031,20.239776611328125
2010-04-20,90.36019897460938,111.45999908447266,65.58270263671875,20.400407791137695
2010-04-21,90.19573974609375,112.30999755859375,65.69574737548828,20.501861572265625
2010-04-22,90.46484375,111.83999633789062,65.56383514404297,20.552587509155273
2010-04-23,91.05538177490234,113.19000244140625,65.48212432861328,20.6878604888916
2010-04-26,90.71149444580078,112.75,65.47590637207031,20.58640480041504
2010-04-27,88.56613159179688,114.62999725341797,65.68315887451172,20.273595809936523
2010-04-28,89.23890686035156,114.30999755859375,65.58270263671875,20.341228485107422
2010-04-29,90.34523010253906,114.27999877929688,65.60777282714844,20.501861572265625
2010-04-30,88.81282806396484,115.36000061035156,65.89049530029297,20.662494659423828
2010-05-03,89.96400451660156,115.7300033569336,65.76575469970703,20.763948440551758
2010-05-04,87.84851837158203,114.87000274658203,66.03036499023438,20.205957412719727
2010-05-05,87.32524871826172,115.08999633789062,65.9798812866211,19.74942398071289
2010-05-06,84.42488098144531,118.48999786376953,66.0744400024414,19.36052131652832
2010-05-07,83.16907501220703,118.2699966430664,65.78462219238281,19.259071350097656
2010-05-10,86.83187866210938,117.56999969482422,65.7783203125,19.631061553955078
2010-05-11,86.585205078125,120.66000366210938,66.02409362792969,19.59724235534668
2010-05-12,87.79617309570312,121.4000015258789,65.95475006103516,19.75787925720215
2010-05-13,86.70481872558594,120.55999755859375,66.04925537109375,19.588788986206055
2010-05-14,85.1350326538086,120.37000274658203,66.28865814208984,19.089981079101562
2010-05-17,85.17987823486328,119.36000061035156,66.23825073242188,18.548900604248047
2010-05-18,84.02120971679688,119.48999786376953,66.46505737304688,18.523536682128906
2010-05-19,83.5428237915039,116.62999725341797,66.4966049194336,18.354448318481445
2010-05-20,80.38825988769531,115.83999633789062,66.43988037109375,17.9740047454834
2010-05-21,81.56185150146484,115.22000122070312,66.72344207763672,18.160001754760742
2010-05-24,80.51536560058594,116.83999633789062,66.68568420410156,18.143089294433594
2010-05-25,80.59758758544922,117.36000061035156,66.76750946044922,17.999366760253906
2010-05-26,80.1116943359375,118.47000122070312,66.69190216064453,18.193817138671875
2010-05-27,82.7952880859375,118.69000244140625,66.53439331054688,18.726442337036133
2010-05-28,81.75621795654297,118.87999725341797,66.60370635986328,18.56580924987793
2010-06-01,80.38079071044922,119.91000366210938,66.7137222290039,18.21917724609375
2010-06-02,82.47388458251953,119.77999877929688,66.64412689208984,18.438993453979492
2010-06-03,82.75791931152344,117.95999908447266,66.61258697509766,18.540447235107422
2010-06-04,79.85005187988281,119.19000244140625,66.7831802368164,17.965547561645508
2010-06-07,78.85584259033203,121.48999786376953,66.97915649414062,17.999366760253906
2010-06-08,79.70054626464844,121.0,66.9032974243164,18.143089294433594
2010-06-09,79.27446746826172,120.55999755859375,66.94117736816406,18.22763442993164
2010-06-10,81.59175872802734,118.97000122070312,66.73893737792969,18.531993865966797
2010-06-11,81.98795318603516,120.01000213623047,66.7768783569336,18.557355880737305
2010-06-14,81.86085510253906,119.5999984741211,66.87168884277344,18.608081817626953
2010-06-15,83.72227478027344,120.98999786376953,66.87168884277344,18.9208927154541
2010-06-16,83.69230651855469,120.33000183105469,66.97278594970703,18.963167190551758
2010-06-17,83.82684326171875,121.9000015258789,67.13078308105469,18.97161865234375
2010-06-18,83.91773223876953,122.83000183105469,67.02336120605469,18.937801361083984
2010-06-21,83.67740631103516,120.38999938964844,67.16873931884766,18.861713409423828
2010-06-22,82.29544067382812,121.44999694824219,67.23822784423828,18.819440841674805
2010-06-23,82.04007720947266,120.94999694824219,67.40889739990234,18.506629943847656
2010-06-24,80.68062591552734,121.30000305175781,67.35198211669922,18.548900604248047
2010-06-25,81.01860809326172,122.76000213623047,67.44680786132812,18.887075424194336
2010-06-28,80.76322174072266,121.08999633789062,67.57318115234375,18.684171676635742
2010-06-29,78.2696533203125,121.2699966430664,67.77545166015625,18.168455123901367
2010-06-30,77.52609252929688,121.68000030517578,67.78175354003906,18.236087799072266
2010-07-01,77.18061828613281,117.04000091552734,67.74626159667969,17.957094192504883
2010-07-02,76.76000213623047,118.48999786376953,67.65117645263672,17.92327880859375
2010-07-06,77.2632064819336,116.51000213623047,67.86038208007812,17.9740047454834
2010-07-07,79.69670867919922,117.7300033569336,67.77159881591797,18.379812240600586
2010-07-08,80.48533630371094,117.20999908447266,67.75892639160156,18.548900604248047
2010-07-09,81.0862045288086,118.36000061035156,67.6574935913086,18.582719802856445
2010-07-12,81.13877868652344,117.33999633789062,67.73356628417969,18.37135887145996
2010-07-13,82.36302947998047,118.36000061035156,67.56246185302734,18.667261123657227
2010-07-14,82.35549926757812,118.30000305175781,67.79064178466797,18.633445739746094
2010-07-15,82.3780288696289,118.2300033569336,67.88571166992188,18.810985565185547
2010-07-16,80.10977935791016,116.66999816894531,68.09490203857422,18.574262619018555
2010-07-19,80.58296203613281,115.7300033569336,68.03153991699219,18.557355880737305
2010-07-20,81.47675323486328,116.6500015258789,67.98079681396484,18.70953369140625
2010-07-21,80.41773223876953,115.8499984741211,68.27870178222656,18.6588077545166
2010-07-22,82.21280670166016,116.86000061035156,68.2153091430664,19.03080177307129
2010-07-23,82.92630004882812,116.08999633789062,68.09490203857422,18.97161865234375
2010-07-26,83.7900619506836,115.5199966430664,68.0821762084961,18.954710006713867
2010-07-27,83.78251647949219,113.51000213623047,68.05684661865234,18.75180435180664
2010-07-28,83.2417984008789,113.77999877929688,68.18363952636719,18.827896118164062
2010-07-29,82.83616638183594,114.29000091552734,68.24700164794922,19.09843635559082
2010-07-30,82.82115936279297,115.48999786376953,68.36112213134766,19.35206413269043
2010-08-02,84.69135284423828,115.54000091552734,68.26830291748047,19.72406005859375
2010-08-03,84.28577423095703,115.98999786376953,68.31282043457031,19.79169464111328
2010-08-04,84.84907531738281,116.72000122070312,68.19204711914062,19.960783004760742
2010-08-05,84.75897979736328,116.9800033569336,68.27462005615234,19.86778450012207
2010-08-06,84.41349792480469,117.83999633789062,68.40815734863281,19.690242767333984
2010-08-09,84.86407470703125,117.4000015258789,68.40815734863281,19.75787925720215
2010-08-10,84.40595245361328,117.7300033569336,68.52251434326172,19.546518325805664
2010-08-11,82.09264373779297,117.33999633789062,68.58604431152344,19.106889724731445
2010-08-12,81.58940124511719,118.7699966430664,68.47801971435547,18.963167190551758
2010-08-13,81.34903717041016,118.73999786376953,68.63700866699219,18.946256637573242
2010-08-16,81.31150817871094,119.7300033569336,68.86571502685547,18.887075424194336
2010-08-17,82.31044006347656,119.75,68.7830810546875,19.157617568969727
2010-08-18,82.46068572998047,120.22000122070312,68.70689392089844,19.081527709960938
2010-08-19,81.02610778808594,120.38999938964844,68.92931365966797,18.887075424194336
2010-08-20,80.76322174072266,119.97000122070312,68.83395385742188,18.768714904785156
2010-08-23,80.45527648925781,119.77999877929688,68.90390014648438,18.64189910888672
2010-08-24,79.2610855102539,120.36000061035156,69.17719268798828,18.430538177490234
2010-08-25,79.56901550292969,121.36000061035156,69.0183334350586,18.523536682128906
2010-08-26,79.0357437133789,120.95999908447266,69.10726928710938,18.734895706176758
2010-08-27,80.26002502441406,121.01000213623047,68.72590637207031,19.056163787841797
2010-08-30,79.09584045410156,120.91000366210938,69.18992614746094,19.02234649658203
2010-08-31,79.09584045410156,122.08000183105469,69.24077606201172,18.768714904785156
2010-09-01,81.46172332763672,121.69000244140625,69.09286499023438,19.140708923339844
2010-09-02,82.22030639648438,122.29000091552734,69.00361633300781,19.275978088378906
2010-09-03,83.28684997558594,121.86000061035156,68.8443832397461,19.377429962158203
2010-09-07,82.3479995727539,122.69999694824219,69.04185485839844,19.4788818359375
2010-09-08,82.92630004882812,122.70999908447266,68.9908676147461,19.521154403686523
2010-09-09,83.30935668945312,121.55999755859375,68.65953826904297,19.411245346069336
2010-09-10,83.7299575805664,121.7300033569336,68.512939453125,19.614154815673828
2010-09-13,84.66130065917969,121.62000274658203,68.66590118408203,19.75787925720215
2010-09-14,84.60877227783203,124.0199966430664,68.91443634033203,19.817058563232422
2010-09-15,84.93170928955078,123.94000244140625,68.78695678710938,19.783241271972656
2010-09-16,84.90917205810547,124.62999725341797,68.67223358154297,19.681787490844727
2010-09-17,84.94087219238281,124.54000091552734,68.7614974975586,19.74942398071289
2010-09-20,86.23963165283203,124.87000274658203,68.78695678710938,19.91005516052246
2010-09-21,86.06595611572266,126.01000213623047,69.08008575439453,19.69869613647461
2010-09-22,85.64309692382812,126.19999694824219,69.09923553466797,19.817058563232422
2010-09-23,84.94842529296875,126.30000305175781,69.17571258544922,19.833965301513672
2010-09-24,86.70026397705078,126.69000244140625,68.92082214355469,20.138322830200195
2010-09-27,86.28494262695312,126.72000122070312,69.15666961669922,20.003053665161133
2010-09-28,86.58700561523438,127.8499984741211,69.32232666015625,20.003053665161133
2010-09-29,86.43597412109375,127.94999694824219,69.2713394165039,20.265138626098633
2010-09-30,86.17924499511719,127.91000366210938,69.24581909179688,20.383499145507812
2010-10-01,86.54167175292969,128.91000366210938,69.16600036621094,20.425771713256836
2010-10-04,85.89234161376953,128.4600067138672,69.28096008300781,20.35814094543457
2010-10-05,87.62145233154297,130.99000549316406,69.28096008300781,20.772401809692383
2010-10-06,87.61393737792969,131.80999755859375,69.3512954711914,20.78085708618164
2010-10-07,87.50824737548828,130.3699951171875,69.38318634033203,20.56949806213379
2010-10-08,87.99901580810547,131.66000366210938,69.52375793457031,21.25429916381836
2010-10-11,88.08209228515625,132.2899932861328,69.48545837402344,21.152851104736328
2010-10-12,88.35392761230469,131.9600067138672,69.41512298583984,21.25429916381836
2010-10-13,89.04104614257812,134.07000732421875,69.40876007080078,21.355754852294922
2010-10-14,88.69376373291016,134.75,69.15323638916016,21.321937561035156
2010-10-15,88.87490844726562,133.67999267578125,69.01261901855469,21.085216522216797
2010-10-18,89.31289672851562,134.27999877929688,69.25542449951172,21.296573638916016
2010-10-19,88.14250946044922,130.11000061035156,69.31287384033203,20.670949935913086
2010-10-20,89.00331115722656,131.32000732421875,69.39598846435547,21.161304473876953
2010-10-21,89.19959259033203,129.47000122070312,69.28736877441406,20.89921760559082
2010-10-22,89.36573028564453,129.72999572753906,69.31932067871094,21.076757431030273
2010-10-25,89.6300277709961,130.85000610351562,69.32577514648438,21.18666648864746
2010-10-26,89.64511108398438,130.8800048828125,69.16600036621094,21.296573638916016
2010-10-27,89.38842010498047,129.52000427246094,69.03182220458984,21.228940963745117
2010-10-28,89.40349578857422,131.24000549316406,69.20428466796875,21.33884620666504
2010-10-29,89.47148895263672,132.6199951171875,69.3512954711914,21.28812026977539
2010-11-01,89.50164031982422,131.9199981689453,69.32308959960938,21.423389434814453
2010-11-02,90.21145629882812,132.49000549316406,69.44474792480469,21.617839813232422
2010-11-03,90.57390594482422,131.57000732421875,69.43195343017578,21.71929168701172
2010-11-04,92.31818389892578,136.02999877929688,69.76499938964844,22.235008239746094
2010-11-05,92.66552734375,136.3800048828125,69.5728759765625,22.328006744384766
2010-11-08,92.49185180664062,137.77999877929688,69.5408706665039,22.38718605041504
2010-11-09,91.82737731933594,135.58999633789062,69.20137786865234,22.235008239746094
2010-11-10,92.19739532470703,137.24000549316406,69.14370727539062,22.47173309326172
2010-11-11,91.85001373291016,137.66000366210938,69.1373519897461,22.285736083984375
2010-11-12,90.76268768310547,133.69000244140625,68.86190795898438,21.355754852294922
2010-11-15,90.63430786132812,132.4199981689453,68.48402404785156,21.389570236206055
2010-11-16,89.22230529785156,130.97000122070312,68.65052032470703,20.7554931640625
2010-11-17,89.26758575439453,130.3800048828125,68.6697998046875,20.594860076904297
2010-11-18,90.58142852783203,132.08999633789062,68.65052032470703,21.152851104736328
2010-11-19,90.83065032958984,132.1999969482422,68.7273941040039,20.848491668701172
2010-11-22,90.75514221191406,133.47999572753906,68.8939208984375,20.916126251220703
2010-11-23,89.44123840332031,134.41000366210938,68.96436309814453,20.865402221679688
2010-11-24,90.76268768310547,134.17999267578125,68.63130187988281,21.25429916381836
2010-11-26,89.70555877685547,133.11000061035156,68.772216796875,21.355754852294922
2010-11-29,89.9773941040039,133.50999450683594,68.81712341308594,21.398025512695312
2010-11-30,89.47148895263672,135.4199981689453,68.772216796875,21.195119857788086
2010-12-01,91.37431335449219,135.3800048828125,68.41361999511719,21.82074546813965
2010-12-02,92.54471588134766,135.1999969482422,68.27841186523438,22.006738662719727
2010-12-03,92.79391479492188,138.07000732421875,68.41361999511719,22.285736083984375
2010-12-06,92.69574737548828,139.11000061035156,68.66474151611328,22.260372161865234
2010-12-07,92.74858093261719,136.5,68.13034057617188,22.108192443847656
2010-12-08,93.08837890625,134.7899932861328,67.80199432373047,22.27728271484375
2010-12-09,93.4508285522461,135.3699951171875,67.92430114746094,22.218101501464844
2010-12-10,93.99449920654297,135.41000366210938,67.79553985595703,22.184282302856445
2010-12-13,94.05492401123047,136.0500030517578,67.8405990600586,22.404096603393555
2010-12-14,94.13795471191406,136.17999267578125,67.46076965332031,22.34491539001465
2010-12-15,93.70755004882812,134.6999969482422,67.3448486328125,22.285736083984375
2010-12-16,94.25120544433594,133.80999755859375,67.47364044189453,22.209644317626953
2010-12-17,94.3521728515625,134.1999969482422,67.8405990600586,22.378732681274414
2010-12-20,94.57991790771484,135.11000061035156,67.8857192993164,22.581636428833008
2010-12-21,95.1795425415039,135.32000732421875,68.01445770263672,22.72536277770996
2010-12-22,95.47557067871094,135.0500030517578,67.93717956542969,22.84372329711914
2010-12-23,95.33895111083984,134.66000366210938,67.8084487915039,22.92827033996582
2010-12-27,95.3769302368164,135.02000427246094,68.0015869140625,22.885997772216797
2010-12-28,95.51353454589844,137.22000122070312,67.60367584228516,23.13117218017578
2010-12-29,95.5819091796875,137.7100067138672,68.08164978027344,23.139625549316406
2010-12-30,95.4300765991211,137.02999877929688,68.02999114990234,22.860633850097656
2010-12-31,95.45282745361328,138.72000122070312,68.30772399902344,23.291805267333984
2011-01-03,96.43962860107422,138.0,68.2302474975586,23.393259048461914
2011-01-04,96.38650512695312,134.75,68.24960327148438,23.080446243286133
2011-01-05,96.8874740600586,134.3699951171875,67.92017364501953,23.325624465942383
2011-01-06,96.69770050048828,133.8300018310547,67.93302917480469,23.012813568115234
2011-01-07,96.50794219970703,133.5800018310547,68.15270233154297,22.92827033996582
2011-01-10,96.38650512695312,134.1199951171875,68.33355712890625,23.198806762695312
2011-01-11,96.72810363769531,134.91000366210938,68.19793701171875,23.460891723632812
2011-01-12,97.60098266601562,135.4600067138672,68.19146728515625,23.613075256347656
2011-01-13,97.44161987304688,134.0500030517578,68.43695831298828,23.579252243041992
2011-01-14,98.14752197265625,132.69000244140625,68.29487609863281,23.68916130065918
2011-01-18,98.31454467773438,133.42999267578125,68.24960327148438,23.66379737854004
2011-01-19,97.35049438476562,133.72000122070312,68.26254272460938,23.6384334564209
2011-01-20,97.22148132324219,131.1999969482422,68.00415802001953,23.40171241760254
2011-01-21,97.44161987304688,131.02999877929688,68.21731567382812,23.6384334564209
2011-01-24,97.99573516845703,130.36000061035156,68.1785659790039,23.435529708862305
2011-01-25,98.04885864257812,130.10000610351562,68.3917236328125,23.139625549316406
2011-01-26,98.42839050292969,131.16000366210938,68.16569519042969,23.655344009399414
2011-01-27,98.6712646484375,127.93000030517578,68.28187561035156,23.452438354492188
2011-01-28,96.94817352294922,130.27999877929688,68.3788070678711,23.748340606689453
2011-01-31,97.67691040039062,129.8699951171875,68.24960327148438,24.120336532592773
2011-02-01,99.24060821533203,130.8000030517578,68.10448455810547,24.29787826538086
2011-02-02,99.0508041381836,130.4499969482422,68.02672576904297,24.53459930419922
2011-02-03,99.27094268798828,132.1999969482422,67.77401733398438,24.373964309692383
2011-02-04,99.55180358886719,131.66000366210938,67.54730224609375,24.23869514465332
2011-02-07,100.17423248291016,131.67999267578125,67.57321166992188,24.17106056213379
2011-02-08,100.62966918945312,133.13999938964844,67.37885284423828,24.33169174194336
2011-02-09,100.40196228027344,133.07000732421875,67.50199890136719,24.450054168701172
2011-02-10,100.43990325927734,132.85000610351562,67.30756378173828,24.30632972717285
2011-02-11,101.03958129882812,132.32000732421875,67.57321166992188,24.22178840637207
2011-02-14,101.282470703125,132.9499969482422,67.6056137084961,24.340150833129883
2011-02-15,100.96365356445312,133.97000122070312,67.68982696533203,24.02733612060547
2011-02-16,101.60128021240234,134.10000610351562,67.68982696533203,24.204875946044922
2011-02-17,101.9049301147461,135.0399932861328,67.85185241699219,24.280967712402344
2011-02-18,102.11744689941406,135.41000366210938,67.8259048461914,24.255605697631836
2011-02-22,100.0679702758789,136.2899932861328,68.07205963134766,24.22178840637207
2011-02-23,99.45310974121094,137.50999450683594,68.12391662597656,24.762868881225586
2011-02-24,99.38480377197266,136.47999572753906,68.13682556152344,24.543054580688477
2011-02-25,100.4475326538086,137.3800048828125,68.31826782226562,25.08413314819336
2011-02-28,101.0699234008789,137.66000366210938,68.4478530883789,25.126405715942383
2011-03-01,99.38480377197266,140.02999877929688,68.39266967773438,25.506855010986328
2011-03-02,99.59735107421875,139.9199981689453,68.28218078613281,25.608306884765625
2011-03-03,101.31283569335938,138.08999633789062,68.04183197021484,25.599851608276367
2011-03-04,100.55376434326172,139.35000610351562,68.22378540039062,25.726667404174805
2011-03-07,99.76432800292969,139.72000122070312,68.25621795654297,25.608306884765625
2011-03-08,100.63727569580078,139.36000061035156,68.2042465209961,25.388492584228516
2011-03-09,100.49307250976562,139.41000366210938,68.36663055419922,25.48994255065918
2011-03-10,98.63333129882812,137.77000427246094,68.60700225830078,25.075679779052734
2011-03-11,99.3165054321289,138.22000122070312,68.61998748779297,24.931955337524414
2011-03-14,98.71685028076172,138.86000061035156,68.65898132324219,24.999588012695312
2011-03-15,97.58580017089844,136.27000427246094,68.68498992919922,24.086517333984375
2011-03-16,95.77924346923828,136.24000549316406,68.87987518310547,24.230239868164062
2011-03-17,97.046875,136.97000122070312,68.83443450927734,24.98267936706543
2011-03-18,97.39984130859375,138.3699951171875,68.80839538574219,25.126405715942383
2011-03-21,98.90934753417969,139.13999938964844,68.64602661132812,25.244766235351562
2011-03-22,98.56627655029297,139.0500030517578,68.65247344970703,25.430763244628906
2011-03-23,98.84834289550781,140.33999633789062,68.61998748779297,25.481489181518555
2011-03-24,99.79367065429688,139.22000122070312,68.43157958984375,25.5660343170166
2011-03-25,100.09860229492188,139.25999450683594,68.3731689453125,25.633668899536133
2011-03-28,99.85469055175781,138.5399932861328,68.34063720703125,25.28703498840332
2011-03-29,100.52552032470703,138.2100067138672,68.25621795654297,25.430763244628906
2011-03-30,101.21931457519531,138.6699981689453,68.3731689453125,25.39694595336914
2011-03-31,101.08207702636719,139.86000061035156,68.29521179199219,25.79430389404297
2011-04-01,101.50899505615234,139.1999969482422,68.38841247558594,25.97184181213379
2011-04-04,101.59284973144531,139.83999633789062,68.49911499023438,26.208568572998047
2011-04-05,101.57762908935547,142.0500030517578,68.35576629638672,26.233930587768555
2011-04-06,101.8978271484375,142.3800048828125,68.15380096435547,26.31001853942871
2011-04-07,101.63861083984375,142.50999450683594,68.25804901123047,26.36074447631836
2011-04-08,101.28792572021484,143.66000366210938,68.12776184082031,26.98636817932129
2011-04-11,100.98298645019531,142.63999938964844,68.19292449951172,26.487558364868164
2011-04-12,100.22821807861328,141.61000061035156,68.4535140991211,25.94647979736328
2011-04-13,100.22063446044922,141.89999389648438,68.52513885498047,26.149385452270508
2011-04-14,100.29685974121094,143.80999755859375,68.46002197265625,26.21702003479004
2011-04-15,100.66276550292969,145.0500030517578,68.70763397216797,26.3522891998291
2011-04-18,99.53447723388672,145.92999267578125,68.82491302490234,26.1916561126709
2011-04-19,100.10625457763672,145.92999267578125,68.96175384521484,26.200109481811523
2011-04-20,101.47091674804688,146.5,68.86402893066406,26.6143741607666
2011-04-21,101.98931121826172,146.74000549316406,68.90962982177734,26.808826446533203
2011-04-25,101.88256072998047,146.8699951171875,68.94871520996094,26.732736587524414
2011-04-26,102.7592544555664,146.3800048828125,69.20281982421875,26.724285125732422
2011-04-27,103.43013000488281,149.1999969482422,69.14417266845703,26.88491439819336
2011-04-28,103.765625,149.82000732421875,69.30712890625,26.69046401977539
2011-04-29,104.00958251953125,152.3699951171875,69.36572265625,26.969457626342773
2011-05-02,103.8494644165039,150.41000366210938,69.40231323242188,26.69891929626465
2011-05-03,103.47591400146484,149.8800048828125,69.42194366455078,26.419925689697266
2011-05-04,102.7897720336914,147.72999572753906,69.55264282226562,25.99720573425293
2011-05-05,101.85971069335938,143.47000122070312,69.70948028564453,24.255605697631836
2011-05-06,102.30950164794922,145.3000030517578,69.7029037475586,24.179515838623047
2011-05-09,102.70592498779297,147.3800048828125,69.78134155273438,25.067224502563477
2011-05-10,103.58261108398438,147.89999389648438,69.65717315673828,25.295494079589844
2011-05-11,102.49246978759766,146.5399932861328,69.78134155273438,24.48387336730957
2011-05-12,102.98037719726562,146.58999633789062,69.67676544189453,24.509235382080078
2011-05-13,102.1875,145.6300048828125,69.78792572021484,24.551509857177734
2011-05-16,101.53951263427734,145.3699951171875,69.93819427490234,24.230239868164062
2011-05-17,101.52426147460938,144.74000549316406,70.0166015625,24.28942108154297
2011-05-18,102.4314956665039,145.60000610351562,69.90553283691406,24.779775619506836
2011-05-19,102.6754150390625,145.64999389648438,69.85320281982422,24.585325241088867
2011-05-20,101.85971069335938,147.49000549316406,69.91859436035156,24.813594818115234
2011-05-23,100.67800903320312,147.8300018310547,69.97740173339844,24.416236877441406
2011-05-24,100.59414672851562,148.58999633789062,70.00355529785156,24.74595832824707
2011-05-25,100.92961120605469,148.5800018310547,69.99048614501953,25.194040298461914
2011-05-26,101.39466094970703,148.22000122070312,70.14083862304688,25.28703498840332
2011-05-27,101.78345489501953,149.6999969482422,70.20613861083984,25.430763244628906
2011-05-31,102.84313201904297,149.63999938964844,70.22576904296875,25.574485778808594
2011-06-01,100.53319549560547,149.91000366210938,70.52918243408203,25.253225326538086
2011-06-02,100.42645263671875,149.5,70.24729919433594,25.47303581237793
2011-06-03,99.42777252197266,150.22000122070312,70.339111328125,25.574485778808594
2011-06-06,98.37569427490234,150.47999572753906,70.35225677490234,25.278583526611328
2011-06-07,98.314697265625,150.4199981689453,70.49642181396484,25.51530647277832
2011-06-08,97.90298461914062,149.80999755859375,70.5553970336914,25.726667404174805
2011-06-09,98.65013885498047,150.55999755859375,70.45050048828125,25.870389938354492
2011-06-10,97.27788543701172,149.24000549316406,70.44397735595703,25.599851608276367
2011-06-13,97.35411834716797,147.77000427246094,70.35225677490234,25.430763244628906
2011-06-14,98.58914947509766,148.6699981689453,70.16217041015625,25.608306884765625
2011-06-15,96.83570098876953,149.1199951171875,70.339111328125,24.92350196838379
2011-06-16,97.04914855957031,148.97000122070312,70.38500213623047,24.822046279907227
2011-06-17,97.33877563476562,149.94000244140625,70.45050048828125,24.712142944335938
2011-06-20,97.83676147460938,150.02999877929688,70.35877227783203,24.576871871948242
2011-06-21,99.17750549316406,150.75999450683594,70.4243392944336,24.593782424926758
2011-06-22,98.57992553710938,150.99000549316406,70.37843322753906,24.703685760498047
2011-06-23,98.29644775390625,148.33999633789062,70.60777282714844,24.179515838623047
2011-06-24,97.15489959716797,146.25999450683594,70.5422592163086,23.892066955566406
2011-06-27,98.0206527709961,145.72999572753906,70.41781616210938,23.88361358642578
2011-06-28,99.30008697509766,146.24000549316406,70.13594818115234,24.30632972717285
2011-06-29,100.15054321289062,147.17999267578125,69.92622375488281,24.74595832824707
2011-06-30,101.10818481445312,146.0,69.91312408447266,24.48387336730957
2011-07-01,102.60220336914062,144.92999267578125,69.93547058105469,24.517690658569336
2011-07-05,102.51792907714844,147.6300048828125,70.2049331665039,24.847408294677734
2011-07-06,102.6405029296875,148.91000366210938,70.24440002441406,24.838956832885742
2011-07-07,103.70547485351562,149.14999389648438,70.04719543457031,25.363126754760742
2011-07-08,102.96992492675781,150.25,70.4087142944336,25.3377628326416
2011-07-11,101.10818481445312,151.58999633789062,70.59932708740234,25.143314361572266
2011-07-12,100.67146301269531,152.77000427246094,70.65850067138672,25.363126754760742
2011-07-13,101.00859832763672,154.13999938964844,70.79647827148438,25.709758758544922
2011-07-14,100.3114013671875,154.5399932861328,70.6190414428711,25.5660343170166
2011-07-15,100.89368438720703,155.1999969482422,70.7176513671875,25.79430389404297
2011-07-18,100.06623840332031,156.57000732421875,70.61244201660156,25.65057945251465
2011-07-19,101.69049835205078,154.66000366210938,70.76363372802734,25.82811737060547
2011-07-20,101.629150390625,156.02000427246094,70.65188598632812,25.912660598754883
2011-07-21,103.03888702392578,154.8300018310547,70.54015350341797,25.785846710205078
2011-07-22,103.10784149169922,156.1199951171875,70.69135284423828,25.99720573425293
2011-07-25,102.53327178955078,157.33999633789062,70.48755645751953,25.870389938354492
2011-07-26,102.15017700195312,157.77000427246094,70.65188598632812,26.07329559326172
2011-07-27,100.0585708618164,157.19000244140625,70.5335693359375,25.895751953125
2011-07-28,99.76746368408203,157.32000732421875,70.67158508300781,25.81121063232422
2011-07-29,99.08557891845703,158.2899932861328,71.0923080444336,25.599851608276367
2011-08-01,98.6642074584961,157.72000122070312,71.26366424560547,25.599851608276367
2011-08-02,96.14359283447266,161.52000427246094,71.56681060791016,25.599851608276367
2011-08-03,96.66458892822266,161.49000549316406,71.63932800292969,25.219404220581055
2011-08-04,92.13663482666016,160.63999938964844,72.02162170410156,24.26405906677246
2011-08-05,91.99872589111328,161.75,71.54711151123047,24.365510940551758
2011-08-08,86.00750732421875,167.1199951171875,71.58000946044922,23.460891723632812
2011-08-09,90.00676727294922,168.61000061035156,72.0018310546875,23.68916130065918
2011-08-10,86.03048706054688,174.5800018310547,72.58843231201172,23.790613174438477
2011-08-11,89.8918228149414,170.75,71.6854476928711,24.30632972717285
2011-08-12,90.49706268310547,169.97000122070312,72.0018310546875,24.272510528564453
2011-08-15,92.41244506835938,171.8000030517578,72.1138687133789,24.568416595458984
2011-08-16,91.62333679199219,173.9199981689453,72.26551818847656,24.568416595458984
2011-08-17,91.68460083007812,174.4199981689453,72.3841552734375,24.779775619506836
2011-08-18,87.73131561279297,177.72000122070312,72.4896240234375,24.17106056213379
2011-08-19,86.2986068725586,179.9499969482422,72.52259826660156,24.602235794067383
2011-08-22,86.36756134033203,184.58999633789062,72.43030548095703,24.644506454467773
2011-08-23,89.20996856689453,177.6699981689453,72.25887298583984,24.89813995361328
2011-08-24,90.4664535522461,171.64999389648438,71.85018920898438,24.644506454467773
2011-08-25,89.08740234375,172.36000061035156,71.9952621459961,24.754413604736328
2011-08-26,90.38215637207031,177.47000122070312,72.09416961669922,25.03340721130371
2011-08-29,92.97942352294922,173.88999938964844,72.0150146484375,25.117950439453125
2011-08-30,93.22456359863281,179.10000610351562,72.23910522460938,25.456125259399414
2011-08-31,93.63829040527344,177.72000122070312,72.17323303222656,25.498395919799805
2011-09-01,92.65764617919922,177.8699951171875,72.40570068359375,25.32085609436035
2011-09-02,90.29022216796875,183.24000549316406,72.62371063232422,25.185588836669922
2011-09-06,89.6313247680664,182.89999389648438,72.81525421142578,25.101043701171875
2011-09-07,92.15963745117188,177.0800018310547,72.6435317993164,25.329309463500977
2011-09-08,91.20193481445312,181.80999755859375,72.663330078125,25.16022300720215
2011-09-09,88.81155395507812,180.6999969482422,72.76239776611328,24.762868881225586
2011-09-12,89.38616943359375,176.6699981689453,72.6170883178711,24.703685760498047
2011-09-13,90.20594787597656,178.5399932861328,72.6435317993164,24.627595901489258
2011-09-14,91.45475006103516,177.2100067138672,72.65673065185547,24.509235382080078
2011-09-15,93.03303527832031,174.39999389648438,72.44538116455078,24.610689163208008
2011-09-16,93.58365631103516,176.02999877929688,72.55104064941406,24.500782012939453
2011-09-19,92.65178680419922,173.30999755859375,72.70958709716797,24.086517333984375
2011-09-20,92.54401397705078,175.77999877929688,72.85491180419922,24.04424476623535
2011-09-21,89.8178482055664,173.58999633789062,72.97376251220703,23.68916130065918
2011-09-22,86.91452026367188,169.0500030517578,73.18510437011719,22.8521785736084
2011-09-23,87.43822479248047,159.8000030517578,72.80860900878906,22.446367263793945
2011-09-26,89.5174560546875,157.5800018310547,72.6435317993164,22.522457122802734
2011-09-27,90.51863861083984,160.6300048828125,72.54442596435547,22.902904510498047
2011-09-28,88.6703872680664,156.22000122070312,72.48499298095703,22.285736083984375
2011-09-29,89.37118530273438,157.6999969482422,72.45855712890625,22.547819137573242
2011-09-30,87.13784790039062,158.05999755859375,72.72940063476562,21.770017623901367
2011-10-03,84.65811157226562,160.9600067138672,73.02653503417969,21.660110473632812
2011-10-04,86.51408386230469,157.63999938964844,72.80152130126953,21.617839813232422
2011-10-05,88.11590576171875,159.4600067138672,72.556640625,21.922195434570312
2011-10-06,89.71002197265625,160.49000549316406,72.43743896484375,22.378732681274414
2011-10-07,89.10934448242188,159.17999267578125,72.29194641113281,22.27728271484375
2011-10-10,92.0896224975586,163.27000427246094,72.14628601074219,22.776090621948242
2011-10-11,92.18206787109375,162.10000610351562,72.31836700439453,22.945175170898438
2011-10-12,92.99064636230469,163.25999450683594,72.17937469482422,22.987449645996094
2011-10-13,92.80584716796875,162.3000030517578,72.21907806396484,23.038175582885742
2011-10-14,94.39228820800781,163.39999389648438,72.09994506835938,23.562347412109375
2011-10-17,92.59024047851562,162.6199951171875,72.38455200195312,23.224170684814453
2011-10-18,94.39997100830078,161.83999633789062,72.30517578125,23.350988388061523
2011-10-19,93.28333282470703,159.8699951171875,72.41105651855469,22.894451141357422
2011-10-20,93.69146728515625,157.77000427246094,72.3713607788086,22.860633850097656
2011-10-21,95.47041320800781,159.52000427246094,72.41105651855469,22.97899627685547
2011-10-24,96.64098358154297,161.02000427246094,72.29850769042969,23.342531204223633
2011-10-25,94.7619400024414,165.58999633789062,72.66915893554688,23.418621063232422
2011-10-26,95.72456359863281,167.39999389648438,72.47059631347656,23.28335189819336
2011-10-27,99.05914306640625,169.5500030517578,72.19268035888672,23.900522232055664
2011-10-28,99.03606414794922,169.6199951171875,72.47724914550781,23.799068450927734
2011-10-31,96.648681640625,167.33999633789062,72.82142639160156,23.435529708862305
2011-11-01,93.95331573486328,167.3800048828125,73.17103576660156,23.15653419494629
2011-11-02,95.48583984375,169.05999755859375,73.17103576660156,23.30025863647461
2011-11-03,97.22627258300781,171.72000122070312,73.01187133789062,23.587709426879883
2011-11-04,96.6333236694336,170.85000610351562,72.99190521240234,23.66379737854004
2011-11-07,97.2339859008789,174.97999572753906,73.05164337158203,24.01042938232422
2011-11-08,98.4815444946289,173.52999877929688,72.95213317871094,24.1287899017334
2011-11-09,94.84664154052734,172.07000732421875,73.078125,23.59616470336914
2011-11-10,95.73995971679688,171.13999938964844,72.93880462646484,23.57080078125
2011-11-11,97.54200744628906,173.9600067138672,72.85250854492188,23.799068450927734
2011-11-14,96.61785125732422,173.1999969482422,72.91228485107422,23.545438766479492
2011-11-15,97.09535217285156,173.36000061035156,72.81938934326172,23.714521408081055
2011-11-16,95.55509948730469,171.50999450683594,72.79281616210938,23.655344009399414
2011-11-17,94.03801727294922,167.10000610351562,72.75303649902344,23.105810165405273
2011-11-18,93.93791198730469,167.6199951171875,72.73974609375,23.07199478149414
2011-11-21,92.1512680053711,163.5,72.7264633178711,22.902904510498047
2011-11-22,91.7892837524414,165.30999755859375,72.77958679199219,23.055084228515625
2011-11-23,89.76390838623047,164.8300018310547,72.84591674804688,22.708454132080078
2011-11-25,89.594482421875,163.39999389648438,72.74639129638672,22.522457122802734
2011-11-28,92.18975830078125,166.6300048828125,72.73974609375,22.801450729370117
2011-11-29,92.45161437988281,166.8800048828125,72.76630401611328,23.097354888916016
2011-11-30,96.25594329833984,170.1300048828125,72.58052825927734,23.367895126342773
2011-12-01,96.24053192138672,169.6300048828125,72.6058349609375,23.28335189819336
2011-12-02,96.15582275390625,169.82000732421875,72.79263305664062,23.486257553100586
2011-12-05,97.20317840576172,167.32000732421875,72.87269592285156,23.359439849853516
2011-12-06,97.2339859008789,168.17999267578125,72.80596923828125,23.486257553100586
2011-12-07,97.5959243774414,169.39999389648438,72.93939971923828,23.28335189819336
2011-12-08,95.45500946044922,165.97999572753906,73.01274871826172,22.987449645996094
2011-12-09,97.0722427368164,166.39999389648438,72.97273254394531,23.07199478149414
2011-12-12,95.65524291992188,161.99000549316406,72.99275970458984,22.776090621948242
2011-12-13,94.7619400024414,158.4499969482422,73.13951873779297,22.86908721923828
2011-12-14,93.75306701660156,152.88999938964844,73.31963348388672,22.057466506958008
2011-12-15,94.09193420410156,152.3300018310547,73.16622924804688,21.947559356689453
2011-12-16,94.23143005371094,155.22999572753906,73.41302490234375,22.125099182128906
2011-12-19,93.22395324707031,154.8699951171875,73.48635864257812,22.023649215698242
2011-12-20,96.04491424560547,156.97999572753906,73.38629150390625,22.530912399291992
2011-12-21,96.23091125488281,157.16000366210938,73.19953918457031,22.691545486450195
2011-12-22,97.0833740234375,156.0399932861328,73.31295013427734,22.716907501220703
2011-12-23,97.95137786865234,156.30999755859375,73.22626495361328,22.826814651489258
2011-12-27,98.02888488769531,154.91000366210938,73.35833740234375,22.92827033996582
2011-12-28,96.7424087524414,151.02999877929688,73.48509216308594,22.65772819519043
2011-12-29,97.74213409423828,150.33999633789062,73.65859985351562,22.72536277770996
2011-12-30,97.26166534423828,151.99000549316406,73.56514739990234,22.691545486450195
2012-01-03,98.81166076660156,155.9199981689453,73.41842651367188,23.367895126342773
2012-01-04,98.96663665771484,156.7100067138672,73.31827545166016,23.545438766479492
2012-01-05,99.23014068603516,157.77999877929688,73.41842651367188,23.224170684814453
2012-01-06,98.974365234375,157.1999969482422,73.47844696044922,23.325624465942383
2012-01-09,99.21460723876953,156.5,73.41842651367188,23.350988388061523
2012-01-10,100.07487487792969,158.63999938964844,73.39834594726562,23.52007293701172
2012-01-11,100.12913513183594,159.6699981689453,73.65859985351562,23.452438354492188
2012-01-12,100.36937713623047,160.3800048828125,73.59856414794922,23.122718811035156
2012-01-13,99.85014343261719,159.25999450683594,73.76537322998047,23.07199478149414
2012-01-17,100.23760986328125,160.5,73.78544616699219,23.232624053955078
2012-01-18,101.34589385986328,161.60000610351562,73.6920166015625,23.241079330444336
2012-01-19,101.88062286376953,161.22000122070312,73.57186889648438,23.342531204223633
2012-01-20,102.26034545898438,162.07000732421875,73.38505554199219,23.173442840576172
2012-01-23,101.9968490600586,163.16000366210938,73.32498931884766,23.443984985351562
2012-01-24,101.88062286376953,162.00999450683594,73.38505554199219,23.486257553100586
2012-01-25,102.73312377929688,166.4199981689453,73.4917984008789,23.680709838867188
2012-01-26,102.20613098144531,167.27000427246094,73.63858795166016,23.748340606689453
2012-01-27,102.15962982177734,168.97000122070312,73.75871276855469,23.8328857421875
2012-01-30,101.81084442138672,168.02999877929688,73.97218322753906,23.587709426879883
2012-01-31,101.77210235595703,169.30999755859375,74.0990219116211,23.52853012084961
2012-02-01,102.6633529663086,169.55999755859375,73.96858978271484,23.604618072509766
2012-02-02,102.82609558105469,171.0500030517578,73.98863220214844,23.66379737854004
2012-02-03,104.2676010131836,167.63999938964844,73.9551773071289,23.942794799804688
2012-02-06,104.19784545898438,167.17999267578125,74.00872039794922,24.061155319213867
2012-02-07,104.46134948730469,169.6999969482422,73.93509674072266,24.04424476623535
2012-02-08,104.77132415771484,168.5,73.87491607666016,24.154151916503906
2012-02-09,104.9030990600586,168.02000427246094,73.75450897216797,24.280967712402344
2012-02-10,104.1280746459961,167.13999938964844,73.85485076904297,24.05270004272461
2012-02-13,104.9030990600586,167.50999450683594,73.88163757324219,24.111881256103516
2012-02-14,104.77132415771484,167.1199951171875,73.94181060791016,24.10342788696289
2012-02-15,104.2831039428711,168.11000061035156,73.9150619506836,24.187969207763672
2012-02-16,105.43782806396484,168.0,73.90170288085938,24.29787826538086
2012-02-17,105.71684265136719,167.35000610351562,73.80802154541016,24.255605697631836
2012-02-21,105.76335144042969,171.02000427246094,73.69432067871094,24.63605308532715
2012-02-22,105.4223403930664,172.94000244140625,73.90170288085938,24.86431884765625
2012-02-23,105.88733673095703,173.02000427246094,73.96188354492188,24.94040870666504
2012-02-24,106.11980438232422,172.22999572753906,73.98196411132812,25.092588424682617
2012-02-27,106.298095703125,171.6999969482422,74.21613311767578,24.88968276977539
2012-02-28,106.60806274414062,173.49000549316406,74.16258239746094,24.881229400634766
2012-02-29,106.18958282470703,164.2899932861328,74.08895111083984,24.78822898864746
2012-03-01,106.73981475830078,166.61000061035156,73.93943786621094,25.17713165283203
2012-03-02,106.414306640625,166.33999633789062,74.1003646850586,24.92350196838379
2012-03-05,105.98030853271484,165.64999389648438,73.99311065673828,24.805139541625977
2012-03-06,104.43035125732422,162.6999969482422,74.1406021118164,24.399330139160156
2012-03-07,105.1588363647461,163.6300048828125,74.07361602783203,24.509235382080078
2012-03-08,106.20509338378906,165.27999877929688,73.90589904785156,24.712142944335938
2012-03-09,106.61583709716797,166.3800048828125,73.8924789428711,24.779775619506836
2012-03-12,106.62358093261719,165.07000732421875,73.95960235595703,24.74595832824707
2012-03-13,108.54554748535156,162.3000030517578,73.71144104003906,24.855865478515625
2012-03-14,108.4292984008789,159.57000732421875,73.30907440185547,24.686779022216797
2012-03-15,109.0570297241211,161.0800018310547,73.27554321289062,24.703685760498047
2012-03-16,109.20808410644531,161.3000030517578,73.28226470947266,25.008045196533203
2012-03-19,109.63619232177734,161.58999633789062,73.04759216308594,24.96577262878418
2012-03-20,109.3170394897461,160.1300048828125,73.1548843383789,24.661415100097656
2012-03-21,109.13803100585938,160.2100067138672,73.32918548583984,24.602235794067383
2012-03-22,108.35184478759766,159.57000732421875,73.3962173461914,24.40778350830078
2012-03-23,108.7020492553711,161.52999877929688,73.56387329101562,24.644506454467773
2012-03-26,110.22776794433594,164.39999389648438,73.51026916503906,24.754413604736328
2012-03-27,109.8852310180664,163.24000549316406,73.59071350097656,24.65296173095703
2012-03-28,109.34041595458984,161.50999450683594,73.57733154296875,24.416236877441406
2012-03-29,109.153564453125,161.27999877929688,73.77845764160156,24.07806396484375
2012-03-30,109.60507202148438,162.1199951171875,73.66449737548828,24.348602294921875
2012-04-02,110.40677642822266,162.94000244140625,73.67322540283203,24.661415100097656
2012-04-03,109.95532989501953,159.88999938964844,73.35734558105469,24.551509857177734
2012-04-04,108.86557006835938,157.2100067138672,73.51195526123047,24.17106056213379
2012-04-05,108.81106567382812,158.30999755859375,73.67998504638672,24.26405906677246
2012-04-09,107.5890121459961,159.3699951171875,74.00254821777344,24.154151916503906
2012-04-10,105.7831039428711,161.10000610351562,74.00923919677734,23.8328857421875
2012-04-11,106.63939666748047,161.07000732421875,74.01595306396484,23.892066955566406
2012-04-12,108.03268432617188,162.6999969482422,73.94204711914062,24.204875946044922
2012-04-13,106.74830627441406,160.85000610351562,74.17056274414062,23.959701538085938
2012-04-16,106.67829132080078,160.4600067138672,74.18400573730469,23.722978591918945
2012-04-17,108.2583999633789,160.25,74.19744873046875,23.8328857421875
2012-04-18,107.89260864257812,159.30999755859375,74.29151916503906,23.604618072509766
2012-04-19,107.19979095458984,159.42999267578125,74.23778533935547,23.613075256347656
2012-04-20,107.37886047363281,159.5399932861328,74.25118255615234,23.706071853637695
2012-04-23,106.47589111328125,159.07000732421875,74.32512664794922,23.66379737854004
2012-04-24,106.88067626953125,159.3000030517578,74.2176284790039,23.66379737854004
2012-04-25,108.34406280517578,159.6199951171875,74.25118255615234,23.799068450927734
2012-04-26,109.09910583496094,161.02999877929688,74.365478515625,23.849794387817383
2012-04-27,109.27811431884766,161.3800048828125,74.35873413085938,23.925884246826172
2012-04-30,108.8733139038086,161.8800048828125,74.33182525634766,24.018884658813477
2012-05-01,109.55058288574219,161.32000732421875,74.30491638183594,24.018884658813477
2012-05-02,109.22364044189453,160.58999633789062,74.37902069091797,23.706071853637695
2012-05-03,108.39075469970703,158.97000122070312,74.45980072021484,23.443984985351562
2012-05-04,106.63939666748047,159.47000122070312,74.53390502929688,23.029722213745117
2012-05-07,106.71726989746094,159.0800018310547,74.56084442138672,22.97899627685547
2012-05-08,106.28910827636719,156.0,74.61470031738281,22.894451141357422
2012-05-09,105.65860748291016,154.47000122070312,74.63490295410156,22.716907501220703
2012-05-10,105.87654876708984,154.77000427246094,74.56084442138672,22.72536277770996
2012-05-11,105.55744171142578,153.55999755859375,74.61470031738281,22.556276321411133
2012-05-14,104.38980102539062,151.3300018310547,74.78312683105469,22.260372161865234
2012-05-15,103.79048156738281,149.74000549316406,74.74266052246094,22.302642822265625
2012-05-16,103.39347839355469,149.4600067138672,74.7292251586914,22.27728271484375
2012-05-17,101.86006927490234,152.8000030517578,74.77635192871094,22.22655487060547
2012-05-18,100.98828125,154.5500030517578,74.75615692138672,22.209644317626953
2012-05-21,102.72409057617188,154.64999389648438,74.74266052246094,22.50554847717285
2012-05-22,102.9030990600586,152.0800018310547,74.56084442138672,22.184282302856445
2012-05-23,102.95760345458984,151.6199951171875,74.64839172363281,21.93910789489746
2012-05-24,103.15996551513672,151.41000366210938,74.58780670166016,21.947559356689453
2012-05-25,102.82524871826172,152.67999267578125,74.70232391357422,22.023649215698242
2012-05-29,104.0706787109375,151.02000427246094,74.66185760498047,21.930652618408203
2012-05-30,102.56062316894531,151.91000366210938,74.91105651855469,21.52484130859375
2012-05-31,102.33489227294922,151.6199951171875,75.13331604003906,21.33884620666504
2012-06-01,99.7584228515625,157.5,75.32091522216797,20.89921760559082
2012-06-04,99.71170043945312,157.32000732421875,75.14545440673828,21.017578125
2012-06-05,100.46674346923828,157.13999938964844,74.99022674560547,20.941490173339844
2012-06-06,102.72409057617188,157.2100067138672,74.76752471923828,21.33039093017578
2012-06-07,102.78634643554688,154.5,74.8822021484375,21.18666648864746
2012-06-08,103.6036605834961,154.72999572753906,74.8484878540039,21.25429916381836
2012-06-11,102.28816986083984,155.36000061035156,74.91597747802734,20.865402221679688
2012-06-12,103.46355438232422,156.4600067138672,74.85527038574219,20.96685218811035
2012-06-13,102.8019027709961,157.1199951171875,75.051025390625,20.80622100830078
2012-06-14,103.89164733886719,157.75,74.99700927734375,21.051393508911133
2012-06-15,104.95416259765625,157.83999633789062,75.1724853515625,21.017578125
2012-06-18,105.15760803222656,157.92999267578125,75.15216827392578,21.034486770629883
2012-06-19,106.1747817993164,157.16000366210938,75.0644302368164,21.21202850341797
2012-06-20,106.00265502929688,155.97000122070312,74.9497299194336,20.865402221679688
2012-06-21,103.62410736083984,152.02000427246094,75.051025390625,20.417316436767578
2012-06-22,104.42212677001953,152.63999938964844,74.94296264648438,20.620223999023438
2012-06-25,102.74776458740234,153.75999450683594,75.17919921875,20.83158302307129
2012-06-26,103.26412200927734,152.6199951171875,75.09825897216797,20.975305557250977
2012-06-27,104.19524383544922,152.8300018310547,75.13194274902344,21.09366798400879
2012-06-28,103.89793395996094,151.0500030517578,75.21965789794922,20.865402221679688
2012-06-29,106.48773193359375,155.19000244140625,75.11845397949219,21.770017623901367
2012-07-02,106.80853271484375,155.08999633789062,75.26248931884766,21.72774887084961
2012-07-03,107.51268005371094,157.4600067138672,75.20836639404297,22.336462020874023
2012-07-05,107.02759552001953,155.67999267578125,75.404541015625,22.42100715637207
2012-07-06,106.01045227050781,153.7100067138672,75.4585952758789,21.905290603637695
2012-07-09,105.87745666503906,154.0399932861328,75.6073989868164,22.294189453125
2012-07-10,104.95416259765625,152.14999389648438,75.64124298095703,22.006738662719727
2012-07-11,104.96985626220703,152.99000549316406,75.63444519042969,22.251916885375977
2012-07-12,104.46125030517578,152.58999633789062,75.76976776123047,22.302642822265625
2012-07-13,106.2138900756836,154.13999938964844,75.79674530029297,22.573184967041016
2012-07-16,105.9635009765625,154.2100067138672,75.85763549804688,22.8521785736084
2012-07-17,106.69120025634766,153.47000122070312,75.83057403564453,22.877538681030273
2012-07-18,107.4814453125,153.0500030517578,75.9793472290039,23.080446243286133
2012-07-19,107.76309204101562,153.3800048828125,75.91848754882812,23.359439849853516
2012-07-20,106.7772445678711,153.6699981689453,76.02668762207031,23.359439849853516
2012-07-23,105.69747924804688,153.02999877929688,76.09434509277344,22.86908721923828
2012-07-24,104.78984069824219,153.52000427246094,76.18901062011719,22.733816146850586
2012-07-25,104.8133544921875,155.6699981689453,76.2160873413086,22.902904510498047
2012-07-26,106.54252624511719,156.77000427246094,76.168701171875,22.945175170898438
2012-07-27,108.50637817382812,157.5399932861328,75.93877410888672,23.18189811706543
2012-07-30,108.50637817382812,157.42999267578125,76.0672378540039,23.317167282104492
2012-07-31,107.74744415283203,156.49000549316406,76.14161682128906,23.038175582885742
2012-08-01,107.6535415649414,155.13999938964844,76.05358123779297,23.07199478149414
2012-08-02,106.91023254394531,154.1300048828125,76.0671157836914,22.877538681030273
2012-08-03,109.0306167602539,155.5500030517578,75.88414764404297,23.26644515991211
2012-08-06,109.24189758300781,156.3000030517578,75.99935913085938,23.40171241760254
2012-08-07,109.7895736694336,156.27999877929688,75.79605865478516,23.579252243041992
2012-08-08,109.9225845336914,156.47999572753906,75.70117950439453,23.646888732910156
2012-08-09,110.01646423339844,156.99000549316406,75.6808853149414,23.841341018676758
2012-08-10,110.19642639160156,157.17999267578125,75.80290222167969,23.714521408081055
2012-08-13,110.14166259765625,155.99000549316406,75.79605865478516,23.52853012084961
2012-08-14,110.1572494506836,155.1300048828125,75.61988830566406,23.55389404296875
2012-08-15,110.2824935913086,155.6300048828125,75.37596893310547,23.75679588317871
2012-08-16,111.0962142944336,156.55999755859375,75.28113555908203,23.849794387817383
2012-08-17,111.24488067626953,156.72000122070312,75.36924743652344,23.88361358642578
2012-08-20,111.25267791748047,157.25999450683594,75.34210968017578,23.993518829345703
2012-08-21,110.9162826538086,158.8300018310547,75.44373321533203,24.21333122253418
2012-08-22,110.96324920654297,160.5399932861328,75.76901245117188,24.340150833129883
2012-08-23,110.05559539794922,161.88999938964844,75.82319641113281,24.22178840637207
2012-08-24,110.72065734863281,161.97000122070312,75.76901245117188,24.111881256103516
2012-08-27,110.74409484863281,161.36000061035156,75.87064361572266,24.001972198486328
2012-08-28,110.63458251953125,161.63999938964844,75.93158721923828,24.018884658813477
2012-08-29,110.72065734863281,160.58999633789062,75.85708618164062,24.061155319213867
2012-08-30,109.9225845336914,160.52000427246094,75.90450286865234,24.086517333984375
2012-08-31,110.44682312011719,164.22000122070312,76.1416244506836,24.340150833129883
2012-09-04,110.34507751464844,164.47999572753906,76.12739562988281,24.348602294921875
2012-09-05,110.2511978149414,164.30999755859375,76.12739562988281,24.230239868164062
2012-09-06,112.48896789550781,164.88999938964844,75.95092010498047,24.22178840637207
2012-09-07,112.92708587646484,168.44000244140625,75.9644775390625,24.492324829101562
2012-09-10,112.2854995727539,167.2899932861328,75.97799682617188,24.526145935058594
2012-09-11,112.59846496582031,167.89999389648438,75.8897933959961,24.576871871948242
2012-09-12,112.97401428222656,167.9199981689453,75.74720001220703,24.703685760498047
2012-09-13,114.69532775878906,171.30999755859375,75.92369842529297,24.872774124145508
2012-09-14,115.20394134521484,171.8000030517578,75.61141967773438,25.13486099243164
2012-09-17,114.81270599365234,170.39999389648438,75.73362731933594,24.441600799560547
2012-09-18,114.7188720703125,171.72000122070312,75.7812271118164,24.26405906677246
2012-09-19,114.7813949584961,171.74000549316406,75.9305191040039,23.90897560119629
2012-09-20,114.78922271728516,171.47000122070312,75.88301086425781,24.04424476623535
2012-09-21,114.74125671386719,171.9600067138672,76.00518798828125,24.204875946044922
2012-09-24,114.5682144165039,171.0500030517578,76.086669921875,23.95124626159668
2012-09-25,113.3489990234375,170.77000427246094,76.20884704589844,23.97661018371582
2012-09-26,112.71183776855469,169.80999755859375,76.2835693359375,23.80752182006836
2012-09-27,113.77376556396484,172.33999633789062,76.23601531982422,24.10342788696289
2012-09-28,113.24674987792969,171.88999938964844,76.34465789794922,24.247148513793945
2012-10-01,113.54560852050781,172.2899932861328,76.31539916992188,24.280967712402344
2012-10-02,113.66362762451172,172.10000610351562,76.3766098022461,24.154151916503906
2012-10-03,114.12772369384766,172.41000366210938,76.34939575195312,23.739885330200195
2012-10-04,114.94579315185547,173.61000061035156,76.2405776977539,24.255605697631836
2012-10-05,114.95366668701172,172.6199951171875,76.08416748046875,24.1287899017334
2012-10-08,114.56037139892578,172.0500030517578,76.1998062133789,24.061155319213867
2012-10-09,113.42765045166016,170.99000549316406,76.11811065673828,24.23869514465332
2012-10-10,112.70401000976562,170.83999633789062,76.2405776977539,24.19642448425293
2012-10-11,112.76690673828125,171.32000732421875,76.33580780029297,24.475419998168945
2012-10-12,112.39720916748047,170.05999755859375,76.39706420898438,24.137245178222656
2012-10-15,113.33329772949219,168.35000610351562,76.43789672851562,24.018884658813477
2012-10-16,114.4816665649414,169.4199981689453,76.31539916992188,24.035791397094727
2012-10-17,115.0008544921875,169.5399932861328,76.07733917236328,24.04424476623535
2012-10-18,114.70195770263672,168.7899932861328,76.0501708984375,24.035791397094727
2012-10-19,112.79046630859375,166.97000122070312,76.14537048339844,23.672250747680664
2012-10-22,112.80622863769531,167.5800018310547,76.0433349609375,23.562347412109375
2012-10-23,111.24092864990234,165.42999267578125,76.21341705322266,23.2748966217041
2012-10-24,110.92623138427734,164.86000061035156,76.15899658203125,23.20726203918457
2012-10-25,111.24878692626953,166.02000427246094,75.9957046508789,23.26644515991211
2012-10-26,111.18583679199219,165.92999267578125,76.1998062133789,23.317167282104492
2012-10-31,111.18583679199219,166.8300018310547,76.30862426757812,23.30025863647461
2012-11-01,112.3499984741211,166.07000732421875,76.20840454101562,23.342531204223633
2012-11-02,111.35102081298828,162.60000610351562,76.25614166259766,22.945175170898438
2012-11-05,111.57911682128906,163.22999572753906,76.38561248779297,23.139625549316406
2012-11-06,112.4522476196289,166.3000030517578,76.1675033569336,23.55389404296875
2012-11-07,109.9036636352539,166.49000549316406,76.3447036743164,23.114261627197266
2012-11-08,108.58219909667969,167.99000549316406,76.44015502929688,23.148082733154297
2012-11-09,108.6765365600586,167.82000732421875,76.39924621582031,23.334077835083008
2012-11-12,108.76313018798828,167.4499969482422,76.37885284423828,23.224170684814453
2012-11-13,108.38552856445312,167.10000610351562,76.51512908935547,23.18189811706543
2012-11-14,106.92242431640625,167.13999938964844,76.53559875488281,23.24953269958496
2012-11-15,106.74154663085938,166.08999633789062,76.46060943603516,23.15653419494629
2012-11-16,107.26860046386719,165.8800048828125,76.48786163330078,23.25798797607422
2012-11-19,109.4395751953125,167.8699951171875,76.54240417480469,23.697612762451172
2012-11-20,109.48678588867188,167.38999938964844,76.39924621582031,23.5369815826416
2012-11-21,109.69127655029297,167.55999755859375,76.269775390625,23.6384334564209
2012-11-23,111.18583679199219,169.61000061035156,76.31746673583984,23.722978591918945
2012-11-26,110.94987487792969,169.42999267578125,76.3447036743164,23.68916130065918
2012-11-27,110.38346862792969,168.7100067138672,76.447021484375,23.655344009399414
2012-11-28,111.2723617553711,166.5500030517578,76.46060943603516,23.579252243041992
2012-11-29,111.79148864746094,167.17999267578125,76.55606842041016,23.739885330200195
2012-11-30,111.8151626586914,166.0500030517578,76.51512908935547,23.75679588317871
2012-12-03,111.2645034790039,166.1300048828125,76.526123046875,23.815977096557617
2012-12-04,111.10721588134766,164.4199981689453,76.5740966796875,23.604618072509766
2012-12-05,111.30380249023438,164.1199951171875,76.6427001953125,23.579252243041992
2012-12-06,111.68135833740234,164.5,76.6358413696289,23.367895126342773
2012-12-07,112.0196304321289,165.16000366210938,76.5672607421875,23.342531204223633
2012-12-10,112.06681060791016,165.8000030517578,76.5809097290039,23.291805267333984
2012-12-11,112.82984161376953,165.64999389648438,76.55358123779297,23.24953269958496
2012-12-12,112.8848648071289,165.77000427246094,76.34095764160156,23.359439849853516
2012-12-13,112.1926498413086,164.3699951171875,76.21753692626953,23.148082733154297
2012-12-14,111.77574920654297,164.1300048828125,76.35466766357422,23.291805267333984
2012-12-17,113.08940887451172,164.44000244140625,76.16952514648438,23.2748966217041
2012-12-18,114.34791564941406,162.0800018310547,75.9913101196289,23.334077835083008
2012-12-19,113.49842071533203,161.69000244140625,76.12154388427734,23.418621063232422
2012-12-20,114.15128326416016,159.72999572753906,76.12838745117188,23.3087158203125
2012-12-21,113.11512756347656,160.3300018310547,76.19696807861328,23.26644515991211
2012-12-24,112.76660919189453,160.6199951171875,76.20386505126953,23.19035530090332
2012-12-26,112.29129028320312,160.77999877929688,76.306884765625,23.42707633972168
2012-12-27,112.14078521728516,161.16000366210938,76.34815979003906,23.42707633972168
2012-12-28,110.92874908447266,160.5399932861328,76.46495819091797,23.359439849853516
2012-12-31,112.81412506103516,162.02000427246094,76.3274917602539,23.486257553100586
2013-01-02,115.70555114746094,163.1699981689453,76.23815155029297,23.57080078125
2013-01-03,115.44416046142578,161.1999969482422,76.04581451416016,23.3763484954834
2013-01-04,115.95114135742188,160.44000244140625,76.12824249267578,23.2748966217041
2013-01-07,115.63423156738281,159.42999267578125,76.08700561523438,23.317167282104492
2013-01-08,115.30154418945312,160.55999755859375,76.1557388305664,23.3763484954834
2013-01-09,115.59465026855469,160.49000549316406,76.10069274902344,23.342531204223633
2013-01-10,116.51358795166016,161.97999572753906,76.09391784667969,23.42707633972168
2013-01-11,116.50567626953125,161.05999755859375,76.1694564819336,23.325624465942383
2013-01-14,116.42650604248047,161.5399932861328,76.23815155029297,23.47780418395996
2013-01-15,116.50567626953125,162.55999755859375,76.25884246826172,23.3763484954834
2013-01-16,116.48986053466797,162.64999389648438,76.30001831054688,23.40171241760254
2013-01-17,117.24239349365234,163.35000610351562,76.1351318359375,23.50316619873047
2013-01-18,117.50382995605469,163.08999633789062,76.22444152832031,23.655344009399414
2013-01-22,118.13753509521484,163.6699981689453,76.18324279785156,23.722978591918945
2013-01-23,118.3276596069336,163.2100067138672,76.26569366455078,23.748340606689453
2013-01-24,118.35939025878906,161.4199981689453,76.16264343261719,23.731433868408203
2013-01-25,119.02483367919922,160.64999389648438,75.97711181640625,23.680709838867188
2013-01-28,118.88223266601562,160.2899932861328,75.86713409423828,23.672250747680664
2013-01-29,119.34961700439453,160.99000549316406,75.81904602050781,23.80752182006836
2013-01-30,118.88223266601562,162.19000244140625,75.78468322753906,24.07806396484375
2013-01-31,118.58912658691406,161.1999969482422,75.8533935546875,24.06960678100586
2013-02-01,119.8090591430664,161.4499969482422,75.68880462646484,24.162607192993164
2013-02-04,118.46234130859375,162.0,75.90228271484375,24.07806396484375
2013-02-05,119.65853118896484,161.9600067138672,75.74393463134766,24.17106056213379
2013-02-06,119.74565124511719,162.38999938964844,75.87471771240234,24.137245178222656
2013-02-07,119.58721160888672,161.83999633789062,75.90228271484375,24.04424476623535
2013-02-08,120.25267791748047,161.57000732421875,75.92293548583984,24.137245178222656
2013-02-11,120.22886657714844,159.6999969482422,75.84717559814453,24.05270004272461
2013-02-12,120.42696380615234,159.88999938964844,75.8333969116211,24.094970703125
2013-02-13,120.52993774414062,159.0500030517578,75.75768280029297,24.10342788696289
2013-02-14,120.6408920288086,158.35000610351562,75.89540100097656,24.06960678100586
2013-02-15,120.49824523925781,155.75999450683594,75.90228271484375,23.968158721923828
2013-02-19,121.4013442993164,155.3300018310547,75.81281280517578,23.87515640258789
2013-02-20,119.88827514648438,151.44000244140625,75.86094665527344,23.604618072509766
2013-02-21,119.1594467163086,152.6199951171875,75.90228271484375,23.334077835083008
2013-02-22,120.3239974975586,152.97000122070312,75.94359588623047,23.334077835083008
2013-02-25,118.0345687866211,154.33999633789062,76.23274230957031,23.224170684814453
2013-02-26,118.84263610839844,156.22000122070312,76.21208190917969,23.18189811706543
2013-02-27,120.33980560302734,154.57000732421875,76.23274230957031,23.038175582885742
2013-02-28,120.10218048095703,153.0,76.30156707763672,22.936721801757812
2013-03-01,120.49824523925781,152.44000244140625,76.3284683227539,22.776090621948242
2013-03-04,121.139892578125,152.3000030517578,76.27326965332031,22.691545486450195
2013-03-05,122.2252426147461,152.3800048828125,76.2112045288086,22.902904510498047
2013-03-06,122.39151763916016,153.22999572753906,76.12845611572266,22.776090621948242
2013-03-07,122.61341094970703,152.69000244140625,75.96981811523438,22.92827033996582
2013-03-08,123.13621520996094,152.7100067138672,75.74911499023438,22.99590301513672
2013-03-11,123.60356903076172,152.99000549316406,75.79046630859375,23.012813568115234
2013-03-12,123.3263168334961,154.19000244140625,75.92845153808594,23.063539505004883
2013-03-13,123.50061798095703,153.66000366210938,75.8663558959961,22.945175170898438
2013-03-14,124.15808868408203,153.67999267578125,75.94911193847656,23.114261627197266
2013-03-15,123.99421691894531,154.0,76.01805877685547,23.164989471435547
2013-03-18,123.30990600585938,155.3800048828125,76.08706665039062,23.029722213745117
2013-03-19,123.0234603881836,156.0800018310547,76.19744873046875,22.860633850097656
2013-03-20,123.88282012939453,155.3699951171875,76.11465454101562,23.021265029907227
2013-03-21,122.82449340820312,156.25,76.12845611572266,22.91981315612793
2013-03-22,123.81121063232422,155.5500030517578,76.15608215332031,22.96208381652832
2013-03-25,123.29393768310547,155.24000549316406,76.12845611572266,22.97899627685547
2013-03-26,124.28067779541016,154.72000122070312,76.2181167602539,23.19035530090332
2013-03-27,124.28067779541016,155.36000061035156,76.37676239013672,23.3087158203125
2013-03-28,124.66260528564453,154.4499969482422,76.37676239013672,23.088899612426758
2013-04-01,124.1692123413086,154.6699981689453,76.4458999633789,23.088899612426758
2013-04-02,124.78192138671875,152.42999267578125,76.3629379272461,22.97899627685547
2013-04-03,123.51678466796875,150.72999572753906,76.4458999633789,22.590089797973633
2013-04-04,124.01811218261719,150.2899932861328,76.66020202636719,22.564729690551758
2013-04-05,123.46102142333984,152.80999755859375,76.88146209716797,22.547819137573242
2013-04-08,124.29654693603516,152.16000366210938,76.7500991821289,22.615455627441406
2013-04-09,124.72621154785156,153.33999633789062,76.77772521972656,22.759178161621094
2013-04-10,126.25395965576172,150.75,76.61872863769531,22.708454132080078
2013-04-11,126.66777038574219,151.0500030517578,76.632568359375,22.615455627441406
2013-04-12,126.35738372802734,143.9499969482422,76.88146209716797,22.336462020874023
2013-04-15,123.42928314208984,131.30999755859375,76.91609191894531,21.66856575012207
2013-04-16,125.25137329101562,132.8000030517578,76.91609191894531,21.896835327148438
2013-04-17,123.42127990722656,132.8699951171875,76.91609191894531,21.5755672454834
2013-04-18,122.64942932128906,134.3000030517578,76.90222930908203,21.803834915161133
2013-04-19,123.7156982421875,135.47000122070312,76.90913391113281,21.753108978271484
2013-04-22,124.2647705078125,137.89999389648438,77.00592041015625,21.82074546813965
2013-04-23,125.54579162597656,136.8800048828125,76.97138214111328,21.685474395751953
2013-04-24,125.6253890991211,138.3699951171875,76.95751953125,21.922195434570312
2013-04-25,126.1346435546875,141.6300048828125,76.92294311523438,22.209644317626953
2013-04-26,125.9118423461914,140.91000366210938,77.08201599121094,22.08283042907715
2013-04-29,126.7552490234375,142.3000030517578,77.13034057617188,22.378732681274414
2013-04-30,127.05760192871094,142.77000427246094,77.11648559570312,22.209644317626953
2013-05-01,125.94366455078125,141.11000061035156,77.15257263183594,21.81229019165039
2013-05-02,127.11333465576172,141.9199981689453,77.15950012207031,22.09128189086914
2013-05-03,128.4023895263672,142.08999633789062,76.87548065185547,22.336462020874023
2013-05-06,128.72862243652344,142.14999389648438,76.75081634521484,22.361825942993164
2013-05-07,129.38107299804688,140.3800048828125,76.70922088623047,22.285736083984375
2013-05-08,129.96995544433594,142.4600067138672,76.7784652709961,22.38718605041504
2013-05-09,129.60391235351562,140.80999755859375,76.67465209960938,22.378732681274414
2013-05-10,130.0255584716797,139.60000610351562,76.5223159790039,22.27728271484375
2013-05-13,130.1290740966797,138.42999267578125,76.4529800415039,22.175827026367188
2013-05-14,131.47378540039062,137.80999755859375,76.27290344238281,22.09973907470703
2013-05-15,132.18194580078125,134.6300048828125,76.38374328613281,22.04901123046875
2013-05-16,131.56124877929688,134.08999633789062,76.59148406982422,22.023649215698242
2013-05-17,132.83448791503906,131.07000732421875,76.40452575683594,22.133556365966797
2013-05-20,132.82647705078125,135.1199951171875,76.32832336425781,22.27728271484375
2013-05-21,133.0174560546875,132.8800048828125,76.39061737060547,22.15046501159668
2013-05-22,132.03074645996094,131.94000244140625,76.13439178466797,22.04901123046875
2013-05-23,131.64881896972656,134.61000061035156,76.10667419433594,22.15046501159668
2013-05-24,131.5373992919922,133.75999450683594,76.10667419433594,22.065921783447266
2013-05-28,132.32522583007812,133.49000549316406,75.63567352294922,22.26882553100586
2013-05-29,131.46585083007812,134.8300018310547,75.7396011352539,22.125099182128906
2013-05-30,131.95118713378906,136.6999969482422,75.71879577636719,22.125099182128906
2013-05-31,130.05740356445312,133.9199981689453,75.57337188720703,21.863018035888672
2013-06-03,130.77359008789062,136.50999450683594,75.61148071289062,22.133556365966797
2013-06-04,130.14495849609375,135.22999572753906,75.44499969482422,22.218101501464844
2013-06-05,128.32284545898438,135.52000427246094,75.40332794189453,22.116647720336914
2013-06-06,129.48452758789062,136.52999877929688,75.5976333618164,22.201190948486328
2013-06-07,131.13168334960938,133.27999877929688,75.36167907714844,22.251916885375977
2013-06-10,131.13168334960938,133.94000244140625,75.20909881591797,22.16737174987793
2013-06-11,129.7789764404297,133.25,75.21600341796875,21.972925186157227
2013-06-12,128.7047882080078,134.25,75.09115600585938,21.998287200927734
2013-06-13,130.66217041015625,133.74000549316406,75.45882415771484,22.142011642456055
2013-06-14,129.84263610839844,134.42999267578125,75.47968292236328,22.235008239746094
2013-06-17,130.84512329101562,133.77000427246094,75.42418670654297,22.285736083984375
2013-06-18,131.8795928955078,132.1300048828125,75.39642333984375,22.328006744384766
2013-06-19,130.05740356445312,130.58999633789062,74.88990020751953,22.361825942993164
2013-06-20,126.83482360839844,123.5999984741211,74.39027404785156,21.634746551513672
2013-06-21,127.24201965332031,125.05000305175781,73.97399139404297,21.49947738647461
2013-06-24,125.63420104980469,123.93000030517578,73.67559814453125,21.40648078918457
2013-06-25,126.84204864501953,123.47000122070312,73.75889587402344,21.423389434814453
2013-06-26,128.09791564941406,118.27999877929688,74.0711441040039,21.36421012878418
2013-06-27,128.84982299804688,115.94000244140625,74.3833236694336,21.355754852294922
2013-06-28,128.32188415527344,119.11000061035156,74.39027404785156,21.245847702026367
2013-07-01,129.07376098632812,121.12999725341797,74.49320983886719,21.381118774414062
2013-07-02,128.95387268066406,120.05000305175781,74.49320983886719,21.465660095214844
2013-07-03,129.0098419189453,120.73999786376953,74.38888549804688,21.660110473632812
2013-07-05,130.40171813964844,118.08999633789062,73.5755844116211,21.609384536743164
2013-07-08,131.14561462402344,119.51000213623047,73.95790100097656,21.71929168701172
2013-07-09,132.0895233154297,120.62000274658203,74.0343246459961,21.854562759399414
2013-07-10,132.137451171875,120.94999694824219,73.8396987915039,21.922195434570312
2013-07-11,133.93722534179688,124.23999786376953,74.3332748413086,22.032100677490234
2013-07-12,133.99327087402344,124.12999725341797,74.2498550415039,22.116647720336914
2013-07-15,134.5052490234375,124.18000030517578,74.40975952148438,22.057466506958008
2013-07-16,134.0012664794922,124.88999938964844,74.52790069580078,22.08283042907715
2013-07-17,134.34521484375,123.31999969482422,74.68779754638672,22.065921783447266
2013-07-18,135.08108520507812,124.01000213623047,74.54882049560547,22.158920288085938
2013-07-19,135.3211669921875,125.11000061035156,74.74343872070312,22.175827026367188
2013-07-22,135.58506774902344,128.83999633789062,74.84076690673828,22.158920288085938
2013-07-23,135.29714965820312,129.7100067138672,74.79905700683594,22.192739486694336
2013-07-24,134.80117797851562,127.4800033569336,74.55570220947266,22.01519775390625
2013-07-25,135.129150390625,128.6699981689453,74.58353424072266,21.989831924438477
2013-07-26,135.27310180664062,128.77999877929688,74.56273651123047,21.854562759399414
2013-07-29,134.85716247558594,128.47000122070312,74.56273651123047,21.846107482910156
2013-07-30,134.85716247558594,128.1199951171875,74.53490447998047,21.770017623901367
2013-07-31,134.95323181152344,127.95999908447266,74.59050750732422,21.922195434570312
2013-08-01,136.51295471191406,126.61000061035156,74.1690902709961,21.972925186157227
2013-08-02,136.74496459960938,126.36000061035156,74.41984558105469,21.888378143310547
2013-08-05,136.54501342773438,125.69999694824219,74.45466613769531,21.778472900390625
2013-08-06,135.7690887451172,123.97000122070312,74.37802124023438,21.60093116760254
2013-08-07,135.32911682128906,124.1500015258789,74.4755630493164,21.457204818725586
2013-08-08,135.8250732421875,126.86000061035156,74.58006286621094,21.56711196899414
2013-08-09,135.43313598632812,126.86000061035156,74.62879180908203,21.71929168701172
2013-08-12,135.27310180664062,129.1300048828125,74.58006286621094,21.98137855529785
2013-08-13,135.67308044433594,127.73999786376953,74.2805404663086,21.972925186157227
2013-08-14,134.97720336914062,129.0,74.18305206298828,22.15046501159668
2013-08-15,133.08937072753906,131.69000244140625,73.91838836669922,22.361825942993164
2013-08-16,132.64938354492188,132.5800018310547,73.70944213867188,22.37027931213379
2013-08-19,131.80152893066406,132.00999450683594,73.4796142578125,22.34491539001465
2013-08-20,132.4493865966797,132.4499969482422,73.69551086425781,22.302642822265625
2013-08-21,131.63352966308594,132.07000732421875,73.42390441894531,22.27728271484375
2013-08-22,132.83338928222656,132.80999755859375,73.51441192626953,22.285736083984375
2013-08-23,133.28134155273438,134.89999389648438,73.75817108154297,22.46327781677246
2013-08-26,132.78536987304688,135.4499969482422,73.8905029296875,22.590089797973633
2013-08-27,130.64964294433594,136.75,74.08551025390625,22.809906005859375
2013-08-28,131.11361694335938,136.7100067138672,73.94625854492188,22.84372329711914
2013-08-29,131.321533203125,135.8699951171875,74.0925064086914,22.60700035095215
2013-08-30,130.9055633544922,134.6199951171875,73.97412109375,22.53936767578125
2013-09-03,131.49752807617188,136.4199981689453,73.7912826538086,22.65772819519043
2013-09-04,132.5854034423828,134.66000366210938,73.68659973144531,22.46327781677246
2013-09-05,132.75341796875,132.1999969482422,73.19115447998047,22.41254997253418
2013-09-06,132.81739807128906,134.14999389648438,73.46331787109375,22.53936767578125
2013-09-09,134.0892791748047,133.91000366210938,73.60983276367188,22.395645141601562
2013-09-10,135.08108520507812,131.74000549316406,73.47724914550781,22.192739486694336
2013-09-11,135.5050506591797,131.6999969482422,73.72852325439453,22.22655487060547
2013-09-12,135.14512634277344,127.66999816894531,73.64476013183594,22.336462020874023
2013-09-13,135.44915771484375,127.81999969482422,73.74935913085938,22.26882553100586
2013-09-16,136.23301696777344,126.44999694824219,73.90292358398438,21.989831924438477
2013-09-17,136.84095764160156,126.5,73.97270202636719,21.761564254760742
2013-09-18,138.42477416992188,132.00999450683594,74.5937271118164,22.235008239746094
2013-09-19,138.1927947998047,131.75,74.50300598144531,22.15046501159668
2013-09-20,137.22662353515625,127.95999908447266,74.50300598144531,21.947559356689453
2013-09-23,136.59161376953125,127.55000305175781,74.55884552001953,21.786928176879883
2013-09-24,136.2700958251953,127.66000366210938,74.7332534790039,21.778472900390625
2013-09-25,135.87625122070312,128.7899932861328,74.83799743652344,21.81229019165039
2013-09-26,136.3987274169922,127.79000091552734,74.82400512695312,21.98137855529785
2013-09-27,135.7716827392578,128.97000122070312,74.86589813232422,21.871471405029297
2013-09-30,135.04823303222656,128.17999267578125,74.80304718017578,21.778472900390625
2013-10-01,136.11737060546875,124.58999633789062,74.74784851074219,21.634746551513672
2013-10-02,135.98875427246094,127.05999755859375,74.84574127197266,21.846107482910156
2013-10-03,134.7348175048828,127.18000030517578,74.901611328125,21.81229019165039
2013-10-04,135.7556610107422,126.52999877929688,74.83875274658203,21.879924774169922
2013-10-07,134.58203125,127.63999938964844,74.82478332519531,22.032100677490234
2013-10-08,133.0146484375,127.4000015258789,74.78978729248047,22.108192443847656
2013-10-09,133.111083984375,126.11000061035156,74.73387908935547,21.947559356689453
2013-10-10,135.98068237304688,124.2699966430664,74.81774139404297,22.22655487060547
2013-10-11,136.85691833496094,122.5999984741211,74.84574127197266,22.108192443847656
2013-10-14,137.4034881591797,122.83000183105469,74.70588684082031,22.09973907470703
2013-10-15,136.40670776367188,123.7300033569336,74.67095184326172,22.023649215698242
2013-10-16,138.31178283691406,123.54000091552734,74.99253845214844,22.192739486694336
2013-10-17,139.2361602783203,127.41999816894531,75.20221710205078,22.074377059936523
2013-10-18,140.17660522460938,126.8499984741211,75.32804107666016,22.201190948486328
2013-10-21,140.1846160888672,126.9800033569336,75.25814056396484,22.15046501159668
2013-10-22,140.99655151367188,129.33999633789062,75.52381134033203,22.125099182128906
2013-10-23,140.32125854492188,128.69000244140625,75.5028076171875,21.786928176879883
2013-10-24,140.7875518798828,129.89999389648438,75.47484588623047,21.795381546020508
2013-10-25,141.43055725097656,130.4600067138672,75.5028076171875,21.863018035888672
2013-10-28,141.6556396484375,130.55999755859375,75.4678726196289,21.947559356689453
2013-10-29,142.41122436523438,129.77000427246094,75.55874633789062,21.888378143310547
2013-10-30,141.70387268066406,129.60000610351562,75.4189224243164,21.956016540527344
2013-10-31,141.3019561767578,127.73999786376953,75.42591857910156,21.770017623901367
2013-11-01,141.63954162597656,126.94999694824219,75.24385833740234,21.49947738647461
2013-11-04,142.13790893554688,126.80999755859375,75.32086944580078,21.40648078918457
2013-11-05,141.6878204345703,126.55999755859375,75.09680938720703,21.347299575805664
2013-11-06,142.41122436523438,127.19999694824219,75.21587371826172,21.36421012878418
2013-11-07,140.6107177734375,126.16000366210938,75.27185821533203,21.21202850341797
2013-11-08,142.50767517089844,124.27999877929688,74.80265808105469,21.33039093017578
2013-11-11,142.5317840576172,123.87000274658203,74.76067352294922,21.423389434814453
2013-11-12,142.24246215820312,122.44999694824219,74.732666015625,21.279664993286133
2013-11-13,143.38380432128906,122.8499984741211,74.92875671386719,21.372663497924805
2013-11-14,144.0991668701172,124.2699966430664,75.15984344482422,21.465660095214844
2013-11-15,144.7261962890625,124.31999969482422,75.18085479736328,21.431842803955078
2013-11-18,144.21975708007812,122.9000015258789,75.32793426513672,21.28812026977539
2013-11-19,143.90631103515625,122.94999694824219,75.12482452392578,21.25429916381836
2013-11-20,143.45614624023438,120.12000274658203,74.91472625732422,21.271211624145508
2013-11-21,144.61366271972656,119.94000244140625,74.99175262451172,21.541748046875
2013-11-22,145.33712768554688,119.91999816894531,75.09680938720703,21.609384536743164
2013-11-25,145.1924285888672,120.45999908447266,75.15283966064453,21.584022521972656
2013-11-26,145.23257446289062,119.81999969482422,75.17381286621094,21.5755672454834
2013-11-27,145.58628845214844,119.45999908447266,75.2088394165039,21.5755672454834
2013-11-29,145.48985290527344,120.69999694824219,75.23687744140625,21.56711196899414
2013-12-02,145.11199951171875,117.58000183105469,74.95127868652344,21.541748046875
2013-12-03,144.48507690429688,117.95999908447266,75.04247283935547,21.66856575012207
2013-12-04,144.46896362304688,119.95999908447266,74.84606170654297,21.71083641052246
2013-12-05,143.83395385742188,118.30000305175781,74.68466186523438,21.685474395751953
2013-12-06,145.4416046142578,118.55000305175781,74.81098175048828,21.761564254760742
2013-12-09,145.81130981445312,119.72000122070312,74.9022216796875,21.685474395751953
2013-12-10,145.28884887695312,121.81999969482422,75.02146911621094,21.753108978271484
2013-12-11,143.65711975097656,120.86000061035156,74.9022216796875,21.753108978271484
2013-12-12,143.18287658691406,118.29000091552734,74.78988647460938,21.55020523071289
2013-12-13,143.16677856445312,119.37999725341797,74.82499694824219,21.465660095214844
2013-12-16,144.0590057373047,119.69000244140625,74.88117218017578,21.533294677734375
2013-12-17,143.60084533691406,118.6500015258789,75.00743103027344,21.431842803955078
2013-12-18,146.0524444580078,117.61000061035156,74.97229766845703,21.47411346435547
2013-12-19,145.88368225097656,114.81999969482422,74.84606170654297,21.52484130859375
2013-12-20,146.7322235107422,115.94000244140625,74.97229766845703,21.69392967224121
2013-12-23,147.5161895751953,115.56999969482422,74.93727111816406,21.69392967224121
2013-12-24,147.8394317626953,116.0999984741211,74.83198547363281,21.761564254760742
2013-12-26,148.59104919433594,116.73999786376953,74.78981018066406,21.795381546020508
2013-12-27,148.58299255371094,117.12000274658203,74.81796264648438,21.854562759399414
2013-12-30,148.5587158203125,115.38999938964844,74.88825988769531,21.72774887084961
2013-12-31,149.26181030273438,116.12000274658203,74.81796264648438,21.69392967224121
2014-01-02,147.83139038085938,118.0,74.86719512939453,21.381118774414062
2014-01-03,147.80714416503906,119.29000091552734,74.89530181884766,21.245847702026367
2014-01-06,147.37875366210938,119.5,74.99373626708984,21.271211624145508
2014-01-07,148.283935546875,118.81999969482422,75.02886962890625,21.25429916381836
2014-01-08,148.31631469726562,118.12000274658203,74.80390167236328,21.051393508911133
2014-01-09,148.4132843017578,118.45999908447266,74.9093246459961,20.882308959960938
2014-01-10,148.81739807128906,120.26000213623047,75.28893280029297,21.017578125
2014-01-13,146.83738708496094,121.0199966430664,75.3592529296875,21.009122848510742
2014-01-14,148.43751525878906,119.88999938964844,75.24679565429688,21.009122848510742
2014-01-15,149.2375946044922,119.66000366210938,75.18352508544922,21.06830596923828
2014-01-16,149.04364013671875,119.79000091552734,75.3592529296875,21.034486770629883
2014-01-17,148.4132843017578,120.93000030517578,75.39439392089844,21.059850692749023
2014-01-21,148.8497314453125,119.69999694824219,75.4295425415039,21.110576629638672
2014-01-22,148.9466552734375,119.19000244140625,75.26790618896484,21.21202850341797
2014-01-23,147.7262725830078,121.79000091552734,75.46466064453125,21.195119857788086
2014-01-24,144.57444763183594,122.29000091552734,75.62638854980469,21.203577041625977
2014-01-27,143.86329650878906,120.95999908447266,75.46466064453125,21.059850692749023
2014-01-28,144.7198944091797,120.94999694824219,75.59125518798828,21.161304473876953
2014-01-29,143.32984924316406,122.47000122070312,75.8161849975586,21.14439582824707
2014-01-30,144.84922790527344,119.7699966430664,75.83028411865234,21.059850692749023
2014-01-31,144.00062561035156,120.08999633789062,75.97084045410156,21.034486770629883
2014-02-03,140.7598419189453,121.31999969482422,76.2286148071289,21.034486770629883
2014-02-04,141.74581909179688,120.98999786376953,76.04553985595703,21.195119857788086
2014-02-05,141.56802368164062,121.29000091552734,75.85538482666016,21.23739242553711
2014-02-06,143.43492126464844,121.23999786376953,75.82009887695312,21.321937561035156
2014-02-07,145.21290588378906,122.16999816894531,75.93985748291016,21.56711196899414
2014-02-10,145.47962951660156,122.91999816894531,76.0173568725586,21.448753356933594
2014-02-11,147.07168579101562,124.36000061035156,75.86945343017578,21.55866050720215
2014-02-12,147.1444549560547,124.43000030517578,75.7426528930664,21.60093116760254
2014-02-13,147.9040985107422,125.48999786376953,75.90467071533203,21.71929168701172
2014-02-14,148.7204132080078,127.1500015258789,75.90467071533203,21.795381546020508
2014-02-18,148.89816284179688,127.4000015258789,75.95392608642578,22.108192443847656
2014-02-19,147.91213989257812,126.2699966430664,75.89762115478516,22.16737174987793
2014-02-20,148.78509521484375,127.5999984741211,75.85538482666016,22.209644317626953
2014-02-21,148.6153564453125,127.58000183105469,75.92578125,22.15046501159668
2014-02-24,149.43968200683594,128.99000549316406,75.85538482666016,22.24346160888672
2014-02-25,149.38311767578125,129.2100067138672,76.05958557128906,22.142011642456055
2014-02-26,149.3911895751953,128.11000061035156,76.22161865234375,22.08283042907715
2014-02-27,150.1751251220703,128.1999969482422,76.29903411865234,22.01519775390625
2014-02-28,150.554931640625,127.62000274658203,76.2568130493164,22.09128189086914
2014-03-03,149.49615478515625,130.2899932861328,76.45435333251953,22.395645141601562
2014-03-04,151.5974578857422,128.67999267578125,76.172119140625,22.311098098754883
2014-03-05,151.73484802246094,128.88999938964844,76.21444702148438,22.125099182128906
2014-03-06,152.0823516845703,130.1699981689453,76.04515075683594,22.328006744384766
2014-03-07,152.14700317382812,129.08999633789062,75.83343505859375,22.22655487060547
2014-03-10,152.06625366210938,129.1300048828125,75.83343505859375,22.040557861328125
2014-03-11,151.3146514892578,129.86000061035156,75.82636260986328,22.04901123046875
2014-03-12,151.3550262451172,131.75999450683594,75.99573516845703,21.989831924438477
2014-03-13,149.65786743164062,132.2100067138672,76.19329071044922,21.888378143310547
2014-03-14,149.2375946044922,133.10000610351562,76.15802764892578,22.006738662719727
2014-03-17,150.5872802734375,131.63999938964844,76.11569213867188,21.761564254760742
2014-03-18,151.66213989257812,130.6199951171875,76.2073974609375,21.871471405029297
2014-03-19,150.85398864746094,128.08999633789062,75.86865997314453,21.863018035888672
2014-03-20,151.73484802246094,127.86000061035156,75.81226348876953,21.761564254760742
2014-03-21,151.1463623046875,128.47000122070312,75.91810607910156,21.778472900390625
2014-03-24,150.52134704589844,126.18000030517578,76.03099822998047,21.770017623901367
2014-03-25,151.23562622070312,126.41000366210938,75.953369140625,21.913742065429688
2014-03-26,150.14794921875,125.41000366210938,76.19329071044922,21.896835327148438
2014-03-27,149.83126831054688,124.58999633789062,76.24972534179688,22.09128189086914
2014-03-28,150.56997680664062,124.55999755859375,76.13684844970703,22.09973907470703
2014-03-31,151.8038330078125,123.61000061035156,76.14392852783203,22.08283042907715
2014-04-01,152.81044006347656,123.38999938964844,76.02726745605469,21.81229019165039
2014-04-02,153.3218231201172,124.31999969482422,75.9000015258789,21.761564254760742
2014-04-03,153.118896484375,123.91999816894531,75.9565658569336,21.93910789489746
2014-04-04,151.3087158203125,125.56999969482422,76.1969223022461,22.040557861328125
2014-04-07,149.63650512695312,124.91000366210938,76.31000518798828,21.989831924438477
2014-04-08,150.25340270996094,126.08999633789062,76.40193939208984,22.24346160888672
2014-04-09,151.86875915527344,126.31999969482422,76.40901947021484,22.302642822265625
2014-04-10,148.6786651611328,127.01000213623047,76.58573913574219,22.311098098754883
2014-04-11,147.3392333984375,126.93000030517578,76.65645599365234,22.209644317626953
2014-04-14,148.50006103515625,127.8499984741211,76.68468475341797,22.41254997253418
2014-04-15,149.52284240722656,125.48999786376953,76.69181060791016,22.429460525512695
2014-04-16,151.0895538330078,125.54000091552734,76.73421478271484,22.47173309326172
2014-04-17,151.30062866210938,124.75,76.48676300048828,22.522457122802734
2014-04-21,151.8282012939453,124.23999786376953,76.47969818115234,22.446367263793945
2014-04-22,152.51821899414062,123.77999877929688,76.46558380126953,22.437915802001953
2014-04-23,152.1610107421875,123.76000213623047,76.5433349609375,22.42100715637207
2014-04-24,152.46949768066406,124.55999755859375,76.61402130126953,22.556276321411133
2014-04-25,151.2194061279297,125.43000030517578,76.62818145751953,22.46327781677246
2014-04-28,151.69834899902344,124.87999725341797,76.57870483398438,22.38718605041504
2014-04-29,152.40451049804688,124.86000061035156,76.61402130126953,22.446367263793945
2014-04-30,152.85911560058594,124.22000122070312,76.76956176757812,22.328006744384766
2014-05-01,152.87538146972656,123.80000305175781,76.88151550292969,22.158920288085938
2014-05-02,152.6561279296875,125.05999755859375,76.9735336303711,22.218101501464844
2014-05-05,152.9484100341797,126.22000122070312,76.94523620605469,22.16737174987793
2014-05-06,151.61715698242188,125.9800033569336,77.00187683105469,22.184282302856445
2014-05-07,152.5100860595703,124.16999816894531,77.00187683105469,22.24346160888672
2014-05-08,152.3477020263672,124.16999816894531,77.05145263671875,22.175827026367188
2014-05-09,152.5749969482422,124.0999984741211,76.98067474365234,22.065921783447266
2014-05-12,154.0605010986328,124.94000244140625,76.91690063476562,22.116647720336914
2014-05-13,154.198486328125,124.5999984741211,77.04438781738281,22.218101501464844
2014-05-14,153.4679718017578,125.80999755859375,77.26396179199219,22.319551467895508
2014-05-15,152.12042236328125,124.7699966430664,77.4268569946289,22.184282302856445
2014-05-16,152.6480712890625,124.5,77.34182739257812,22.209644317626953
2014-05-19,153.2082061767578,124.58000183105469,77.31355285644531,22.192739486694336
2014-05-20,152.2422332763672,124.69000244140625,77.34893035888672,22.235008239746094
2014-05-21,153.52476501464844,124.38999938964844,77.32058715820312,22.27728271484375
2014-05-22,153.89813232421875,124.66999816894531,77.28517150878906,22.294189453125
2014-05-23,154.5150604248047,124.51000213623047,77.36312103271484,22.34491539001465
2014-05-27,155.46481323242188,121.8499984741211,77.43392181396484,22.158920288085938
2014-05-28,155.3511962890625,121.19999694824219,77.64636993408203,22.16737174987793
2014-05-29,156.15480041503906,120.94000244140625,77.60389709472656,22.175827026367188
2014-05-30,156.4064178466797,120.43000030517578,77.67472839355469,22.006738662719727
2014-06-02,156.58499145507812,119.69999694824219,77.43840026855469,21.98137855529785
2014-06-03,156.50379943847656,120.01000213623047,77.23263549804688,21.964468002319336
2014-06-04,156.82041931152344,119.76000213623047,77.2042236328125,21.905290603637695
2014-06-05,157.8431854248047,120.66000366210938,77.30363464355469,21.930652618408203
2014-06-06,158.59820556640625,120.61000061035156,77.2610092163086,22.023649215698242
2014-06-09,158.76048278808594,120.6500015258789,77.1900863647461,22.116647720336914
2014-06-10,158.77674865722656,121.38999938964844,77.07650756835938,22.057466506958008
2014-06-11,158.22476196289062,121.41000366210938,77.13328552246094,21.998287200927734
2014-06-12,157.10450744628906,122.63999938964844,77.28233337402344,22.311098098754883
2014-06-13,157.5834197998047,122.95999908447266,77.2610092163086,22.311098098754883
2014-06-16,157.71331787109375,122.41999816894531,77.21842193603516,22.378732681274414
2014-06-17,158.15171813964844,122.27999877929688,77.07650756835938,22.404096603393555
2014-06-18,159.31243896484375,122.66999816894531,77.28233337402344,22.497095108032227
2014-06-19,159.4910125732422,126.94000244140625,77.16876983642578,22.716907501220703
2014-06-20,159.81492614746094,126.5,77.30363464355469,22.759178161621094
2014-06-23,159.76597595214844,126.8499984741211,77.23263549804688,22.67463493347168
2014-06-24,158.803466796875,126.9800033569336,77.36746978759766,22.708454132080078
2014-06-25,159.52125549316406,126.98999786376953,77.47389221191406,22.742271423339844
2014-06-26,159.4070281982422,126.7300033569336,77.62295532226562,22.649274826049805
2014-06-27,159.7169647216797,126.66000366210938,77.62295532226562,22.60700035095215
2014-06-30,159.6353759765625,128.0399932861328,77.63002014160156,22.47173309326172
2014-07-01,160.7039031982422,127.69999694824219,77.53475189208984,22.404096603393555
2014-07-02,160.86697387695312,127.69999694824219,77.2646484375,22.361825942993164
2014-07-03,161.65818786621094,127.16000366210938,77.21485137939453,22.319551467895508
2014-07-07,161.0954132080078,127.0199966430664,77.2361831665039,22.142011642456055
2014-07-08,160.0595703125,127.06999969482422,77.392578125,22.08283042907715
2014-07-09,160.77731323242188,127.83999633789062,77.4565658569336,21.930652618408203
2014-07-10,160.14111328125,128.5399932861328,77.49205780029297,21.964468002319336
2014-07-11,160.36131286621094,128.77999877929688,77.5987548828125,21.770017623901367
2014-07-14,161.16876220703125,125.72000122070312,77.53475189208984,21.854562759399414
2014-07-15,160.86697387695312,124.52999877929688,77.43526458740234,21.651657104492188
2014-07-16,161.46243286132812,124.97000122070312,77.49923706054688,21.685474395751953
2014-07-17,159.62725830078125,127.08999633789062,77.72671508789062,21.7362003326416
2014-07-18,161.2584991455078,126.12999725341797,77.64140319824219,21.59247398376465
2014-07-21,160.9567413330078,126.33999633789062,77.6698226928711,21.69392967224121
2014-07-22,161.65818786621094,125.73999786376953,77.79778289794922,21.60093116760254
2014-07-23,162.01707458496094,125.62000274658203,77.8119888305664,21.660110473632812
2014-07-24,162.0251922607422,124.3499984741211,77.57030487060547,21.634746551513672
2014-07-25,161.26669311523438,125.79000091552734,77.71958923339844,21.71929168701172
2014-07-28,161.33197021484375,125.58000183105469,77.73383331298828,21.677019119262695
2014-07-29,160.63864135742188,125.19999694824219,77.8119888305664,21.609384536743164
2014-07-30,160.6630859375,124.83000183105469,77.53475189208984,21.516386032104492
2014-07-31,157.49024963378906,123.38999938964844,77.43526458740234,21.40648078918457
2014-08-01,157.00906372070312,124.37999725341797,77.72723388671875,21.23739242553711
2014-08-04,158.14280700683594,123.98999786376953,77.71297454833984,21.398025512695312
2014-08-05,156.6094207763672,123.87000274658203,77.71297454833984,21.296573638916016
2014-08-06,156.65834045410156,125.66999816894531,77.72013854980469,21.431842803955078
2014-08-07,155.81011962890625,126.18000030517578,77.86967468261719,21.47411346435547
2014-08-08,157.61265563964844,126.19000244140625,77.89814758300781,21.372663497924805
2014-08-11,158.0693359375,125.95999908447266,77.90528106689453,21.40648078918457
2014-08-12,157.84921264648438,125.98999786376953,77.86967468261719,21.271211624145508
2014-08-13,158.9176788330078,126.19999694824219,78.02632141113281,21.25429916381836
2014-08-14,159.66802978515625,126.30999755859375,78.06908416748047,21.000669479370117
2014-08-15,159.6353759765625,125.4800033569336,78.2613525390625,21.085216522216797
2014-08-18,160.97311401367188,124.95999908447266,78.0975570678711,20.907672882080078
2014-08-19,161.8131561279297,124.68000030517578,77.99077606201172,20.94994354248047
2014-08-20,162.2454376220703,124.22000122070312,77.90528106689453,21.009122848510742
2014-08-21,162.71852111816406,122.87999725341797,78.04056549072266,21.059850692749023
2014-08-22,162.46563720703125,123.19000244140625,78.02632141113281,21.02603530883789
2014-08-25,163.28944396972656,122.73999786376953,78.09041595458984,21.059850692749023
2014-08-26,163.3955535888672,123.3499984741211,78.0975570678711,21.06830596923828
2014-08-27,163.3302001953125,123.31999969482422,78.19725036621094,21.102121353149414
2014-08-28,163.24049377441406,124.0,78.35396575927734,21.119029998779297
2014-08-29,163.7053985595703,123.86000061035156,78.325439453125,21.161304473876953
2014-09-02,163.62384033203125,121.6500015258789,78.08646392822266,20.85694694519043
2014-09-03,163.5341796875,122.1500015258789,78.17208862304688,20.941490173339844
2014-09-04,163.297607421875,121.4800033569336,78.07220458984375,20.85694694519043
2014-09-05,164.03164672851562,122.05999755859375,78.02942657470703,20.82312774658203
2014-09-08,163.60752868652344,120.7300033569336,77.95089721679688,20.7216739654541
2014-09-09,162.57168579101562,120.87000274658203,77.84388732910156,20.552587509155273
2014-09-10,163.18345642089844,120.26000213623047,77.73686981201172,20.408863067626953
2014-09-11,163.37110900878906,119.47000122070312,77.65839385986328,20.307411193847656
2014-09-12,162.4167022705078,118.37999725341797,77.5014419555664,20.146778106689453
2014-09-15,162.29443359375,118.63999938964844,77.48713684082031,20.172142028808594
2014-09-16,163.51785278320312,118.83000183105469,77.48713684082031,20.35814094543457
2014-09-17,163.7379913330078,117.54000091552734,77.40155029296875,20.273595809936523
2014-09-18,164.6107940673828,117.77999877929688,77.4086685180664,20.079143524169922
2014-09-19,164.46243286132812,117.08999633789062,77.5370864868164,20.019960403442383
2014-09-22,163.1923065185547,116.8499984741211,77.64413452148438,19.850873947143555
2014-09-23,162.25816345214844,117.5999984741211,77.71546173095703,19.850873947143555
2014-09-24,163.5282440185547,117.05000305175781,77.66548156738281,19.9354190826416
2014-09-25,160.88966369628906,117.38999938964844,77.81533813476562,19.89314842224121
2014-09-26,162.16802978515625,117.05999755859375,77.80821228027344,19.85932731628418
2014-09-29,161.87301635742188,117.02999877929688,77.89384460449219,19.97768783569336
2014-09-30,161.4469451904297,116.20999908447266,77.84388732910156,19.631061553955078
2014-10-01,159.25900268554688,116.7699966430664,78.27912139892578,19.563425064086914
2014-10-02,159.28350830078125,116.73999786376953,78.15046691894531,19.487335205078125
2014-10-03,161.03721618652344,114.61000061035156,78.11475372314453,19.301340103149414
2014-10-06,160.8486785888672,116.02999877929688,78.18618774414062,19.546518325805664
2014-10-07,158.3657989501953,116.36000061035156,78.48638153076172,19.470428466796875
2014-10-08,161.13555908203125,117.47000122070312,78.70793151855469,19.394336700439453
2014-10-09,157.93966674804688,117.63999938964844,78.55068969726562,19.166072845458984
2014-10-10,156.1368865966797,117.58999633789062,78.60787963867188,19.09843635559082
2014-10-13,153.572021484375,118.5199966430664,78.83657836914062,19.09843635559082
2014-10-14,153.8096923828125,118.58999633789062,79.01528930664062,18.810985565185547
2014-10-15,152.76901245117188,118.98999786376953,79.15821838378906,18.574262619018555
2014-10-16,152.637939453125,119.22000122070312,79.0938491821289,18.7602596282959
2014-10-17,154.44061279296875,118.98999786376953,78.9866714477539,18.827896118164062
2014-10-20,155.94021606445312,119.80000305175781,79.07955169677734,18.692625045776367
2014-10-21,159.02952575683594,120.0199966430664,79.00813293457031,18.844802856445312
2014-10-22,157.898681640625,119.33999633789062,78.96521759033203,18.633445739746094
2014-10-23,159.73426818847656,118.5199966430664,78.7794418334961,18.853256225585938
2014-10-24,160.96343994140625,118.3499984741211,78.80799102783203,18.734895706176758
2014-10-27,160.74217224121094,118.05999755859375,78.83657836914062,18.684171676635742
2014-10-28,162.58590698242188,118.0999984741211,78.7150650024414,18.836349487304688
2014-10-29,162.3401336669922,116.41000366210938,78.54359436035156,19.056163787841797
2014-10-30,163.3808135986328,115.19000244140625,78.67224884033203,18.89552879333496
2014-10-31,165.24916076660156,112.66000366210938,78.67224884033203,18.870166778564453
2014-11-03,165.33926391601562,112.1500015258789,78.52326965332031,18.701082229614258
2014-11-04,164.76564025878906,112.22000122070312,78.53042602539062,18.430538177490234
2014-11-05,165.8063507080078,109.79000091552734,78.55908203125,18.481264114379883
2014-11-06,166.47010803222656,109.87999725341797,78.42304229736328,18.4981746673584
2014-11-07,166.6258087158203,112.97000122070312,78.68795776367188,18.582719802856445
2014-11-10,167.15023803710938,110.45999908447266,78.50178527832031,18.40517807006836
2014-11-11,167.3141326904297,112.04000091552734,78.53759765625,18.4981746673584
2014-11-12,167.1338348388672,111.5,78.54474639892578,18.438993453979492
2014-11-13,167.32232666015625,111.66999816894531,78.58056640625,18.100818634033203
2014-11-14,167.36326599121094,114.47000122070312,78.65216827392578,18.295270919799805
2014-11-17,167.46983337402344,114.05000305175781,78.55908203125,18.21917724609375
2014-11-18,168.436767578125,115.05000305175781,78.63069152832031,18.126184463500977
2014-11-19,168.16632080078125,113.68000030517578,78.44457244873047,18.033185958862305
2014-11-20,168.46136474609375,114.86000061035156,78.58772277832031,18.185365676879883
2014-11-21,169.3627471923828,115.38999938964844,78.68081665039062,18.379812240600586
2014-11-24,169.83799743652344,115.11000061035156,78.7094497680664,18.21917724609375
2014-11-25,169.71507263183594,115.37999725341797,78.88127136230469,18.1346378326416
2014-11-26,170.1493682861328,115.16000366210938,78.94570922851562,18.092365264892578
2014-11-28,169.788818359375,112.11000061035156,79.18910217285156,17.26383399963379
2014-12-01,168.60887145996094,116.58000183105469,79.01112365722656,17.618921279907227
2014-12-02,169.69871520996094,115.13999938964844,78.85318756103516,17.24692726135254
2014-12-03,170.354248046875,116.33000183105469,78.7813949584961,17.14547348022461
2014-12-04,170.16578674316406,115.87999725341797,79.01828002929688,17.09474754333496
2014-12-05,170.44436645507812,114.43000030517578,78.68096160888672,17.05247688293457
2014-12-08,169.305419921875,115.77999877929688,78.87471771240234,16.756574630737305
2014-12-09,169.19064331054688,118.19000244140625,78.99674987792969,16.874937057495117
2014-12-10,166.4783477783203,117.95999908447266,79.13309478759766,16.61284828186035
2014-12-11,167.32232666015625,117.69000244140625,79.10441589355469,16.460670471191406
2014-12-12,164.6181640625,117.41000366210938,79.35565948486328,16.32539939880371
2014-12-15,163.48731994628906,114.38999938964844,79.14029693603516,16.06331443786621
2014-12-16,162.17626953125,114.94999694824219,79.33409118652344,15.970317840576172
2014-12-17,165.3556365966797,114.2699966430664,79.23361206054688,16.06331443786621
2014-12-18,169.4446563720703,115.1500015258789,79.02547454833984,16.012590408325195
2014-12-19,170.16561889648438,114.7699966430664,79.1546630859375,16.249309539794922
2014-12-22,170.94845581054688,112.55000305175781,79.27665710449219,15.953408241271973
2014-12-23,171.17906188964844,112.73999786376953,78.91059112548828,16.114038467407227
2014-12-24,171.19561767578125,112.7699966430664,78.99632263183594,15.902682304382324
2014-12-26,171.74766540527344,114.83000183105469,79.03236389160156,15.885775566101074
2014-12-29,171.97833251953125,113.66999816894531,79.197998046875,15.733592987060547
2014-12-30,171.0555419921875,115.19999694824219,79.28436279296875,15.71668529510498
2014-12-31,169.358154296875,113.58000183105469,79.30602264404297,15.5983247756958
2015-01-02,169.26748657226562,114.08000183105469,79.5292739868164,15.412327766418457
2015-01-05,166.21063232421875,115.80000305175781,79.70205688476562,15.192514419555664
2015-01-06,164.64508056640625,117.12000274658203,79.90371704101562,15.048787117004395
2015-01-07,166.69676208496094,116.43000030517578,79.8893051147461,14.955792427062988
2015-01-08,169.65480041503906,115.94000244140625,79.76688385009766,15.014973640441895
2015-01-09,168.2952423095703,117.26000213623047,79.96134948730469,14.989605903625488
2015-01-12,166.9768829345703,118.55999755859375,80.02620697021484,14.659887313842773
2015-01-13,166.50729370117188,118.16000366210938,80.04779815673828,14.600707054138184
2015-01-14,165.5020294189453,117.97000122070312,80.24224090576172,14.76133918762207
2015-01-15,163.98585510253906,120.94000244140625,80.60954284667969,14.558435440063477
2015-01-16,166.136474609375,122.5199966430664,80.29981231689453,14.837430953979492
2015-01-20,166.49075317382812,124.19999694824219,80.43669891357422,14.63452434539795
2015-01-21,167.3312225341797,124.2300033569336,80.29263305664062,14.727522850036621
2015-01-22,169.819580078125,125.2300033569336,80.2493896484375,14.710613250732422
2015-01-23,168.8885040283203,124.2300033569336,80.45108032226562,14.617616653442383
2015-01-26,169.2840118408203,122.98999786376953,80.41507720947266,14.566888809204102
2015-01-27,167.05104064941406,124.4000015258789,80.3718490600586,14.642979621887207
2015-01-28,164.90872192382812,123.41999816894531,80.71031188964844,14.431621551513672
2015-01-29,166.4330596923828,120.76000213623047,80.6455307006836,14.363983154296875
2015-01-30,164.34024047851562,123.44999694824219,80.93359375,14.710613250732422
2015-02-02,166.37542724609375,122.41999816894531,80.93070983886719,14.913519859313965
2015-02-03,168.78134155273438,121.05000305175781,80.62052917480469,15.327783584594727
2015-02-04,168.13865661621094,121.58000183105469,80.7431869506836,14.989605903625488
2015-02-05,169.83599853515625,121.79000091552734,80.57725524902344,15.192514419555664
2015-02-06,169.3664093017578,118.63999938964844,80.10845184326172,15.234786987304688
2015-02-09,168.60836791992188,119.16999816894531,80.09395599365234,15.38696575164795
2015-02-10,170.40463256835938,118.47000122070312,80.00741577148438,15.192514419555664
2015-02-11,170.5034942626953,117.06999969482422,79.97140502929688,15.074152946472168
2015-02-12,172.14320373535156,117.33999633789062,79.98580169677734,15.302422523498535
2015-02-13,172.851806640625,117.9800033569336,79.89201354980469,15.471508026123047
2015-02-17,173.1236572265625,116.01000213623047,79.56744384765625,15.479963302612305
2015-02-18,173.1402130126953,116.33999633789062,79.79105377197266,15.293967247009277
2015-02-19,173.01654052734375,115.94000244140625,79.72615814208984,15.243240356445312
2015-02-20,174.05479431152344,115.27999877929688,79.74056243896484,15.18405818939209
2015-02-23,174.03004455566406,115.43000030517578,79.88481140136719,15.08260726928711
2015-02-24,174.5243682861328,115.26000213623047,80.23825073242188,15.091060638427734
2015-02-25,174.37611389160156,115.69999694824219,80.29595947265625,15.319329261779785
2015-02-26,174.1700897216797,116.06999969482422,80.00741577148438,15.192514419555664
2015-02-27,173.57687377929688,116.16000366210938,80.20944213867188,15.361600875854492
2015-03-02,174.6727752685547,115.68000030517578,79.80192565917969,15.141786575317383
2015-03-03,173.9558868408203,115.47000122070312,79.70077514648438,15.234786987304688
2015-03-04,173.22256469726562,115.11000061035156,79.7441177368164,15.099515914916992
2015-03-05,173.41209411621094,115.0,79.78024291992188,15.040336608886719
2015-03-06,170.97312927246094,111.86000061035156,79.26002502441406,14.854339599609375
2015-03-09,171.6817626953125,111.97000122070312,79.46234893798828,14.812068939208984
2015-03-10,168.89674377441406,111.41999816894531,79.6501693725586,14.617616653442383
2015-03-11,168.50123596191406,110.75,79.80912780761719,14.693705558776855
2015-03-12,170.64356994628906,110.72000122070312,79.8741455078125,14.626069068908691
2015-03-13,169.59713745117188,110.87999725341797,79.72240447998047,14.330166816711426
2015-03-16,171.86306762695312,110.80999755859375,79.8958511352539,14.313260078430176
2015-03-17,171.3521270751953,110.20999908447266,79.88140106201172,14.211806297302246
2015-03-18,173.41209411621094,112.37000274658203,80.46664428710938,14.600707054138184
2015-03-19,172.6210479736328,112.29000091552734,80.18484497070312,14.35552978515625
2015-03-20,174.14479064941406,113.56999969482422,80.43049621582031,14.549980163574219
2015-03-23,173.805419921875,114.29000091552734,80.44495391845703,14.71906852722168
2015-03-24,172.82882690429688,114.56999969482422,80.66168975830078,14.600707054138184
2015-03-25,170.29624938964844,114.7300033569336,80.50997161865234,14.642979621887207
2015-03-26,169.8906707763672,115.4800033569336,80.22096252441406,14.82052230834961
2015-03-27,170.27964782714844,115.05999755859375,80.33657836914062,14.524619102478027
2015-03-30,172.35708618164062,113.75,80.37268829345703,14.600707054138184
2015-03-31,170.8507537841797,113.66000366210938,80.50997161865234,14.431621551513672
2015-04-01,170.2465362548828,115.5999984741211,80.77128601074219,14.693705558776855
2015-04-02,170.85906982421875,115.27999877929688,80.66272735595703,14.617616653442383
2015-04-06,172.0094451904297,116.69000244140625,80.71337127685547,14.803611755371094
2015-04-07,171.55430603027344,116.11000061035156,80.72789001464844,14.8797025680542
2015-04-08,172.133544921875,115.47000122070312,80.735107421875,14.592252731323242
2015-04-09,172.89501953125,114.66999816894531,80.53241729736328,14.592252731323242
2015-04-10,173.83853149414062,115.97000122070312,80.53241729736328,14.74443244934082
2015-04-13,173.0522918701172,115.13999938964844,80.61929321289062,14.676797866821289
2015-04-14,173.38328552246094,114.44000244140625,80.70614624023438,14.74443244934082
2015-04-15,174.1613311767578,115.43000030517578,80.8147201538086,15.040336608886719
2015-04-16,174.11166381835938,115.02999877929688,80.77128601074219,15.200966835021973
2015-04-17,172.10877990722656,115.5999984741211,80.83645629882812,15.167149543762207
2015-04-20,173.6812286376953,114.72000122070312,80.77854919433594,15.099515914916992
2015-04-21,173.47439575195312,115.37999725341797,80.69168853759766,14.989605903625488
2015-04-22,174.32687377929688,113.83000183105469,80.45279693603516,15.040336608886719
2015-04-23,174.76551818847656,114.66000366210938,80.57589721679688,15.226330757141113
2015-04-24,175.17105102539062,113.05000305175781,80.71337127685547,15.217878341674805
2015-04-27,174.44273376464844,115.33000183105469,80.74236297607422,15.217878341674805
2015-04-28,174.99725341796875,116.33000183105469,80.43107604980469,15.243240356445312
2015-04-29,174.27723693847656,115.51000213623047,80.25008392333984,15.344691276550293
2015-04-30,172.53086853027344,113.47000122070312,80.25008392333984,15.463055610656738
2015-05-01,174.4013214111328,113.08000183105469,80.02235412597656,15.446146011352539
2015-05-04,174.8979034423828,114.0999984741211,79.87003326416016,15.437691688537598
2015-05-05,172.89501953125,114.41999816894531,79.79754638671875,15.564504623413086
2015-05-06,172.1832733154297,114.36000061035156,79.52925872802734,15.564504623413086
2015-05-07,172.87020874023438,113.41999816894531,79.72503662109375,15.319329261779785
2015-05-08,175.14620971679688,113.97000122070312,79.98606872558594,15.403871536254883
2015-05-11,174.310302734375,113.52999877929688,79.47843933105469,15.336238861083984
2015-05-12,173.7888641357422,114.5,79.47118377685547,15.496868133544922
2015-05-13,173.8219757080078,116.55000305175781,79.46395874023438,15.513779640197754
2015-05-14,175.63450622558594,117.18000030517578,79.58724212646484,15.606776237487793
2015-05-15,175.82489013671875,117.52999877929688,79.92081451416016,15.5983247756958
2015-05-18,176.37112426757812,117.5199966430664,79.61626434326172,15.556050300598145
2015-05-19,176.31320190429688,115.88999938964844,79.34064483642578,15.226330757141113
2015-05-20,176.18907165527344,116.08000183105469,79.46395874023438,15.192514419555664
2015-05-21,176.70217895507812,115.69000244140625,79.71052551269531,15.378511428833008
2015-05-22,176.2801055908203,115.5999984741211,79.62348175048828,15.20942211151123
2015-05-26,174.38475036621094,113.91000366210938,79.81929016113281,14.913519859313965
2015-05-27,176.04000854492188,113.88999938964844,79.89907836914062,14.710613250732422
2015-05-28,175.84141540527344,114.0199966430664,79.87003326416016,14.786704063415527
2015-05-29,174.74896240234375,114.0999984741211,79.89907836914062,14.972699165344238
2015-06-01,175.1048126220703,114.0,79.67823791503906,14.938880920410156
2015-06-02,174.9310302734375,114.45999908447266,79.36573791503906,15.116423606872559
2015-06-03,175.39454650878906,113.63999938964844,79.0533218383789,14.921975135803223
2015-06-04,173.91307067871094,112.83999633789062,79.22046661376953,14.786704063415527
2015-06-05,173.6151123046875,112.23999786376953,78.8717041015625,14.854339599609375
2015-06-08,172.54737854003906,112.56999969482422,78.9879379272461,14.862792015075684
2015-06-09,172.52259826660156,112.81999969482422,78.76271057128906,15.099515914916992
2015-06-10,174.5916748046875,113.77999877929688,78.56649780273438,15.158697128295898
2015-06-11,175.15451049804688,113.26000213623047,78.9879379272461,15.023426055908203
2015-06-12,173.81369018554688,113.2300033569336,78.89351654052734,14.871249198913574
2015-06-15,173.06883239746094,113.7300033569336,78.9879379272461,14.803611755371094
2015-06-16,174.01235961914062,113.31999969482422,79.11870574951172,14.845884323120117
2015-06-17,174.29379272460938,113.8499984741211,79.12603759765625,14.88815689086914
2015-06-18,176.10629272460938,115.31999969482422,79.10419464111328,14.88815689086914
2015-06-19,175.32455444335938,115.12000274658203,79.35124206542969,14.752888679504395
2015-06-22,176.2227020263672,113.63999938964844,78.9588623046875,14.803611755371094
2015-06-23,176.3474578857422,112.88999938964844,78.77720642089844,14.98115348815918
2015-06-24,175.06668090820312,112.58999633789062,78.90074157714844,14.8797025680542
2015-06-25,174.534423828125,112.44000244140625,78.81358337402344,14.896613121032715
2015-06-26,174.50115966796875,112.55999755859375,78.62462615966797,14.964244842529297
2015-06-29,170.84178161621094,113.06999969482422,79.08963775634766,14.896613121032715
2015-06-30,171.19943237304688,112.37000274658203,79.03878021240234,15.217878341674805
2015-07-01,172.57167053222656,111.9800033569336,78.83930969238281,15.031879425048828
2015-07-02,172.41368103027344,111.76000213623047,78.9485092163086,15.006514549255371
2015-07-06,171.9229736328125,112.05999755859375,79.2324447631836,14.516164779663086
2015-07-07,173.004150390625,110.76000213623047,79.3416748046875,14.431621551513672
2015-07-08,170.1016845703125,111.08999633789062,79.53095245361328,14.363983154296875
2015-07-09,170.40933227539062,111.36000061035156,79.23976135253906,14.533072471618652
2015-07-10,172.5550537109375,111.48999786376953,78.90482330322266,14.600707054138184
2015-07-13,174.45962524414062,110.98999786376953,78.78836059570312,14.609163284301758
2015-07-14,175.21640014648438,110.73999786376953,78.91941833496094,14.558435440063477
2015-07-15,175.1581573486328,110.16000366210938,79.13056945800781,14.389348030090332
2015-07-16,176.56370544433594,109.76000213623047,79.19605255126953,14.321714401245117
2015-07-17,176.7134246826172,108.6500015258789,79.20333099365234,14.245624542236328
2015-07-20,176.80491638183594,105.69999694824219,79.06501007080078,14.017354965209961
2015-07-21,176.10630798339844,105.37000274658203,79.19605255126953,14.07653522491455
2015-07-22,175.79019165039062,104.80000305175781,79.2324447631836,13.87363052368164
2015-07-23,174.80059814453125,104.33000183105469,79.45816040039062,13.755270957946777
2015-07-24,172.98753356933594,105.3499984741211,79.4435806274414,13.645362854003906
2015-07-27,171.98117065429688,104.86000061035156,79.54548645019531,13.38327693939209
2015-07-28,174.09368896484375,105.0199966430664,79.46544647216797,13.493184089660645
2015-07-29,175.29122924804688,105.16999816894531,79.39989471435547,13.535455703735352
2015-07-30,175.3328094482422,104.2699966430664,79.40718841552734,13.484728813171387
2015-07-31,175.06668090820312,104.93000030517578,79.7202377319336,13.29873275756836
2015-08-03,174.47621154785156,104.0999984741211,79.8027114868164,13.07891845703125
2015-08-04,174.13522338867188,104.30999755859375,79.56925201416016,13.155009269714355
2015-08-05,174.70904541015625,103.93000030517578,79.42334747314453,13.104284286499023
2015-08-06,173.27862548828125,104.38999938964844,79.51818084716797,13.09582805633545
2015-08-07,172.94593811035156,104.6500015258789,79.65679931640625,13.0451021194458
2015-08-10,175.1249237060547,105.72000122070312,79.55464935302734,13.3240966796875
2015-08-11,173.5447235107422,106.26000213623047,79.81725311279297,13.14655590057373
2015-08-12,173.75270080566406,107.75,79.76619720458984,13.104284286499023
2015-08-13,173.53643798828125,106.86000061035156,79.59841918945312,13.0451021194458
2015-08-14,174.1685028076172,106.8499984741211,79.56195831298828,12.96055793762207
2015-08-17,175.14154052734375,107.12999725341797,79.70054626464844,12.909832000732422
2015-08-18,174.63421630859375,107.11000061035156,79.55464935302734,12.84219741821289
2015-08-19,173.2537078857422,108.55000305175781,79.8027114868164,12.69847297668457
2015-08-20,169.63589477539062,110.44000244140625,79.92667388916016,12.732290267944336
2015-08-21,164.52940368652344,111.12999725341797,80.06523132324219,12.520931243896484
2015-08-24,157.60157775878906,110.52999877929688,80.03610229492188,12.208118438720703
2015-08-25,155.7470245361328,109.16000366210938,79.84642791748047,12.258845329284668
2015-08-26,161.7266387939453,107.66999816894531,79.47442626953125,12.182755470275879
2015-08-27,165.72702026367188,107.7300033569336,79.58386993408203,12.622383117675781
2015-08-28,165.73532104492188,108.69999694824219,79.5108871459961,12.952103614807129
2015-08-31,164.3964080810547,108.81999969482422,79.45255279541016,13.264914512634277
2015-09-01,159.48953247070312,109.19999694824219,79.68791198730469,12.825289726257324
2015-09-02,162.5167999267578,108.62000274658203,79.58555603027344,12.935194969177246
2015-09-03,162.63319396972656,107.83999633789062,79.70249938964844,13.01973819732666
2015-09-04,160.17147827148438,107.48999786376953,79.87064361572266,12.85910701751709
2015-09-08,164.1967010498047,107.5199966430664,79.68057250976562,12.952103614807129
2015-09-09,162.0011749267578,106.12999725341797,79.70984649658203,12.7830171585083
2015-09-10,162.8826904296875,106.37999725341797,79.62213897705078,12.892923355102539
2015-09-11,163.62289428710938,106.16000366210938,79.71713256835938,12.876014709472656
2015-09-14,163.0158233642578,106.22000122070312,79.73905944824219,12.715381622314453
2015-09-15,165.05335998535156,105.9000015258789,79.38086700439453,12.75765323638916
2015-09-16,166.48387145996094,107.30999755859375,79.31507110595703,12.969013214111328
2015-09-17,166.10960388183594,108.41000366210938,79.81214904785156,12.884469985961914
2015-09-18,163.39511108398438,109.20999908447266,79.87794494628906,12.690017700195312
2015-09-21,164.23951721191406,108.52999877929688,79.66600799560547,12.83374309539795
2015-09-22,162.10769653320312,107.79000091552734,79.85601043701172,12.75765323638916
2015-09-23,161.84854125976562,108.22000122070312,79.79023742675781,12.656200408935547
2015-09-24,161.26333618164062,110.48999786376953,79.89254760742188,12.732290267944336
2015-09-25,161.2215118408203,109.80999755859375,79.75362396240234,12.808379173278809
2015-09-28,157.17530822753906,108.41999816894531,79.94371795654297,12.630836486816406
2015-09-29,157.26727294921875,107.9800033569336,80.06795501708984,12.715381622314453
2015-09-30,160.20164489746094,106.86000061035156,80.09722900390625,12.808379173278809
2015-10-01,160.61962890625,106.7300033569336,80.15948486328125,12.723835945129395
2015-10-02,163.01890563964844,108.98999786376953,80.40111541748047,12.808379173278809
2015-10-05,165.91978454589844,108.7699966430664,80.10087585449219,12.977466583251953
2015-10-06,165.351318359375,109.86000061035156,80.29861450195312,13.231098175048828
2015-10-07,166.70567321777344,109.69999694824219,80.24002075195312,13.205734252929688
2015-10-08,168.21047973632812,109.13999938964844,80.13018798828125,13.264914512634277
2015-10-09,168.3107452392578,110.87000274658203,80.06427001953125,13.3240966796875
2015-10-12,168.4695587158203,111.30999755859375,80.2693099975586,13.112737655639648
2015-10-13,167.4078826904297,111.86000061035156,80.276611328125,13.028193473815918
2015-10-14,166.6053924560547,113.80999755859375,80.57688903808594,13.06201171875
2015-10-15,169.1635284423828,113.29000091552734,80.46705627441406,13.028193473815918
2015-10-16,169.9326171875,112.48999786376953,80.386474609375,13.03664779663086
2015-10-19,170.01622009277344,112.0199966430664,80.46705627441406,12.799925804138184
2015-10-20,169.79885864257812,112.7300033569336,80.30596160888672,12.825289726257324
2015-10-21,168.74549865722656,111.7300033569336,80.49630737304688,12.715381622314453
2015-10-22,171.59622192382812,111.69000244140625,80.51097869873047,12.75765323638916
2015-10-23,173.4772491455078,111.5,80.37187194824219,12.681563377380371
2015-10-26,173.05088806152344,111.43000030517578,80.40841674804688,12.647747039794922
2015-10-27,172.7164306640625,111.68000030517578,80.5256118774414,12.588565826416016
2015-10-28,174.68099975585938,110.77999877929688,80.28398895263672,12.799925804138184
2015-10-29,174.5807342529297,109.72000122070312,79.9397964477539,12.723835945129395
2015-10-30,173.8283233642578,109.30000305175781,80.15216064453125,12.850650787353516
2015-11-02,175.88487243652344,108.58999633789062,79.9944076538086,12.7830171585083
2015-11-03,176.39480590820312,106.9800033569336,79.84761810302734,13.011284828186035
2015-11-04,175.85983276367188,105.97000122070312,79.84761810302734,12.791471481323242
2015-11-05,175.68421936035156,105.63999938964844,79.81095886230469,12.690017700195312
2015-11-06,175.59225463867188,104.0999984741211,79.42938232421875,12.613929748535156
2015-11-09,173.9536895751953,104.4000015258789,79.37801361083984,12.504022598266602
2015-11-10,174.35501098632812,104.18000030517578,79.5248031616211,12.478658676147461
2015-11-11,173.6694793701172,103.83000183105469,79.42208099365234,12.351842880249023
2015-11-12,171.24513244628906,103.8499984741211,79.49545288085938,12.174301147460938
2015-11-13,169.3223114013672,103.55999755859375,79.64952850341797,12.081303596496582
2015-11-16,171.8971710205078,103.70999908447266,79.71559143066406,12.140483856201172
2015-11-17,171.77174377441406,102.33999633789062,79.77425384521484,11.954487800598145
2015-11-18,174.49710083007812,102.43000030517578,79.71559143066406,12.00521469116211
2015-11-19,174.34661865234375,103.55999755859375,79.75226593017578,12.00521469116211
2015-11-20,174.9820098876953,103.08999633789062,79.70091247558594,11.98830509185791
2015-11-23,174.78138732910156,102.26000213623047,79.72290802001953,12.081303596496582
2015-11-24,175.01547241210938,102.94000244140625,79.79627990722656,12.275754928588867
2015-11-25,174.99041748046875,102.45999908447266,79.83295440673828,12.258845329284668
2015-11-27,175.1909942626953,101.25,79.81095886230469,12.07284927368164
2015-11-30,174.4636993408203,101.91999816894531,79.84032440185547,11.996759414672852
2015-12-01,176.12728881835938,102.27999877929688,80.12006378173828,12.13202953338623
2015-12-02,174.3299102783203,100.69000244140625,80.02440643310547,11.878397941589355
2015-12-03,171.88888549804688,101.76000213623047,79.43537902832031,12.013668060302734
2015-12-04,175.24119567871094,104.0199966430664,79.6930923461914,11.996759414672852
2015-12-07,174.17945861816406,102.66999816894531,79.81086730957031,11.650129318237305
2015-12-08,173.00906372070312,102.83999633789062,79.84031677246094,11.590949058532715
2015-12-09,171.66310119628906,102.63999938964844,79.84031677246094,11.599403381347656
2015-12-10,172.10618591308594,102.55000305175781,79.8255844116211,11.557130813598633
2015-12-11,168.77056884765625,103.11000061035156,80.02440643310547,11.438769340515137
2015-12-14,169.62327575683594,101.79000091552734,79.64887237548828,11.36268138885498
2015-12-15,171.40394592285156,101.5199966430664,79.6562728881836,11.33731746673584
2015-12-16,173.91197204589844,102.75,79.516357421875,11.286592483520508
2015-12-17,171.26182556152344,100.5,79.62673950195312,11.168231010437012
2015-12-18,168.2108154296875,102.04000091552734,79.7961196899414,11.218957901000977
2015-12-21,169.598388671875,103.1500015258789,79.72246551513672,11.168231010437012
2015-12-22,171.13735961914062,102.61000061035156,79.66361236572266,11.117504119873047
2015-12-23,173.2566375732422,102.30999755859375,79.64887237548828,11.320409774780273
2015-12-24,172.97071838378906,103.05000305175781,79.68727111816406,11.320409774780273
2015-12-28,172.57542419433594,102.2699966430664,79.68727111816406,11.159775733947754
2015-12-29,174.4171600341797,102.19999694824219,79.488037109375,11.345772743225098
2015-12-30,173.18093872070312,101.41999816894531,79.47330474853516,11.23586654663086
2015-12-31,171.44851684570312,101.45999908447266,79.68727111816406,11.295044898986816
2016-01-04,169.0517578125,102.88999938964844,79.65772247314453,11.210503578186035
2016-01-05,169.337646484375,103.18000030517578,79.6946029663086,11.100595474243164
2016-01-06,167.20164489746094,104.66999816894531,79.99714660644531,10.923053741455078
2016-01-07,163.1902313232422,106.1500015258789,79.98971557617188,10.872326850891113
2016-01-08,161.3989715576172,105.68000030517578,80.16681671142578,10.821601867675781
2016-01-11,161.55870056152344,104.73999786376953,79.93810272216797,10.525696754455566
2016-01-12,162.86219787597656,104.20999908447266,80.1151351928711,10.458063125610352
2016-01-13,158.80032348632812,104.72000122070312,80.2995834350586,10.398882865905762
2016-01-14,161.4073486328125,103.0199966430664,80.27008056640625,10.424245834350586
2016-01-15,157.94256591796875,104.08000183105469,80.36601257324219,10.204431533813477
2016-01-19,158.15283203125,103.9800033569336,80.2847900390625,10.119888305664062
2016-01-20,156.1260223388672,105.37000274658203,80.35127258300781,10.043798446655273
2016-01-21,157.0006866455078,105.48999786376953,80.24056243896484,10.179070472717285
2016-01-22,160.22157287597656,105.0,80.2995834350586,10.483426094055176
2016-01-25,157.7996063232422,106.08000183105469,80.25537872314453,10.255158424377441
2016-01-26,159.9524688720703,107.29000091552734,80.35857391357422,10.458063125610352
2016-01-27,158.21157836914062,107.69000244140625,80.37336730957031,10.584877967834473
2016-01-28,159.03582763671875,106.54000091552734,80.43974304199219,10.703240394592285
2016-01-29,162.9126739501953,106.94999694824219,80.67587280273438,10.804692268371582
2016-02-01,162.8538055419922,108.05000305175781,80.5782699584961,10.601788520812988
2016-02-02,159.91880798339844,108.08999633789062,80.82225036621094,10.415791511535645
2016-02-03,160.87750244140625,109.25,80.81484985351562,10.677877426147461
2016-02-04,161.12982177734375,110.56999969482422,80.89618682861328,10.660968780517578
2016-02-05,158.06027221679688,112.31999969482422,80.82225036621094,10.59333324432373
2016-02-08,155.93264770507812,113.83000183105469,81.13274383544922,10.542608261108398
2016-02-09,155.94107055664062,113.58000183105469,81.12535095214844,10.272066116333008
2016-02-10,155.80653381347656,114.45999908447266,81.32499694824219,10.288975715637207
2016-02-11,153.7797393798828,119.05999755859375,81.37669372558594,10.415791511535645
2016-02-12,156.9502410888672,118.36000061035156,81.15495300292969,10.56796932220459
2016-02-16,159.59922790527344,114.7699966430664,80.95535278320312,10.44960880279541
2016-02-17,162.20626831054688,115.4800033569336,80.91094970703125,10.66942310333252
2016-02-18,161.54185485839844,118.29000091552734,81.15495300292969,10.610241889953613
2016-02-19,161.46624755859375,117.58000183105469,81.16969299316406,10.517243385314941
2016-02-22,163.80410766601562,115.48999786376953,81.1919174194336,10.677877426147461
2016-02-23,161.73529052734375,117.22000122070312,81.20669555664062,10.53415298461914
2016-02-24,162.475341796875,117.61000061035156,81.23624420166016,10.66942310333252
2016-02-25,164.44326782226562,117.91999816894531,81.44322967529297,10.660968780517578
2016-02-26,164.06484985351562,117.11000061035156,81.29541015625,10.644060134887695
2016-02-29,162.77810668945312,118.63999938964844,81.39151763916016,10.779330253601074
2016-03-01,166.60455322265625,117.7699966430664,81.14774322509766,10.7877836227417
2016-03-02,167.35296630859375,118.68000030517578,81.05890655517578,10.846964836120605
2016-03-03,168.0089569091797,120.7300033569336,81.15523529052734,10.906145095825195
2016-03-04,168.5555877685547,120.54000091552734,81.02928161621094,11.117504119873047
2016-03-07,168.69015502929688,121.13999938964844,81.00707244873047,11.320409774780273
2016-03-08,166.84840393066406,120.58000183105469,81.20704650878906,11.168231010437012
2016-03-09,167.67263793945312,119.58000183105469,81.17000579833984,11.33731746673584
2016-03-10,167.80714416503906,121.5,81.20704650878906,11.320409774780273
2016-03-11,170.51502990722656,119.41000366210938,81.05890655517578,11.36268138885498
2016-03-14,170.29641723632812,117.87000274658203,81.10334777832031,11.261228561401367
2016-03-15,170.01893615722656,117.95999908447266,81.02928161621094,11.168231010437012
2016-03-16,171.00279235839844,120.58999633789062,81.37747955322266,11.36268138885498
2016-03-17,172.08763122558594,120.12999725341797,81.54785919189453,11.489498138427734
2016-03-18,172.763916015625,119.80000305175781,81.614501953125,11.48104190826416
2016-03-21,173.00904846191406,118.95999908447266,81.43668365478516,11.514861106872559
2016-03-22,172.91604614257812,119.30999755859375,81.38484954833984,11.599403381347656
2016-03-23,171.77490234375,116.61000061035156,81.5626449584961,11.354227066040039
2016-03-24,171.69883728027344,116.33000183105469,81.57007598876953,11.286592483520508
2016-03-28,171.80027770996094,116.5999984741211,81.62934112548828,11.320409774780273
2016-03-29,173.3894500732422,118.76000213623047,81.87376403808594,11.295044898986816
2016-03-30,174.15020751953125,117.0999984741211,81.84416961669922,11.252774238586426
2016-03-31,173.72755432128906,117.63999938964844,82.10342407226562,11.23586654663086
2016-04-01,174.91098022460938,116.93000030517578,82.03069305419922,11.041415214538574
2016-04-04,174.34469604492188,116.1500015258789,82.11233520507812,10.889236450195312
2016-04-05,172.603271484375,117.66000366210938,82.2236557006836,10.863874435424805
2016-04-06,174.4883575439453,116.94000244140625,82.20882415771484,10.982234001159668
2016-04-07,172.4004364013672,118.61000061035156,82.38700103759766,10.948417663574219
2016-04-08,172.86532592773438,118.43000030517578,82.30534362792969,11.210503578186035
2016-04-11,172.4595947265625,120.02999877929688,82.36475372314453,11.295044898986816
2016-04-12,174.065673828125,120.05000305175781,82.23110961914062,11.540223121643066
2016-04-13,175.8239288330078,118.7699966430664,82.26823425292969,11.599403381347656
2016-04-14,175.8323516845703,117.11000061035156,82.12716674804688,11.506406784057617
2016-04-15,175.637939453125,117.91999816894531,82.35724639892578,11.46413516998291
2016-04-18,176.87213134765625,117.73999786376953,82.34988403320312,11.514861106872559
2016-04-19,177.42996215820312,119.58000183105469,82.34242248535156,11.76003646850586
2016-04-20,177.59906005859375,118.97000122070312,82.14202880859375,11.98830509185791
2016-04-21,176.6438446044922,119.41999816894531,82.03069305419922,11.937578201293945
2016-04-22,176.6438446044922,117.88999938964844,82.0380859375,11.886853218078613
2016-04-25,176.3395233154297,118.2300033569336,81.94906616210938,11.878397941589355
2016-04-26,176.60159301757812,118.69999694824219,81.91191864013672,12.030577659606934
2016-04-27,176.96511840820312,119.04000091552734,82.15686798095703,12.140483856201172
2016-04-28,175.35897827148438,121.29000091552734,82.32019805908203,12.208118438720703
2016-04-29,174.41226196289062,123.6500015258789,82.31273651123047,12.326480865478516
2016-05-02,175.79856872558594,123.23999786376953,82.25700378417969,12.157392501831055
2016-05-03,174.26853942871094,122.95999908447266,82.40573120117188,11.971397399902344
2016-05-04,173.29644775390625,122.20999908447266,82.44292449951172,11.979850769042969
2016-05-05,173.26263427734375,122.06999969482422,82.65110778808594,11.861489295959473
2016-05-06,173.89662170410156,123.18000030517578,82.52470397949219,11.937578201293945
2016-05-09,174.04026794433594,120.6500015258789,82.5767593383789,11.675494194030762
2016-05-10,176.2042999267578,120.9800033569336,82.61392211914062,11.962942123413086
2016-05-11,174.55599975585938,122.12000274658203,82.61392211914062,12.241936683654785
2016-05-12,174.6066436767578,121.16000366210938,82.53956604003906,12.258845329284668
2016-05-13,173.08514404296875,121.70999908447266,82.6957015991211,12.241936683654785
2016-05-16,174.7926025390625,121.80000305175781,82.55447387695312,12.377206802368164
2016-05-17,173.1612091064453,122.22000122070312,82.44292449951172,12.47020435333252
2016-05-18,173.2119140625,120.0999984741211,82.10079956054688,12.377206802368164
2016-05-19,172.61172485351562,119.87000274658203,82.15286254882812,12.343389511108398
2016-05-20,173.70217895507812,119.70999908447266,82.20491027832031,12.39411449432373
2016-05-23,173.46554565429688,119.37000274658203,82.19002532958984,12.326480865478516
2016-05-24,175.7140350341797,117.30000305175781,82.14541625976562,12.326480865478516
2016-05-25,176.90594482421875,116.9800033569336,82.1602554321289,12.47020435333252
2016-05-26,176.9566192626953,116.58000183105469,82.28672790527344,12.461750984191895
2016-05-27,177.71743774414062,115.62000274658203,82.27182006835938,12.512475967407227
2016-05-31,177.37925720214844,116.05999755859375,82.32394409179688,12.436387062072754
2016-06-01,177.74281311035156,115.94000244140625,82.2777328491211,12.563202857971191
2016-06-02,178.2838134765625,115.66999816894531,82.48638153076172,12.588565826416016
2016-06-03,177.75123596191406,118.87999725341797,82.93347930908203,12.67310905456543
2016-06-06,178.6556854248047,118.91999816894531,82.82164001464844,12.825289726257324
2016-06-07,178.93467712402344,118.81999969482422,82.89617156982422,12.952103614807129
2016-06-08,179.5178985595703,120.58000183105469,82.92601013183594,13.171917915344238
2016-06-09,179.27276611328125,121.25,82.98558044433594,13.14655590057373
2016-06-10,177.57376098632812,121.73999786376953,83.09733581542969,12.985920906066895
2016-06-13,176.2042999267578,122.63999938964844,83.1644058227539,12.985920906066895
2016-06-14,175.857666015625,122.7699966430664,83.12713623046875,12.901376724243164
2016-06-15,175.61253356933594,123.68000030517578,83.30596923828125,12.83374309539795
2016-06-16,176.13670349121094,122.37999725341797,83.35813903808594,12.613929748535156
2016-06-17,175.48069763183594,123.94999694824219,83.2985610961914,12.909832000732422
2016-06-20,176.61083984375,123.20999908447266,83.06755828857422,13.028193473815918
2016-06-21,177.1121368408203,120.83999633789062,83.00794219970703,12.926740646362305
2016-06-22,176.8231964111328,120.9000015258789,83.06009674072266,12.850650787353516
2016-06-23,179.1259307861328,120.11000061035156,82.91854095458984,12.952103614807129
2016-06-24,172.6937255859375,126.0,83.36558532714844,12.690017700195312
2016-06-27,169.60079956054688,126.68000030517578,83.700927734375,12.664654731750488
2016-06-28,172.6597137451172,125.31999969482422,83.80523681640625,12.867560386657715
2016-06-29,175.5996551513672,125.83999633789062,83.74569702148438,13.053555488586426
2016-06-30,177.995849609375,126.47000122070312,83.91700744628906,12.977466583251953
2016-07-01,178.36972045898438,128.41000366210938,84.09766387939453,13.138099670410156
2016-07-05,177.086669921875,129.47000122070312,84.32162475585938,12.766108512878418
2016-07-06,178.14878845214844,130.22999572753906,84.4784164428711,12.816834449768066
2016-07-07,178.03834533691406,129.74000549316406,84.41865539550781,12.45329475402832
2016-07-08,180.6894073486328,130.52000427246094,84.5456314086914,12.580111503601074
2016-07-11,181.32666015625,129.2899932861328,84.32162475585938,12.52938461303711
2016-07-12,182.64369201660156,127.1500015258789,84.06779479980469,12.766108512878418
2016-07-13,182.61817932128906,128.32000732421875,84.18726348876953,12.605476379394531
2016-07-14,183.6378631591797,127.33000183105469,84.11261749267578,12.656200408935547
2016-07-15,183.39149475097656,126.83999633789062,83.80654907226562,12.622383117675781
2016-07-18,183.88426208496094,127.04000091552734,83.8214340209961,12.563202857971191
2016-07-19,183.69735717773438,127.20999908447266,83.99319458007812,12.487113952636719
2016-07-20,184.46209716796875,125.38999938964844,83.91847229003906,12.402569770812988
2016-07-21,183.7652587890625,127.30000305175781,83.99319458007812,12.33493423461914
2016-07-22,184.58953857421875,126.3499984741211,84.00808715820312,12.309572219848633
2016-07-25,184.08816528320312,125.47000122070312,83.91106414794922,12.174301147460938
2016-07-26,184.17318725585938,126.0,83.91106414794922,12.123574256896973
2016-07-27,183.97775268554688,128.02999877929688,84.15740203857422,12.00521469116211
2016-07-28,184.19015502929688,127.66000366210938,84.14993286132812,11.971397399902344
2016-07-29,184.48751831054688,128.97999572753906,84.37389373779297,12.07284927368164
2016-08-01,184.33465576171875,129.22000122070312,84.17723083496094,11.861489295959473
2016-08-02,183.15353393554688,130.27000427246094,83.93035125732422,11.84458065032959
2016-08-03,183.68885803222656,129.64999389648438,84.0201416015625,12.039031982421875
2016-08-04,183.88426208496094,129.8699951171875,84.17723083496094,12.089757919311523
2016-08-05,185.38821411132812,127.55000305175781,83.89297485351562,12.140483856201172
2016-08-08,185.27780151367188,127.44000244140625,83.94534301757812,12.208118438720703
2016-08-09,185.38821411132812,127.95999908447266,84.16219329833984,12.174301147460938
2016-08-10,184.92941284179688,128.55999755859375,84.25945281982422,12.030577659606934
2016-08-11,185.7876434326172,127.66999816894531,84.03510284423828,12.216573715209961
2016-08-12,185.6261749267578,127.4000015258789,84.23700714111328,12.309572219848633
2016-08-15,186.1614990234375,127.83999633789062,84.08743286132812,12.512475967407227
2016-08-16,185.20132446289062,128.47000122070312,84.03510284423828,12.613929748535156
2016-08-17,185.5496826171875,128.5,84.192138671875,12.664654731750488
2016-08-18,185.966064453125,129.11000061035156,84.31182861328125,12.825289726257324
2016-08-19,185.69418334960938,127.97000122070312,84.12482452392578,12.7830171585083
2016-08-22,185.6856231689453,127.77999877929688,84.2519760131836,12.664654731750488
2016-08-23,186.0595245361328,127.76000213623047,84.27440643310547,12.715381622314453
2016-08-24,185.10787963867188,126.33999633789062,84.24452209472656,12.563202857971191
2016-08-25,184.98040771484375,126.2300033569336,84.15472412109375,12.613929748535156
2016-08-26,184.63204956054688,126.05000305175781,84.0201416015625,12.571657180786133
2016-08-29,185.54119873046875,126.30000305175781,84.2519760131836,12.520931243896484
2016-08-30,185.2353057861328,125.02999877929688,84.20709991455078,12.402569770812988
2016-08-31,184.70852661132812,124.77999877929688,84.192138671875,12.16584587097168
2016-09-01,184.7169952392578,125.29000091552734,84.26560974121094,12.030577659606934
2016-09-02,185.5496826171875,126.56999969482422,84.1531753540039,12.16584587097168
2016-09-06,186.11053466796875,128.7100067138672,84.33301544189453,12.250391006469727
2016-09-07,186.0935516357422,128.27000427246094,84.37797546386719,12.360298156738281
2016-09-08,185.66867065429688,127.58999633789062,84.085693359375,12.580111503601074
2016-09-09,181.22467041015625,126.75,83.71855926513672,12.385660171508789
2016-09-12,183.82481384277344,126.58999633789062,83.78601837158203,12.385660171508789
2016-09-13,181.18223571777344,125.75,83.55378723144531,12.225027084350586
2016-09-14,181.11422729492188,126.18000030517578,83.65865325927734,12.13202953338623
2016-09-15,182.9241485595703,125.37000274658203,83.71109771728516,12.191210746765137
2016-09-16,182.2169647216797,125.05999755859375,83.77103424072266,12.208118438720703
2016-09-19,182.25115966796875,125.31999969482422,83.70362854003906,12.199665069580078
2016-09-20,182.2596893310547,125.44000244140625,83.73352813720703,12.241936683654785
2016-09-21,184.30926513671875,127.2699966430664,83.94341278076172,12.39411449432373
2016-09-22,185.47068786621094,127.56999969482422,84.11573791503906,12.461750984191895
2016-09-23,184.45445251464844,127.6500015258789,84.09324645996094,12.318026542663574
2016-09-26,182.95994567871094,127.55000305175781,84.19813537597656,12.402569770812988
2016-09-27,184.09579467773438,126.62000274658203,84.30308532714844,12.284208297729492
2016-09-28,185.0095672607422,126.22000122070312,84.3255386352539,12.571657180786133
2016-09-29,183.335693359375,126.06999969482422,84.3255386352539,12.647747039794922
2016-09-30,184.71920776367188,125.63999938964844,84.23558044433594,12.690017700195312
2016-10-03,184.27516174316406,125.31999969482422,84.1402587890625,12.799925804138184
2016-10-04,183.335693359375,120.97000122070312,83.85504913330078,12.766108512878418
2016-10-05,184.14706420898438,120.77999877929688,83.74242401123047,12.84219741821289
2016-10-06,184.27516174316406,119.66000366210938,83.74242401123047,12.867560386657715
2016-10-07,183.6431884765625,119.73999786376953,83.75743865966797,12.83374309539795
2016-10-10,184.59963989257812,120.16000366210938,83.71990203857422,12.977466583251953
2016-10-11,182.26824951171875,119.55000305175781,83.59230041503906,12.901376724243164
2016-10-12,182.50738525390625,119.73999786376953,83.62234497070312,12.808379173278809
2016-10-13,181.90953063964844,120.02999877929688,83.74242401123047,12.892923355102539
2016-10-14,182.0034942626953,119.36000061035156,83.59979248046875,12.901376724243164
2016-10-17,181.37156677246094,119.68000030517578,83.74242401123047,12.918286323547363
2016-10-18,182.50738525390625,120.41999816894531,83.87755584716797,12.943650245666504
2016-10-19,182.99417114257812,121.11000061035156,83.92259216308594,13.028193473815918
2016-10-20,182.6525421142578,120.73999786376953,83.89258575439453,12.909832000732422
2016-10-21,182.73794555664062,120.83000183105469,83.94512176513672,12.96055793762207
2016-10-24,183.51502990722656,120.55999755859375,83.8175048828125,12.969013214111328
2016-10-25,182.90016174316406,121.47000122070312,83.8175048828125,12.909832000732422
2016-10-26,182.53302001953125,120.79000091552734,83.65235137939453,12.825289726257324
2016-10-27,182.0461883544922,121.01000213623047,83.44219207763672,12.901376724243164
2016-10-28,181.50814819335938,121.58000183105469,83.44219207763672,12.816834449768066
2016-10-31,181.5167236328125,121.94000244140625,83.54727172851562,12.647747039794922
2016-11-01,180.2015838623047,122.7300033569336,83.50215148925781,12.706927299499512
2016-11-02,179.1169891357422,123.63999938964844,83.59992980957031,12.554749488830566
2016-11-03,178.29714965820312,124.30000305175781,83.48710632324219,12.512475967407227
2016-11-04,178.10072326660156,124.38999938964844,83.6600570678711,12.427932739257812
2016-11-07,182.0291290283203,122.1500015258789,83.56228637695312,12.478658676147461
2016-11-08,182.84896850585938,121.63999938964844,83.42695617675781,12.461750984191895
2016-11-09,184.7875213623047,121.55999755859375,82.65229797363281,12.520931243896484
2016-11-10,185.2487030029297,119.75,82.31382751464844,12.419478416442871
2016-11-11,184.8217010498047,117.0999984741211,82.16343688964844,12.182755470275879
2016-11-14,184.9668731689453,116.11000061035156,81.83255004882812,12.157392501831055
2016-11-15,186.41014099121094,117.12000274658203,81.89270782470703,12.427932739257812
2016-11-16,186.05999755859375,116.7699966430664,82.07320404052734,12.275754928588867
2016-11-17,187.01649475097656,116.16999816894531,81.76486206054688,12.301117897033691
2016-11-18,186.59800720214844,115.1500015258789,81.50163269042969,12.402569770812988
2016-11-21,188.0071258544922,115.58000183105469,81.56935119628906,12.749197959899902
2016-11-22,188.3743133544922,115.54000091552734,81.64451599121094,12.732290267944336
2016-11-23,188.47677612304688,113.25,81.35871887207031,12.7830171585083
2016-11-25,189.17710876464844,112.61000061035156,81.3512191772461,12.690017700195312
2016-11-28,188.28890991210938,113.80000305175781,81.63699340820312,12.732290267944336
2016-11-29,188.65611267089844,113.2699966430664,81.72727966308594,12.478658676147461
2016-11-30,188.20355224609375,111.75,81.40386199951172,12.85910701751709
2016-12-01,187.51177978515625,111.54000091552734,81.13563537597656,13.09582805633545
2016-12-02,187.60569763183594,112.13999938964844,81.39179992675781,13.188826560974121
2016-12-05,188.73297119140625,111.54000091552734,81.45965576171875,13.256462097167969
2016-12-06,189.33078002929688,111.43000030517578,81.44456481933594,13.197279930114746
2016-12-07,191.80740356445312,111.83000183105469,81.65550231933594,13.09582805633545
2016-12-08,192.27699279785156,111.56999969482422,81.50482940673828,13.12119197845459
2016-12-09,193.43846130371094,110.4000015258789,81.25617218017578,13.188826560974121
2016-12-12,193.21646118164062,110.81999969482422,81.18083190917969,13.273370742797852
2016-12-13,194.5059814453125,110.44999694824219,81.28630065917969,13.3071870803833
2016-12-14,192.90052795410156,108.83000183105469,80.84178161621094,13.18037223815918
2016-12-15,193.6947021484375,107.33999633789062,80.74382781982422,13.163463592529297
2016-12-16,193.3158416748047,108.05000305175781,80.79652404785156,13.222643852233887
2016-12-19,193.73675537109375,108.58999633789062,81.00751495361328,13.14655590057373
2016-12-20,194.4841766357422,107.79000091552734,80.93218994140625,13.205734252929688
2016-12-21,193.9429931640625,107.8499984741211,81.10547637939453,13.129646301269531
2016-12-22,193.6079864501953,107.58999633789062,81.1047134399414,13.112737655639648
2016-12-23,193.8914337158203,107.93000030517578,81.12739562988281,13.138099670410156
2016-12-27,194.37246704101562,108.55999755859375,81.06698608398438,13.341005325317383
2016-12-28,192.76608276367188,108.86000061035156,81.19534301757812,13.349459648132324
2016-12-29,192.72311401367188,110.29000091552734,81.444580078125,13.366368293762207
2016-12-30,192.0187530517578,109.61000061035156,81.61074829101562,13.391732215881348
2017-01-03,193.48768615722656,110.47000122070312,81.69379425048828,13.231098175048828
2017-01-04,194.6387481689453,110.86000061035156,81.71647644042969,13.332551956176758
2017-01-05,194.4841766357422,112.58000183105469,82.05634307861328,13.400186538696289
2017-01-06,195.1799774169922,111.75,81.7844467163086,13.38327693939209
2017-01-09,194.53573608398438,112.66999816894531,81.92039489746094,13.18037223815918
2017-01-10,194.53573608398438,113.1500015258789,81.89769744873047,13.12119197845459
2017-01-11,195.08547973632812,113.5,81.99595642089844,13.264914512634277
2017-01-12,194.59584045410156,113.91000366210938,82.0261001586914,13.459366798400879
2017-01-13,195.0425567626953,114.20999908447266,81.88265228271484,13.434004783630371
2017-01-17,194.3552703857422,115.8499984741211,82.16204833984375,13.425549507141113
2017-01-18,194.7847900390625,114.87000274658203,81.80712890625,13.3071870803833
2017-01-19,194.06321716308594,114.7699966430664,81.59562683105469,13.264914512634277
2017-01-20,194.77622985839844,115.05000305175781,81.62586212158203,13.417094230651855
2017-01-23,194.26937866210938,115.79000091552734,81.8524169921875,13.417094230651855
2017-01-24,195.5150146484375,115.2699966430664,81.72400665283203,13.450911521911621
2017-01-25,197.20726013183594,114.31999969482422,81.50501251220703,13.366368293762207
2017-01-26,197.00112915039062,113.26000213623047,81.55786895751953,13.425549507141113
2017-01-27,196.69187927246094,113.48999786376953,81.62586212158203,13.315642356872559
2017-01-30,195.4720001220703,113.97000122070312,81.58809661865234,13.23955249786377
2017-01-31,195.45484924316406,115.55000305175781,81.7844467163086,13.315642356872559
2017-02-01,195.5321807861328,115.19999694824219,81.6694107055664,13.459366798400879
2017-02-02,195.66107177734375,115.83999633789062,81.71481323242188,13.459366798400879
2017-02-03,197.0096893310547,116.12999725341797,81.73751831054688,13.450911521911621
2017-02-06,196.65744018554688,117.69999694824219,81.97209930419922,13.366368293762207
2017-02-07,196.66607666015625,117.45999908447266,82.05535888671875,13.3071870803833
2017-02-08,196.92381286621094,118.19000244140625,82.28992462158203,13.357913970947266
2017-02-09,198.09207153320312,117.29000091552734,82.09318542480469,13.425549507141113
2017-02-10,198.8738250732422,117.5999984741211,82.07808685302734,13.569272994995117
2017-02-13,199.9561309814453,116.80000305175781,81.95697784423828,13.417094230651855
2017-02-14,200.75503540039062,116.93000030517578,81.77536010742188,13.434004783630371
2017-02-15,201.80308532714844,117.44999694824219,81.646728515625,13.450911521911621
2017-02-16,201.63125610351562,118.08000183105469,81.82074737548828,13.366368293762207
2017-02-17,201.9490966796875,117.68000030517578,82.00241088867188,13.341005325317383
2017-02-21,203.15174865722656,117.75,81.99482727050781,13.3240966796875
2017-02-22,202.97134399414062,117.91000366210938,82.04779815673828,13.256462097167969
2017-02-23,203.10879516601562,118.94000244140625,82.1839828491211,13.29873275756836
2017-02-24,203.36656188964844,119.69999694824219,82.48670959472656,13.273370742797852
2017-02-27,203.68435668945312,119.12000274658203,82.33539581298828,13.23955249786377
2017-02-28,203.13461303710938,119.2300033569336,82.31266784667969,13.29028034210205
2017-03-01,205.9779510498047,119.05999755859375,81.9259262084961,13.349459648132324
2017-03-02,204.6808319091797,117.58000183105469,81.7743148803711,13.138099670410156
2017-03-03,204.8096466064453,117.51000213623047,81.83494567871094,13.205734252929688
2017-03-06,204.1997833251953,116.72000122070312,81.79703521728516,13.188826560974121
2017-03-07,203.58982849121094,115.77999877929688,81.69084167480469,13.129646301269531
2017-03-08,203.21185302734375,115.05999755859375,81.49372863769531,12.83374309539795
2017-03-09,203.46958923339844,114.47000122070312,81.24346923828125,12.723835945129395
2017-03-10,204.18260192871094,114.72000122070312,81.36478424072266,12.605476379394531
2017-03-13,204.28564453125,114.73999786376953,81.22834014892578,12.588565826416016
2017-03-14,203.5039520263672,114.12000274658203,81.25862884521484,12.537839889526367
2017-03-15,205.26498413085938,116.25,81.7287368774414,12.647747039794922
2017-03-16,204.86119079589844,116.7300033569336,81.63777923583984,12.630836486816406
2017-03-17,204.50144958496094,116.98999786376953,81.81221771240234,12.67310905456543
2017-03-20,204.277099609375,117.51000213623047,81.93350982666016,12.664654731750488
2017-03-21,201.6543426513672,118.54000091552734,82.10030364990234,12.597020149230957
2017-03-22,202.12881469726562,118.83000183105469,82.21407318115234,12.588565826416016
2017-03-23,201.91314697265625,118.66999816894531,82.23681640625,12.563202857971191
2017-03-24,201.76646423339844,118.86000061035156,82.16861724853516,12.605476379394531
2017-03-27,201.55941772460938,119.52999877929688,82.36576080322266,12.588565826416016
2017-03-28,203.026123046875,119.04000091552734,82.1761474609375,12.664654731750488
2017-03-29,203.21592712402344,119.33000183105469,82.358154296875,12.7830171585083
2017-03-30,203.8629608154297,118.47000122070312,82.20649719238281,12.83374309539795
2017-03-31,203.38851928710938,118.72000122070312,82.26717376708984,12.85910701751709
2017-04-03,203.03472900390625,119.3499984741211,82.57262420654297,12.808379173278809
2017-04-04,203.16416931152344,119.62000274658203,82.49659729003906,12.935194969177246
2017-04-05,202.56021118164062,119.62000274658203,82.58783721923828,12.96055793762207
2017-04-06,203.12965393066406,119.18000030517578,82.5802001953125,12.994375228881836
2017-04-07,202.922607421875,119.45999908447266,82.3978271484375,13.028193473815918
2017-04-10,203.0433807373047,119.45999908447266,82.50424194335938,13.129646301269531
2017-04-11,202.80178833007812,121.19000244140625,82.73976135253906,13.155009269714355
2017-04-12,201.91314697265625,122.0199966430664,82.92216491699219,13.155009269714355
2017-04-13,200.60174560546875,122.5999984741211,83.0285415649414,13.197279930114746
2017-04-17,202.37904357910156,122.23999786376953,82.98294830322266,13.12119197845459
2017-04-18,201.77513122558594,122.81999969482422,83.3172836303711,13.070466041564941
2017-04-19,201.4040985107422,121.7300033569336,83.18810272216797,12.84219741821289
2017-04-20,203.0433807373047,121.95999908447266,83.05892944335938,12.791471481323242
2017-04-21,202.3963165283203,122.30999755859375,83.08172607421875,12.664654731750488
2017-04-24,204.62222290039062,121.4800033569336,82.96012115478516,12.622383117675781
2017-04-25,205.8128662109375,120.25,82.68661499023438,12.681563377380371
2017-04-26,205.6834259033203,120.83999633789062,82.79295349121094,12.613929748535156
2017-04-27,205.85595703125,120.38999938964844,82.86897277832031,12.546294212341309
2017-04-28,205.4073486328125,120.7699966430664,83.01331329345703,12.512475967407227
2017-05-01,205.92503356933594,119.66999816894531,82.79937744140625,12.537839889526367
2017-05-02,206.0026397705078,119.6500015258789,82.91358184814453,12.402569770812988
2017-05-03,205.75242614746094,117.9800033569336,82.82978820800781,12.351842880249023
2017-05-04,205.99403381347656,116.79000091552734,82.76128387451172,12.055940628051758
2017-05-05,206.80502319335938,117.01000213623047,82.77648162841797,12.225027084350586
2017-05-08,206.7705535888672,116.75,82.6165771484375,12.174301147460938
2017-05-09,206.58071899414062,116.05000305175781,82.62420654296875,12.115119934082031
2017-05-10,206.95167541503906,116.04000091552734,82.6470718383789,12.309572219848633
2017-05-11,206.52894592285156,116.5,82.63939666748047,12.360298156738281
2017-05-12,206.18382263183594,116.83000183105469,82.94400787353516,12.360298156738281
2017-05-15,207.32269287109375,117.13999938964844,82.91358184814453,12.427932739257812
2017-05-16,207.13290405273438,117.6500015258789,83.02017974853516,12.444841384887695
2017-05-17,203.45748901367188,119.79000091552734,83.44664001464844,12.52938461303711
2017-05-18,204.277099609375,118.80999755859375,83.40094757080078,12.49556827545166
2017-05-19,205.6057891845703,119.4000015258789,83.40094757080078,12.740744590759277
2017-05-22,206.64968872070312,119.9000015258789,83.34760284423828,12.825289726257324
2017-05-23,207.10704040527344,119.13999938964844,83.18775177001953,12.7830171585083
2017-05-24,207.59010314941406,119.61000061035156,83.33242797851562,12.75765323638916
2017-05-25,208.5823211669922,119.4800033569336,83.37045288085938,12.478658676147461
2017-05-26,208.53916931152344,120.54000091552734,83.34004211425781,12.571657180786133
2017-05-30,208.35800170898438,120.13999938964844,83.4999771118164,12.47020435333252
2017-05-31,208.30624389648438,120.62000274658203,83.58370208740234,12.33493423461914
2017-06-01,209.96275329589844,120.72000122070312,83.5455551147461,12.250391006469727
2017-06-02,210.66163635253906,121.61000061035156,83.8202896118164,12.191210746765137
2017-06-05,210.5062713623047,121.7300033569336,83.6905288696289,12.123574256896973
2017-06-06,209.83338928222656,123.0999984741211,83.85842895507812,12.208118438720703
2017-06-07,210.2216033935547,122.44999694824219,83.75923919677734,12.039031982421875
2017-06-08,210.32510375976562,121.6500015258789,83.6753158569336,12.039031982421875
2017-06-09,210.0059051513672,120.54000091552734,83.60662078857422,12.10666561126709
2017-06-12,209.96275329589844,120.36000061035156,83.60662078857422,11.996759414672852
2017-06-13,210.98947143554688,120.4800033569336,83.6294937133789,12.0474853515625
2017-06-14,210.7220001220703,119.81999969482422,83.89659118652344,11.836125373840332
2017-06-15,210.31649780273438,119.31999969482422,83.8431396484375,11.886853218078613
2017-06-16,210.36239624023438,119.33999633789062,83.89659118652344,11.937578201293945
2017-06-19,212.11370849609375,118.43000030517578,83.78208923339844,11.861489295959473
2017-06-20,210.68321228027344,118.18000030517578,83.91189575195312,11.743128776550293
2017-06-21,210.6312255859375,118.5199966430664,83.92710876464844,11.616312026977539
2017-06-22,210.53582763671875,118.91999816894531,83.96527862548828,11.633222579956055
2017-06-23,210.7872772216797,119.43000030517578,83.9804916381836,11.683947563171387
2017-06-26,210.92596435546875,118.36000061035156,84.05683898925781,11.709310531616211
2017-06-27,209.22669982910156,118.80999755859375,83.80499267578125,11.84458065032959
2017-06-28,211.0994110107422,118.9000015258789,83.83551025390625,11.920670509338379
2017-06-29,209.24400329589844,118.31999969482422,83.6753158569336,11.971397399902344
2017-06-30,209.6341552734375,118.0199966430664,83.5684814453125,12.216573715209961
2017-07-03,209.98963928222656,116.08999633789062,83.41934204101562,12.343389511108398
2017-07-05,210.47512817382812,116.5199966430664,83.46521759033203,12.157392501831055
2017-07-06,208.5504608154297,116.47000122070312,83.30464172363281,12.16584587097168
2017-07-07,209.90293884277344,115.27999877929688,83.27403259277344,12.0474853515625
2017-07-10,210.1283721923828,115.47000122070312,83.31230926513672,12.098212242126465
2017-07-11,209.97232055664062,115.62000274658203,83.38874053955078,12.216573715209961
2017-07-12,211.55026245117188,116.02999877929688,83.64108276367188,12.157392501831055
2017-07-13,211.90567016601562,115.81999969482422,83.5493392944336,12.14893913269043
2017-07-14,212.89398193359375,116.7699966430664,83.63346099853516,12.284208297729492
2017-07-17,212.8679656982422,117.29000091552734,83.67168426513672,12.241936683654785
2017-07-18,212.98068237304688,118.11000061035156,83.86283111572266,12.292662620544434
2017-07-19,214.13380432128906,118.08000183105469,83.88580322265625,12.402569770812988
2017-07-20,214.2292022705078,118.23999786376953,83.90873718261719,12.385660171508789
2017-07-21,214.0384521484375,119.26000213623047,84.05400085449219,12.216573715209961
2017-07-24,213.9864501953125,119.30999755859375,83.97755432128906,12.241936683654785
2017-07-25,214.50657653808594,118.91999816894531,83.67932891845703,12.377206802368164
2017-07-26,214.5152587890625,119.87999725341797,83.83992004394531,12.49556827545166
2017-07-27,214.31582641601562,119.79000091552734,83.71757507324219,12.571657180786133
2017-07-28,214.06443786621094,120.69000244140625,83.88580322265625,12.639291763305664
2017-07-31,213.94302368164062,120.75,83.84759521484375,12.715381622314453
2017-08-01,214.41989135742188,120.6500015258789,84.0774154663086,12.571657180786133
2017-08-02,214.52394104003906,120.4000015258789,84.01612854003906,12.597020149230957
2017-08-03,214.10780334472656,120.58999633789062,84.18473815917969,12.504022598266602
2017-08-04,214.4979248046875,119.6500015258789,84.04679870605469,12.52938461303711
2017-08-07,214.89669799804688,119.51000213623047,84.03913116455078,12.554749488830566
2017-08-08,214.3678436279297,119.86000061035156,83.96249389648438,12.563202857971191
2017-08-09,214.35922241210938,121.30999755859375,84.03913116455078,12.647747039794922
2017-08-10,211.3334503173828,122.20999908447266,84.12337493896484,12.45329475402832
2017-08-11,211.64553833007812,122.79000091552734,84.19237518310547,12.49556827545166
2017-08-14,213.74362182617188,121.91999816894531,84.15406036376953,12.385660171508789
2017-08-15,213.7176513671875,120.9800033569336,84.03147888183594,12.326480865478516
2017-08-16,214.0903778076172,121.87000274658203,84.18473815917969,12.292662620544434
2017-08-17,210.75257873535156,122.48999786376953,84.30738067626953,12.326480865478516
2017-08-18,210.423095703125,122.30000305175781,84.253662109375,12.546294212341309
2017-08-21,210.5878448486328,122.76000213623047,84.31500244140625,12.39411449432373
2017-08-22,212.78993225097656,122.20999908447266,84.23835754394531,12.427932739257812
2017-08-23,212.02706909179688,122.66999816894531,84.42996978759766,12.537839889526367
2017-08-24,211.5328369140625,122.29000091552734,84.32270050048828,12.52938461303711
2017-08-25,212.02706909179688,122.73999786376953,84.38399505615234,12.504022598266602
2017-08-28,212.03567504882812,124.69000244140625,84.41461181640625,12.512475967407227
2017-08-29,212.27845764160156,124.41999816894531,84.53724670410156,12.512475967407227
2017-08-30,213.28421020507812,124.36000061035156,84.52188110351562,12.419478416442871
2017-08-31,214.5672607421875,125.81999969482422,84.63685607910156,12.766108512878418
2017-09-01,214.8707275390625,126.05999755859375,84.44487762451172,12.7830171585083
2017-09-05,213.32748413085938,127.45999908447266,84.79042053222656,12.808379173278809
2017-09-06,214.05569458007812,126.80999755859375,84.69828796386719,12.935194969177246
2017-09-07,214.02969360351562,128.1300048828125,84.90560913085938,12.926740646362305
2017-09-08,213.77833557128906,127.97000122070312,84.80577087402344,12.7830171585083
2017-09-11,216.0584716796875,126.19000244140625,84.57540893554688,12.808379173278809
2017-09-12,216.78668212890625,126.55999755859375,84.45256042480469,12.84219741821289
2017-09-13,216.89077758789062,125.61000061035156,84.3680648803711,12.901376724243164
2017-09-14,216.8214111328125,126.16000366210938,84.4141845703125,12.909832000732422
2017-09-15,217.11328125,125.52999877929688,84.39877319335938,12.969013214111328
2017-09-18,217.57510375976562,124.36000061035156,84.36042022705078,12.952103614807129
2017-09-19,217.79286193847656,124.62000274658203,84.31436157226562,12.926740646362305
2017-09-20,217.8712921142578,123.62000274658203,84.2452392578125,13.03664779663086
2017-09-21,217.2874755859375,122.68000030517578,84.22985076904297,12.985920906066895
2017-09-22,217.33111572265625,123.23999786376953,84.29129028320312,13.03664779663086
2017-09-25,216.8867645263672,124.52999877929688,84.49092864990234,13.256462097167969
2017-09-26,217.0174102783203,123.13999938964844,84.46025848388672,13.138099670410156
2017-09-27,217.86253356933594,121.9800033569336,84.2145004272461,13.087373733520508
2017-09-28,218.12396240234375,122.20999908447266,84.22218322753906,13.087373733520508
2017-09-29,218.8906707763672,121.58000183105469,84.15306091308594,13.01973819732666
2017-10-02,219.84039306640625,120.7699966430664,84.20462799072266,12.909832000732422
2017-10-03,220.31088256835938,120.83000183105469,84.2738265991211,12.918286323547363
2017-10-04,220.572265625,121.16999816894531,84.25080871582031,12.935194969177246
2017-10-05,221.87916564941406,120.5199966430664,84.2123031616211,13.07891845703125
2017-10-06,221.6265106201172,121.08999633789062,84.08919525146484,12.876014709472656
2017-10-09,221.2605438232422,122.08000183105469,84.20462799072266,12.884469985961914
2017-10-10,221.84429931640625,122.4000015258789,84.2123031616211,13.03664779663086
2017-10-11,222.1927947998047,122.79000091552734,84.22769165039062,13.06201171875
2017-10-12,221.86175537109375,122.88999938964844,84.32774353027344,13.0451021194458
2017-10-13,222.13182067871094,123.81999969482422,84.53549194335938,13.171917915344238
2017-10-16,222.4280548095703,122.97000122070312,84.45084381103516,13.205734252929688
2017-10-17,222.5848388671875,122.12999725341797,84.42009735107422,13.188826560974121
2017-10-18,222.802734375,121.66999816894531,84.2892837524414,13.18037223815918
2017-10-19,222.86366271972656,122.38999938964844,84.350830078125,13.12119197845459
2017-10-20,224.0137481689453,121.61000061035156,84.10458374023438,13.188826560974121
2017-10-23,223.14244079589844,121.80000305175781,84.19689178466797,13.188826560974121
2017-10-24,223.53460693359375,121.33000183105469,84.01996612548828,13.3240966796875
2017-10-25,222.4280548095703,121.3499984741211,83.96607208251953,13.341005325317383
2017-10-26,222.7156524658203,120.33000183105469,83.87374877929688,13.400186538696289
2017-10-27,224.53656005859375,120.9000015258789,84.05843353271484,13.467822074890137
2017-10-30,223.70010375976562,121.12999725341797,84.2892837524414,13.501638412475586
2017-10-31,224.04861450195312,120.66999816894531,84.23543548583984,13.535455703735352
2017-11-01,224.34483337402344,121.11000061035156,84.27242279052734,13.543910026550293
2017-11-02,224.43199157714844,121.19000244140625,84.31867980957031,13.62845516204834
2017-11-03,225.1813201904297,120.62000274658203,84.39576721191406,13.712998390197754
2017-11-06,225.52978515625,121.6500015258789,84.47293853759766,13.975085258483887
2017-11-07,225.3730010986328,121.20999908447266,84.4960708618164,13.89054012298584
2017-11-08,225.75628662109375,121.62999725341797,84.44207000732422,13.8651762008667
2017-11-09,224.93728637695312,122.12999725341797,84.38037109375,13.89054012298584
2017-11-10,224.86764526367188,121.12999725341797,84.04109191894531,13.8651762008667
2017-11-13,225.07675170898438,121.30999755859375,84.04109191894531,13.822904586791992
2017-11-14,224.55398559570312,121.55999755859375,84.1258773803711,13.636908531188965
2017-11-15,223.43002319335938,121.41000366210938,84.28785705566406,13.619999885559082
2017-11-16,225.32943725585938,121.4000015258789,84.1953125,13.577727317810059
2017-11-17,224.66720581054688,122.86000061035156,84.28785705566406,13.797541618347168
2017-11-20,225.05064392089844,121.30999755859375,84.24156188964844,13.68763542175293
2017-11-21,226.5230255126953,121.51000213623047,84.32637023925781,13.780631065368652
2017-11-22,226.32264709472656,122.62999725341797,84.47293853759766,13.856722831726074
2017-11-24,226.8453826904297,122.31999969482422,84.45748901367188,13.898994445800781
2017-11-27,226.73214721679688,122.83000183105469,84.45748901367188,13.87363052368164
2017-11-28,229.0323486328125,122.80999755859375,84.45748901367188,13.81445026397705
2017-11-29,228.89292907714844,122.04000091552734,84.24931335449219,13.721449851989746
2017-11-30,230.89683532714844,121.0999984741211,84.11051940917969,13.662270545959473
2017-12-01,230.4176483154297,121.58999633789062,84.35084533691406,13.780631065368652
2017-12-04,230.1387939453125,121.18000030517578,84.34305572509766,13.611546516418457
2017-12-05,229.31117248535156,120.31999969482422,84.42809295654297,13.611546516418457
2017-12-06,229.35470581054688,120.06999969482422,84.5130844116211,13.38327693939209
2017-12-07,230.07786560058594,118.48999786376953,84.4049301147461,13.425549507141113
2017-12-08,231.33245849609375,118.4800033569336,84.3740005493164,13.493184089660645
2017-12-11,232.02955627441406,118.01000213623047,84.34305572509766,13.527002334594727
2017-12-12,232.43905639648438,118.1500015258789,84.304443359375,13.40864086151123
2017-12-13,232.41287231445312,119.16999816894531,84.54397583007812,13.349459648132324
2017-12-14,231.4632110595703,118.93000030517578,84.567138671875,13.391732215881348
2017-12-15,233.39064025878906,119.18000030517578,84.59036254882812,13.391732215881348
2017-12-18,234.87062072753906,119.7300033569336,84.48214721679688,13.450911521911621
2017-12-19,233.96868896484375,119.81999969482422,84.2348861694336,13.55236530303955
2017-12-20,233.84605407714844,120.13999938964844,84.04170989990234,13.62845516204834
2017-12-21,234.3276824951172,120.30999755859375,84.11595153808594,13.636908531188965
2017-12-22,234.26637268066406,120.94000244140625,84.15452575683594,13.696090698242188
2017-12-26,233.98619079589844,121.7699966430664,84.22412872314453,13.898994445800781
2017-12-27,234.09999084472656,122.2300033569336,84.48697662353516,13.932811737060547
2017-12-28,234.5817108154297,122.8499984741211,84.42510986328125,14.000446319580078
2017-12-29,233.69715881347656,123.6500015258789,84.5101318359375,14.042718887329102
2018-01-02,235.36985778808594,125.1500015258789,84.38648986816406,14.11035442352295
2018-01-03,236.8585662841797,124.81999969482422,84.39422607421875,14.194897651672363
2018-01-04,237.85691833496094,125.45999908447266,84.34008026123047,14.17798900604248
2018-01-05,239.4420166015625,125.33000183105469,84.2859878540039,14.1272611618042
2018-01-08,239.8798828125,125.30999755859375,84.26278686523438,14.118807792663574
2018-01-09,240.42286682128906,124.7300033569336,84.0308837890625,14.211806297302246
2018-01-10,240.05494689941406,125.02999877929688,84.0308837890625,14.262532234191895
2018-01-11,241.8064422607422,125.44000244140625,84.0695571899414,14.254080772399902
2018-01-12,243.3828125,126.95999908447266,84.05408477783203,14.347075462341309
2018-01-16,242.55084228515625,127.16999816894531,84.0772705078125,14.279438972473145
2018-01-17,244.8626708984375,126.13999938964844,83.9845199584961,14.296348571777344
2018-01-18,244.4510955810547,125.86000061035156,83.79898834228516,14.296348571777344
2018-01-19,245.56336975097656,126.41999816894531,83.62120056152344,14.27098560333252
2018-01-22,247.55999755859375,126.6500015258789,83.5903091430664,14.304802894592285
2018-01-23,248.0853729248047,127.27999877929688,83.79125213623047,14.406257629394531
2018-01-24,247.9890594482422,128.8300018310547,83.70622253417969,14.558435440063477
2018-01-25,248.0942840576172,127.97000122070312,83.92268371582031,14.473893165588379
2018-01-26,250.96652221679688,128.07000732421875,83.76807403564453,14.5837984085083
2018-01-29,249.3026885986328,127.3499984741211,83.62120056152344,14.541525840759277
2018-01-30,246.74563598632812,126.80000305175781,83.48980712890625,14.440074920654297
2018-01-31,246.86813354492188,127.6500015258789,83.55937957763672,14.456982612609863
2018-02-01,246.5879364013672,128.07000732421875,83.29754638671875,14.600707054138184
2018-02-02,241.21974182128906,126.38999938964844,83.04962158203125,14.363983154296875
2018-02-05,231.13133239746094,126.70999908447266,83.3827133178711,14.228715896606445
2018-02-06,235.68511962890625,125.37999725341797,83.14257049560547,14.144171714782715
2018-02-07,234.40655517578125,124.79000091552734,82.95663452148438,13.983539581298828
2018-02-08,225.61416625976562,124.9800033569336,82.81714630126953,13.839814186096191
2018-02-09,229.0032958984375,124.7699966430664,82.70870208740234,13.636908531188965
2018-02-12,232.3660888671875,125.37000274658203,82.73197174072266,13.721449851989746
2018-02-13,232.944091796875,126.08000183105469,82.75521850585938,13.74681568145752
2018-02-14,236.08786010742188,128.22999572753906,82.47630310058594,13.958175659179688
2018-02-15,239.1004638671875,128.3800048828125,82.57705688476562,13.983539581298828
2018-02-16,239.17047119140625,127.95999908447266,82.73973083496094,14.008899688720703
2018-02-20,237.67295837402344,126.23999786376953,82.65450286865234,14.051173210144043
2018-02-21,236.4906768798828,125.66000366210938,82.39106750488281,14.03426456451416
2018-02-22,236.79721069335938,126.30000305175781,82.39881896972656,14.161079406738281
2018-02-23,240.5715789794922,126.13999938964844,82.60799407958984,14.254080772399902
2018-02-26,243.36521911621094,126.44999694824219,82.6700210571289,14.330166816711426
2018-02-27,240.32644653320312,125.12999725341797,82.49181365966797,14.186443328857422
2018-02-28,237.89190673828125,125.0,82.7164535522461,14.03426456451416
2018-03-01,234.43284606933594,124.72000122070312,82.79023742675781,14.059626579284668
2018-03-02,235.6413116455078,125.38999938964844,82.65821838378906,14.059626579284668
2018-03-05,238.36477661132812,125.18000030517578,82.61168670654297,14.144171714782715
2018-03-06,238.96905517578125,126.52999877929688,82.6272201538086,14.194897651672363
2018-03-07,238.8815155029297,125.72000122070312,82.61168670654297,14.042718887329102
2018-03-08,240.03756713867188,125.41999816894531,82.74365234375,13.958175659179688
2018-03-09,244.21478271484375,125.54000091552734,82.58841705322266,14.09344482421875
2018-03-12,243.9081573486328,125.54000091552734,82.63496398925781,14.06808090209961
2018-03-13,242.33181762695312,125.77999877929688,82.74365234375,14.025810241699219
2018-03-14,241.08834838867188,125.69999694824219,82.88343048095703,14.025810241699219
2018-03-15,240.82565307617188,124.9000015258789,82.89120483398438,14.017354965209961
2018-03-16,241.0867462158203,124.5999984741211,82.84459686279297,14.06808090209961
2018-03-19,237.8247833251953,124.87000274658203,82.75918579101562,13.975085258483887
2018-03-20,238.2293701171875,124.30999755859375,82.6272201538086,14.06808090209961
2018-03-21,237.77206420898438,126.4800033569336,82.61945343017578,14.321714401245117
2018-03-22,231.82838439941406,125.9800033569336,82.77476501464844,14.211806297302246
2018-03-23,226.88705444335938,127.61000061035156,82.77476501464844,14.338619232177734
2018-03-26,233.09442138671875,128.27999877929688,82.74365234375,14.347075462341309
2018-03-27,229.12916564941406,127.48999786376953,82.98436737060547,14.287896156311035
2018-03-28,228.4521026611328,125.7300033569336,83.03093719482422,14.228715896606445
2018-03-29,231.3711395263672,125.79000091552734,83.27166748046875,14.35552978515625
2018-04-02,226.3771209716797,127.26000213623047,83.18840026855469,14.161079406738281
2018-04-03,229.27857971191406,126.30000305175781,83.09501647949219,14.23716926574707
2018-04-04,231.73171997070312,126.44999694824219,83.12611389160156,14.17798900604248
2018-04-05,233.5605010986328,125.80000305175781,83.00938415527344,14.245624542236328
2018-04-06,228.3553924560547,126.38999938964844,83.19615936279297,14.144171714782715
2018-04-09,229.48081970214844,126.81999969482422,83.26616668701172,14.321714401245117
2018-04-10,233.1296844482422,127.12000274658203,83.20393371582031,14.566888809204102
2018-04-11,231.9075469970703,128.11000061035156,83.27395629882812,14.676797866821289
2018-04-12,233.8154754638672,126.62000274658203,83.08722686767578,14.617616653442383
2018-04-13,233.1296844482422,127.44999694824219,83.11055755615234,14.626069068908691
2018-04-16,235.04635620117188,127.62999725341797,83.12611389160156,14.57534408569336
2018-04-17,237.56101989746094,127.75,83.14945220947266,14.5837984085083
2018-04-18,237.7368927001953,127.8499984741211,82.91596221923828,14.854339599609375
2018-04-19,236.41807556152344,127.5999984741211,82.71363830566406,14.795158386230469
2018-04-20,234.41334533691406,126.62999725341797,82.48797607421875,14.769793510437012
2018-04-23,234.3782196044922,125.62000274658203,82.4490737915039,14.76133918762207
2018-04-24,231.22169494628906,126.2300033569336,82.34009552001953,14.685251235961914
2018-04-25,231.79319763183594,125.41000366210938,82.23118591308594,14.710613250732422
2018-04-26,234.14956665039062,124.97000122070312,82.37127685546875,14.786704063415527
2018-04-27,234.369384765625,125.5,82.4724349975586,14.778250694274902
2018-04-30,232.56698608398438,124.58999633789062,82.48797607421875,14.845884323120117
2018-05-01,232.98016357421875,123.70999908447266,82.41780853271484,14.76133918762207
2018-05-02,231.41517639160156,123.6500015258789,82.41780853271484,14.76133918762207
2018-05-03,230.90518188476562,124.27999877929688,82.51139068603516,14.854339599609375
2018-05-04,233.89459228515625,124.54000091552734,82.56596374511719,14.955792427062988
2018-05-07,234.6859588623047,124.56999969482422,82.52702331542969,14.947334289550781
2018-05-08,234.6859588623047,124.58999633789062,82.43341827392578,14.989605903625488
2018-05-09,236.95436096191406,124.33000183105469,82.33979034423828,15.124876976013184
2018-05-10,239.1700439453125,125.18000030517578,82.52702331542969,15.200966835021973
2018-05-11,239.89981079101562,125.0,82.56596374511719,15.107970237731934
2018-05-14,240.01417541503906,124.48999786376953,82.48798370361328,15.217878341674805
2018-05-15,238.36119079589844,122.4800033569336,82.12144470214844,15.234786987304688
2018-05-16,239.36337280273438,122.29000091552734,82.02777862548828,15.319329261779785
2018-05-17,239.16122436523438,122.36000061035156,81.91863250732422,15.336238861083984
2018-05-18,238.56332397460938,122.41000366210938,82.12922668457031,15.344691276550293
2018-05-21,240.3570098876953,122.4800033569336,82.13700103759766,15.463055610656738
2018-05-22,239.688720703125,122.41000366210938,82.13700103759766,15.479963302612305
2018-05-23,240.34815979003906,122.54000091552734,82.36318969726562,15.564504623413086
2018-05-24,239.85589599609375,123.58999633789062,82.58939361572266,15.463055610656738
2018-05-25,239.28428649902344,123.20999908447266,82.76878356933594,15.234786987304688
2018-05-29,236.5323028564453,123.19000244140625,83.3147964477539,15.091060638427734
2018-05-30,239.688720703125,123.37000274658203,83.10416412353516,15.285511016845703
2018-05-31,238.220458984375,123.0999984741211,83.03396606445312,15.243240356445312
2018-06-01,240.55926513671875,122.48999786376953,82.9315414428711,15.141786575317383
2018-06-04,241.7021942138672,122.37000274658203,82.73609924316406,14.964244842529297
2018-06-05,241.87811279296875,122.8499984741211,82.79867553710938,14.989605903625488
2018-06-06,243.9003448486328,122.91999816894531,82.61103820800781,15.040336608886719
2018-06-07,243.8739471435547,122.86000061035156,82.79085540771484,15.099515914916992
2018-06-08,244.5948028564453,123.01000213623047,82.67355346679688,15.091060638427734
2018-06-11,244.9202423095703,123.2300033569336,82.5875473022461,15.08260726928711
2018-06-12,245.23670959472656,122.81999969482422,82.61103820800781,15.074152946472168
2018-06-13,244.4542236328125,123.19000244140625,82.53282928466797,15.133333206176758
2018-06-14,245.06971740722656,123.37999725341797,82.74393463134766,14.964244842529297
2018-06-15,244.75709533691406,121.33999633789062,82.77518463134766,14.600707054138184
2018-06-18,244.25364685058594,121.11000061035156,82.79085540771484,14.727522850036621
2018-06-19,243.31744384765625,120.80000305175781,82.8768310546875,14.57534408569336
2018-06-20,243.73260498046875,120.26000213623047,82.72047424316406,14.558435440063477
2018-06-21,242.20469665527344,120.05000305175781,82.74393463134766,14.448527336120605
2018-06-22,242.64625549316406,120.33999633789062,82.8221206665039,14.735978126525879
2018-06-25,239.3431854248047,119.88999938964844,82.77518463134766,14.566888809204102
2018-06-26,239.873046875,119.26000213623047,82.90809631347656,14.710613250732422
2018-06-27,237.88587951660156,118.58000183105469,83.05661010742188,14.786704063415527
2018-06-28,239.2460479736328,118.22000122070312,83.04883575439453,14.778250694274902
2018-06-29,239.59043884277344,118.6500015258789,83.1191635131836,14.947334289550781
2018-07-02,240.1027069091797,117.45999908447266,83.04003143310547,14.63452434539795
2018-07-03,239.2548065185547,118.6500015258789,83.21239471435547,14.617616653442383
2018-07-05,241.2066192626953,119.05000305175781,83.29077911376953,14.702159881591797
2018-07-06,243.2467803955078,118.86000061035156,83.37692260742188,14.769793510437012
2018-07-09,245.4371337890625,119.1500015258789,83.29857635498047,14.845884323120117
2018-07-10,246.32028198242188,118.93000030517578,83.23590087890625,14.812068939208984
2018-07-11,244.5185546875,117.63999938964844,83.26729583740234,14.296348571777344
2018-07-12,246.73541259765625,118.12999725341797,83.3691177368164,14.372440338134766
2018-07-13,246.9296417236328,117.61000061035156,83.44746398925781,14.397802352905273
2018-07-16,246.70892333984375,117.55000305175781,83.35343170166016,14.09344482421875
2018-07-17,247.70684814453125,116.27999877929688,83.32208251953125,14.11035442352295
2018-07-18,248.2279815673828,116.30999755859375,83.29857635498047,14.23716926574707
2018-07-19,247.2917938232422,115.80999755859375,83.42396545410156,14.220258712768555
2018-07-20,247.00921630859375,116.55999755859375,83.25941467285156,14.321714401245117
2018-07-23,247.4684600830078,116.0,82.96954345703125,14.372440338134766
2018-07-24,248.71372985839844,116.04000091552734,83.08702850341797,14.448527336120605
2018-07-25,250.8333740234375,116.68000030517578,83.09488677978516,14.642979621887207
2018-07-26,250.2416534423828,115.7699966430664,83.04784393310547,14.642979621887207
2018-07-27,248.5458984375,115.83000183105469,83.11058044433594,14.5837984085083
2018-07-30,247.24766540527344,115.6500015258789,83.02436828613281,14.668343544006348
2018-07-31,248.4664306640625,115.98999786376953,83.09488677978516,14.5837984085083
2018-08-01,248.0513458251953,115.13999938964844,83.00926208496094,14.372440338134766
2018-08-02,249.40260314941406,114.5199966430664,83.04071807861328,14.456982612609863
2018-08-03,250.4712677001953,114.91999816894531,83.2213363647461,14.507708549499512
2018-08-06,251.3898162841797,114.33000183105469,83.27631378173828,14.533072471618652
2018-08-07,252.21986389160156,114.58999633789062,83.1270751953125,14.642979621887207
2018-08-08,252.11398315429688,114.91000366210938,83.1270751953125,14.465438842773438
2018-08-09,251.76951599121094,114.73999786376953,83.24488067626953,14.406257629394531
2018-08-10,250.0826873779297,114.69000244140625,83.42549896240234,14.406257629394531
2018-08-13,249.14649963378906,112.95999908447266,83.47267150878906,14.330166816711426
2018-08-14,250.73619079589844,113.06999969482422,83.39410400390625,14.35552978515625
2018-08-15,248.86392211914062,111.19000244140625,83.51188659667969,14.042718887329102
2018-08-16,250.87750244140625,111.0999984741211,83.55902862548828,14.15262508392334
2018-08-17,251.7606201171875,112.12999725341797,83.60610961914062,14.211806297302246
2018-08-20,252.2994384765625,112.69000244140625,83.77102661132812,14.23716926574707
2018-08-21,252.8912353515625,113.0199966430664,83.70039367675781,14.262532234191895
2018-08-22,252.74114990234375,113.2699966430664,83.77102661132812,14.465438842773438
2018-08-23,252.405517578125,112.19999694824219,83.72395324707031,14.440074920654297
2018-08-24,253.9245147705078,114.16000366210938,83.81819915771484,14.549980163574219
2018-08-27,255.92933654785156,114.58999633789062,83.708251953125,14.600707054138184
2018-08-28,256.0529479980469,113.68000030517578,83.55115509033203,14.541525840759277
2018-08-29,257.4307861328125,114.19999694824219,83.53545379638672,14.702159881591797
2018-08-30,256.3885803222656,113.63999938964844,83.57469177246094,14.676797866821289
2018-08-31,256.3973388671875,113.51000213623047,83.56685638427734,14.693705558776855
2018-09-04,255.95584106445312,112.93000030517578,83.47401428222656,14.609163284301758
2018-09-05,255.26698303222656,113.31999969482422,83.43463897705078,14.549980163574219
2018-09-06,254.49859619140625,113.54000091552734,83.57630920410156,14.465438842773438
2018-09-07,254.0039825439453,113.2300033569336,83.27725219726562,14.499256134033203
2018-09-10,254.4456024169922,113.1500015258789,83.35594177246094,14.549980163574219
2018-09-11,255.28463745117188,113.22000122070312,83.21430969238281,14.693705558776855
2018-09-12,255.34645080566406,114.16999816894531,83.26934814453125,14.795158386230469
2018-09-13,256.8566589355469,113.76000213623047,83.32447052001953,14.63452434539795
2018-09-14,256.90087890625,113.0199966430664,83.16703796386719,14.541525840759277
2018-09-17,255.54074096679688,113.61000061035156,83.16703796386719,14.524619102478027
2018-09-18,256.92730712890625,113.44000244140625,82.98602294921875,14.659887313842773
2018-09-19,257.201171875,113.87999725341797,82.82859802246094,14.752888679504395
2018-09-20,259.28546142578125,114.2699966430664,82.93879699707031,14.752888679504395
2018-09-21,259.048583984375,113.48999786376953,83.00179290771484,14.786704063415527
2018-09-24,258.18792724609375,113.47000122070312,82.92305755615234,15.006514549255371
2018-09-25,257.94842529296875,113.6500015258789,82.88374328613281,15.040336608886719
2018-09-26,257.1766662597656,113.05000305175781,83.08048248291016,14.972699165344238
2018-09-27,257.89532470703125,112.05000305175781,83.13558197021484,15.040336608886719
2018-09-28,257.9218444824219,112.76000213623047,83.04898834228516,15.192514419555664
2018-10-01,258.8178405761719,112.56999969482422,83.02688598632812,15.479963302612305
2018-10-02,258.66705322265625,113.87000274658203,83.12157440185547,15.530688285827637
2018-10-03,258.80902099609375,113.41999816894531,82.72711944580078,15.674412727355957
2018-10-04,256.7863464355469,113.4800033569336,82.49040985107422,15.505326271057129
2018-10-05,255.3490447998047,113.80000305175781,82.30899810791016,15.471508026123047
2018-10-08,255.3490447998047,112.54000091552734,82.27742767333984,15.429237365722656
2018-10-09,254.97637939453125,112.5999984741211,82.39573669433594,15.539140701293945
2018-10-10,246.90296936035156,112.87999725341797,82.37212371826172,15.234786987304688
2018-10-11,241.46458435058594,115.77999877929688,82.61666107177734,15.006514549255371
2018-10-12,244.8181915283203,115.2300033569336,82.64036560058594,15.124876976013184
2018-10-15,243.44302368164062,116.0,82.58509063720703,15.158697128295898
2018-10-16,248.76612854003906,115.80000305175781,82.63245391845703,15.226330757141113
2018-10-17,248.8105010986328,115.79000091552734,82.4667739868164,15.091060638427734
2018-10-18,245.21737670898438,115.91999816894531,82.41150665283203,14.921975135803223
2018-10-19,245.08433532714844,116.01000213623047,82.3405532836914,15.006514549255371
2018-10-22,243.98426818847656,115.70999908447266,82.32476043701172,15.023426055908203
2018-10-23,242.74215698242188,116.38999938964844,82.42735290527344,14.693705558776855
2018-10-24,235.38742065429688,116.66000366210938,82.64036560058594,14.592252731323242
2018-10-25,239.61044311523438,116.4000015258789,82.5693359375,14.651432991027832
2018-10-26,235.39622497558594,116.7699966430664,82.7586669921875,14.76133918762207
2018-10-29,234.09213256835938,116.30999755859375,82.6718521118164,14.609163284301758
2018-10-30,237.56097412109375,115.80000305175781,82.55354309082031,14.533072471618652
2018-10-31,240.09832763671875,115.1500015258789,82.51409149169922,14.338619232177734
2018-11-01,242.65341186523438,116.62999725341797,82.72262573242188,14.23716926574707
2018-11-02,241.21621704101562,116.6500015258789,82.47683715820312,14.203351974487305
2018-11-05,242.54696655273438,116.37000274658203,82.5323257446289,14.194897651672363
2018-11-06,244.08177185058594,116.04000091552734,82.54025268554688,14.13571548461914
2018-11-07,249.3073272705078,116.02999877929688,82.61161804199219,14.101899147033691
2018-11-08,248.85487365722656,115.77999877929688,82.4609375,14.017354965209961
2018-11-09,246.42401123046875,114.4800033569336,82.56405639648438,13.8651762008667
2018-11-12,241.8195343017578,113.66000366210938,82.69881439208984,13.83135986328125
2018-11-13,241.36703491210938,113.69999694824219,82.7305679321289,13.450911521911621
2018-11-14,239.7168731689453,114.63999938964844,82.73844146728516,13.569272994995117
2018-11-15,242.21868896484375,114.7699966430664,82.84154510498047,13.543910026550293
2018-11-16,242.8485870361328,115.62000274658203,82.97631072998047,13.62845516204834
2018-11-19,238.740966796875,115.66999816894531,82.96837615966797,13.62845516204834
2018-11-20,234.32276916503906,115.66999816894531,82.93670654296875,13.214189529418945
2018-11-21,235.12123107910156,115.86000061035156,82.9921875,13.3240966796875
2018-11-23,233.5509033203125,115.7699966430664,82.96837615966797,12.935194969177246
2018-11-26,237.32139587402344,115.63999938964844,82.95252990722656,12.994375228881836
2018-11-27,238.11985778808594,114.94999694824219,82.97631072998047,12.943650245666504
2018-11-28,243.60275268554688,115.37999725341797,83.1348876953125,12.901376724243164
2018-11-29,243.0704803466797,115.73999786376953,83.17449951171875,12.985920906066895
2018-11-30,244.552001953125,115.54000091552734,83.15074157714844,12.926740646362305
2018-12-03,247.79025268554688,116.41000366210938,83.2866439819336,13.222643852233887
2018-12-04,239.76123046875,117.12000274658203,83.50916290283203,13.231098175048828
2018-12-06,239.39747619628906,117.13999938964844,83.71581268310547,13.12119197845459
2018-12-07,233.83482360839844,118.08999633789062,83.8270263671875,13.273370742797852
2018-12-10,234.2783966064453,117.68000030517578,83.88267517089844,13.06201171875
2018-12-11,234.33168029785156,117.54000091552734,83.90652465820312,13.138099670410156
2018-12-12,235.5115966796875,117.79000091552734,83.84293365478516,13.09582805633545
2018-12-13,235.43174743652344,117.52999877929688,83.86675262451172,13.264914512634277
2018-12-14,231.0845489501953,117.05999755859375,83.890625,13.06201171875
2018-12-17,226.55101013183594,117.87000274658203,84.0336685180664,12.909832000732422
2018-12-18,226.30262756347656,118.1500015258789,84.28055572509766,12.639291763305664
2018-12-19,222.91358947753906,117.43000030517578,84.3601303100586,12.690017700195312
2018-12-20,219.2850341796875,119.23999786376953,84.28055572509766,12.571657180786133
2018-12-21,214.79197692871094,118.72000122070312,84.24070739746094,12.461750984191895
2018-12-24,209.11651611328125,120.0199966430664,84.29644775390625,12.32386589050293
2018-12-26,219.68211364746094,119.66000366210938,84.13716125488281,12.597921371459961
2018-12-27,221.3686981201172,120.56999969482422,84.27257537841797,12.478023529052734
2018-12-28,221.08314514160156,121.05999755859375,84.58308410644531,12.375251770019531
2018-12-31,223.01953125,121.25,84.79811096191406,12.40950870513916
2019-01-02,223.25157165527344,121.33000183105469,84.86180114746094,12.443764686584473
2019-01-03,217.9241943359375,122.43000030517578,85.21219635009766,12.546534538269043
2019-01-04,225.22373962402344,121.44000244140625,84.95735168457031,12.71782112121582
2019-01-07,226.99954223632812,121.86000061035156,84.81400299072266,12.81202507019043
2019-01-08,229.13223266601562,121.52999877929688,84.75031280517578,12.940488815307617
2019-01-09,230.203125,122.30999755859375,84.82200622558594,13.19741439819336
2019-01-10,231.01516723632812,121.58999633789062,84.72645568847656,13.16315746307373
2019-01-11,231.10435485839844,121.80000305175781,84.84591674804688,13.120336532592773
2019-01-14,229.69444274902344,122.08999633789062,84.72645568847656,13.009001731872559
2019-01-15,232.32691955566406,121.87999725341797,84.74237060546875,13.111772537231445
2019-01-16,232.88912963867188,122.2699966430664,84.81400299072266,13.180286407470703
2019-01-17,234.656005859375,122.11000061035156,84.75031280517578,13.188849449157715
2019-01-18,237.7792510986328,121.0199966430664,84.6866226196289,13.325878143310547
2019-01-22,234.56675720214844,121.44999694824219,84.75831604003906,13.231671333312988
2019-01-23,235.05755615234375,121.27999877929688,84.84591674804688,13.214543342590332
2019-01-24,235.18243408203125,121.08999633789062,84.98924255371094,13.248799324035645
2019-01-25,237.17247009277344,122.86000061035156,84.94937133789062,13.317313194274902
2019-01-28,235.36990356445312,123.29000091552734,84.90161895751953,13.13746452331543
2019-01-29,235.05755615234375,123.9800033569336,85.12458801269531,13.2659273147583
2019-01-30,238.77870178222656,124.69000244140625,85.31570434570312,13.36013412475586
2019-01-31,240.8757781982422,124.75,85.57054901123047,13.291621208190918
2019-02-01,240.99183654785156,124.5,85.39331817626953,13.411518096923828
2019-02-04,242.68734741210938,123.95999908447266,85.32146453857422,13.420083045959473
2019-02-05,243.70455932617188,124.27999877929688,85.50511169433594,13.36013412475586
2019-02-06,243.38333129882812,123.44000244140625,85.45719909667969,13.3772611618042
2019-02-07,241.06317138671875,123.73999786376953,85.4970932006836,13.248799324035645
2019-02-08,241.35769653320312,124.20999908447266,85.68866729736328,13.2659273147583
2019-02-11,241.4915313720703,123.5999984741211,85.60087585449219,13.188849449157715
2019-02-12,244.59693908691406,123.86000061035156,85.61682891845703,13.2659273147583
2019-02-13,245.39111328125,123.37000274658203,85.46517944335938,13.343006134033203
2019-02-14,244.84683227539062,124.05999755859375,85.59288787841797,13.3772611618042
2019-02-15,247.5149383544922,124.80000305175781,85.65674591064453,13.62562370300293
2019-02-19,247.94329833984375,126.69999694824219,85.70465850830078,13.659879684448242
2019-02-20,248.44302368164062,126.4800033569336,85.71263885498047,13.702701568603516
2019-02-21,247.55960083007812,125.05000305175781,85.52098846435547,13.745521545410156
2019-02-22,249.09449768066406,125.5,85.736572265625,13.779778480529785
2019-02-25,249.43345642089844,125.37000274658203,85.71263885498047,13.574238777160645
2019-02-26,249.2550811767578,125.58000183105469,85.80840301513672,13.634186744689941
2019-02-27,249.14794921875,124.69000244140625,85.62480926513672,13.702701568603516
2019-02-28,248.68394470214844,123.98999786376953,85.4731216430664,13.668444633483887
2019-03-01,250.2366485595703,121.87999725341797,85.33467102050781,13.514288902282715
2019-03-04,249.3263702392578,121.55999755859375,85.43872833251953,13.557109832763672
2019-03-05,248.9873046875,121.72000122070312,85.49476623535156,13.62562370300293
2019-03-06,247.4792938232422,121.61000061035156,85.62278747558594,13.54854679107666
2019-03-07,245.4090576171875,121.51000213623047,85.86286926269531,13.514288902282715
2019-03-08,244.91818237304688,122.83999633789062,85.97491455078125,13.505725860595703
2019-03-11,248.4697723388672,122.23999786376953,85.98291015625,13.52285385131836
2019-03-12,249.40673828125,122.9800033569336,86.14299011230469,13.60849666595459
2019-03-13,251.05760192871094,123.83999633789062,86.10298156738281,13.694136619567871
2019-03-14,250.89695739746094,122.41000366210938,85.97491455078125,13.634186744689941
2019-03-15,252.1365509033203,122.97000122070312,86.19097900390625,13.634186744689941
2019-03-18,253.05078125,123.04000091552734,86.17497253417969,13.702701568603516
2019-03-19,253.1136016845703,123.37999725341797,86.12699127197266,13.736958503723145
2019-03-20,252.35162353515625,124.18000030517578,86.47904968261719,13.839728355407715
2019-03-21,255.20187377929688,123.68000030517578,86.49513244628906,13.771215438842773
2019-03-22,250.29025268554688,123.97000122070312,86.92723083496094,13.651315689086914
2019-03-25,250.1020050048828,124.91999816894531,87.08732604980469,13.702701568603516
2019-03-26,251.96627807617188,124.30000305175781,87.10334777832031,13.728394508361816
2019-03-27,250.64865112304688,123.6500015258789,87.28738403320312,13.651315689086914
2019-03-28,251.5988311767578,121.9000015258789,87.29537200927734,13.60849666595459
2019-03-29,253.18521118164062,122.01000213623047,87.28738403320312,13.617058753967285
2019-04-01,256.18792724609375,121.52999877929688,86.88787078857422,13.745521545410156
2019-04-02,256.31329345703125,121.9800033569336,86.98411560058594,13.779778480529785
2019-04-03,256.7167053222656,121.80000305175781,86.82371520996094,13.796907424926758
2019-04-04,257.3977355957031,122.11000061035156,86.88787078857422,13.805473327636719
2019-04-05,258.6437683105469,121.9800033569336,86.95207977294922,13.84829330444336
2019-04-08,258.8407897949219,122.51000213623047,86.9119644165039,13.899676322937012
2019-04-09,257.5143127441406,123.1500015258789,86.96007537841797,13.87398624420166
2019-04-10,258.3927917480469,123.52999877929688,87.12857055664062,13.993884086608887
2019-04-11,258.32098388671875,121.94999694824219,87.0242691040039,13.925370216369629
2019-04-12,260.06890869140625,121.83000183105469,86.85579681396484,13.968191146850586
2019-04-15,259.8985290527344,121.5999984741211,86.8397445678711,13.942498207092285
2019-04-16,260.06890869140625,120.51000213623047,86.6872787475586,13.89111328125
2019-04-17,259.43243408203125,120.27999877929688,86.6793212890625,13.839728355407715
2019-04-18,259.9433898925781,120.37000274658203,86.79159545898438,13.882548332214355
2019-04-22,260.16748046875,120.37000274658203,86.6872787475586,13.951064109802246
2019-04-23,262.50665283203125,120.12000274658203,86.8397445678711,13.968191146850586
2019-04-24,261.92413330078125,120.47000122070312,87.04031372070312,13.9168062210083
2019-04-25,261.7628479003906,120.56999969482422,87.03230285644531,13.89111328125
2019-04-26,262.981689453125,121.37000274658203,87.20877838134766,13.728394508361816
2019-04-29,263.3940124511719,120.83000183105469,87.05635833740234,13.736958503723145
2019-04-30,263.5284729003906,121.19999694824219,87.11251068115234,13.779778480529785
2019-05-01,261.54766845703125,120.4000015258789,87.16877746582031,13.736958503723145
2019-05-02,260.9830627441406,119.94000244140625,86.97581481933594,13.582803726196289
2019-05-03,263.53741455078125,120.6500015258789,87.12055206298828,13.5913667678833
2019-05-06,262.4529113769531,120.80999755859375,87.2331314086914,13.634186744689941
2019-05-07,258.070068359375,121.20999908447266,87.33768463134766,13.462904930114746
2019-05-08,257.7115478515625,120.91000366210938,87.32157897949219,13.480031967163086
2019-05-09,256.9317932128906,121.19999694824219,87.36985778808594,13.411518096923828
2019-05-10,258.222412109375,121.43000030517578,87.38590240478516,13.437211036682129
2019-05-13,251.73329162597656,122.66999816894531,87.53065490722656,13.368697166442871
2019-05-14,254.0098876953125,122.45999908447266,87.6030044555664,13.54854679107666
2019-05-15,255.49755859375,122.38999938964844,87.75581359863281,13.668444633483887
2019-05-16,257.8639221191406,121.51000213623047,87.65128326416016,13.745521545410156
2019-05-17,256.1968078613281,120.6500015258789,87.67539978027344,13.617058753967285
2019-05-20,254.50283813476562,120.63999938964844,87.55481719970703,13.677008628845215
2019-05-21,256.7973937988281,120.36000061035156,87.54674530029297,13.685572624206543
2019-05-22,256.00860595703125,120.23999786376953,87.69146728515625,13.48859691619873
2019-05-23,252.88052368164062,121.16999816894531,87.94881439208984,13.205978393554688
2019-05-24,253.4541778564453,121.30000305175781,87.98101043701172,13.385826110839844
2019-05-28,251.0968475341797,120.83000183105469,88.109619140625,13.497160911560059
2019-05-29,249.41189575195312,120.87000274658203,88.1337661743164,13.445775985717773
2019-05-30,250.0929718017578,121.69000244140625,88.3669662475586,13.308749198913574
2019-05-31,246.72286987304688,123.33000183105469,88.77706909179688,12.957616806030273
2019-06-03,246.09556579589844,125.11000061035156,88.98663330078125,12.914794921875
2019-06-04,251.43743896484375,125.1500015258789,88.90605163574219,12.991874694824219
2019-06-05,253.61541748046875,125.47000122070312,88.85768127441406,12.726383209228516
2019-06-06,255.26461791992188,125.87999725341797,88.84156036376953,12.949052810668945
2019-06-07,257.81903076171875,126.58999633789062,89.0914077758789,12.991874694824219
2019-06-10,259.0021667480469,125.33000183105469,88.85768127441406,12.957616806030273
2019-06-11,258.9394226074219,125.18000030517578,88.84156036376953,13.043258666992188
2019-06-12,258.482421875,125.83000183105469,88.95440673828125,12.863411903381348
2019-06-13,259.5489807128906,126.5999984741211,89.14785766601562,13.026130676269531
2019-06-14,259.2621765136719,126.55999755859375,89.12371063232422,13.077515602111816
2019-06-17,259.36077880859375,126.4800033569336,89.09949493408203,13.017565727233887
2019-06-18,262.0765075683594,127.12000274658203,89.34130859375,13.171721458435059
2019-06-19,262.6680908203125,127.88999938964844,89.64761352539062,13.146029472351074
2019-06-20,265.1776428222656,131.11000061035156,89.80075073242188,13.411518096923828
2019-06-21,264.7922668457031,131.97999572753906,89.56702423095703,13.445775985717773
2019-06-24,264.46795654296875,133.94000244140625,89.72823333740234,13.505725860595703
2019-06-25,261.8740539550781,134.1999969482422,89.74430847167969,13.54854679107666
2019-06-26,261.6129455566406,132.97000122070312,89.54281616210938,13.617058753967285
2019-06-27,262.5406188964844,132.83999633789062,89.7927017211914,13.617058753967285
2019-06-28,263.8915710449219,133.1999969482422,89.75238037109375,13.471467971801758
2019-07-01,266.2873229980469,130.6199951171875,89.81861114501953,13.462904930114746
2019-07-02,266.98077392578125,133.41000366210938,89.98021697998047,13.240235328674316
2019-07-03,269.1153259277344,133.6300048828125,90.12559509277344,13.368697166442871
2019-07-05,268.8091125488281,132.13999938964844,89.74591827392578,13.394390106201172
2019-07-08,267.33209228515625,131.2899932861328,89.6974868774414,13.3772611618042
2019-07-09,267.6652526855469,131.75,89.67320251464844,13.420083045959473
2019-07-10,268.9441833496094,133.8300018310547,89.73784637451172,13.71126651763916
2019-07-11,269.57464599609375,132.6999969482422,89.40663146972656,13.719829559326172
2019-07-12,270.78155517578125,133.52999877929688,89.5035629272461,13.7540864944458
2019-07-15,270.8715515136719,133.52999877929688,89.63278198242188,13.60849666595459
2019-07-16,269.9979553222656,132.39999389648438,89.53588104248047,13.462904930114746
2019-07-17,268.16070556640625,134.5800018310547,89.77018737792969,13.343006134033203
2019-07-18,269.142333984375,136.47999572753906,89.91551208496094,13.248799324035645
2019-07-19,267.647216796875,134.47000122070312,89.81056213378906,13.325878143310547
2019-07-22,268.30474853515625,134.4499969482422,89.92362213134766,13.283056259155273
2019-07-23,270.2231750488281,133.69000244140625,89.83474731445312,13.368697166442871
2019-07-24,271.49310302734375,134.3699951171875,89.96406555175781,13.308749198913574
2019-07-25,270.19610595703125,133.4199981689453,89.8266830444336,13.257363319396973
2019-07-26,272.00653076171875,133.63999938964844,89.84286499023438,13.274492263793945
2019-07-29,271.5110168457031,134.52999877929688,89.88324737548828,13.325878143310547
2019-07-30,270.8445739746094,134.97999572753906,89.87518310546875,13.402955055236816
2019-07-31,267.8815002441406,133.2100067138672,89.91551208496094,13.317313194274902
2019-08-01,265.5487060546875,136.41000366210938,90.62007141113281,12.949052810668945
2019-08-02,263.54925537109375,135.88999938964844,90.65245819091797,12.966181755065918
2019-08-05,255.6234893798828,137.7899932861328,91.04924011230469,12.854846000671387
2019-08-06,259.2080993652344,138.91000366210938,91.29215240478516,12.786333084106445
2019-08-07,259.3612976074219,141.02000427246094,91.24356079101562,12.623614311218262
2019-08-08,264.44989013671875,141.72999572753906,91.3326416015625,12.692126274108887
2019-08-09,262.6486511230469,141.25999450683594,91.21116638183594,12.803461074829102
2019-08-12,259.4513854980469,142.6300048828125,91.5431900024414,12.70925521850586
2019-08-13,263.4861755371094,141.77999877929688,91.41361999511719,13.009001731872559
2019-08-14,255.695556640625,142.75,91.69702911376953,12.81202507019043
2019-08-15,256.3709716796875,143.6999969482422,92.11811828613281,12.70925521850586
2019-08-16,260.1539001464844,142.77999877929688,92.04522705078125,12.700692176818848
2019-08-19,263.2880554199219,141.11000061035156,91.80229949951172,12.760641098022461
2019-08-20,261.2706604003906,142.2100067138672,92.05332946777344,12.794896125793457
2019-08-21,263.396240234375,141.75999450683594,92.00475311279297,12.837717056274414
2019-08-22,263.3151550292969,141.39999389648438,91.76183319091797,12.777769088745117
2019-08-23,256.55120849609375,144.1699981689453,92.13432312011719,12.683564186096191
2019-08-26,259.3883361816406,144.19000244140625,92.09378051757812,12.67499828338623
2019-08-27,258.3705139160156,145.57000732421875,92.38533020019531,12.760641098022461
2019-08-28,260.18988037109375,145.16000366210938,92.3934097290039,12.87197494506836
2019-08-29,263.5132751464844,144.1199951171875,92.33671569824219,12.906231880187988
2019-08-30,263.396240234375,143.75,92.41773223876953,12.700692176818848
2019-09-03,261.8560791015625,145.75,92.39579772949219,12.632177352905273
2019-09-04,264.82818603515625,146.66000366210938,92.55816650390625,12.931924819946289
2019-09-05,268.2327575683594,143.13999938964844,92.16043090820312,12.914794921875
2019-09-06,268.4398498535156,141.9199981689453,92.2578125,12.949052810668945
2019-09-09,268.57489013671875,141.38999938964844,91.86823272705078,13.068950653076172
2019-09-10,268.511962890625,140.17999267578125,91.37313842773438,13.086079597473145
2019-09-11,270.4212951660156,141.02999877929688,91.3893814086914,12.991874694824219
2019-09-12,271.35791015625,141.32000732421875,91.24324035644531,12.940488815307617
2019-09-13,271.17779541015625,140.14999389648438,90.6994857788086,12.940488815307617
2019-09-16,270.3401794433594,141.32000732421875,90.94300079345703,13.514288902282715
2019-09-17,271.0247497558594,141.60000610351562,91.08097076416016,13.257363319396973
2019-09-18,271.1867980957031,140.7100067138672,91.18651580810547,13.171721458435059
2019-09-19,271.1687316894531,141.27999877929688,91.31633758544922,13.240235328674316
2019-09-20,269.88763427734375,142.9499969482422,91.64910888671875,13.257363319396973
2019-09-23,269.8242492675781,143.75,91.68970489501953,13.291621208190918
2019-09-24,267.70703125,144.50999450683594,91.94126892089844,13.13746452331543
2019-09-25,269.2904968261719,141.8300018310547,91.55982971191406,13.06038761138916
2019-09-26,268.7294616699219,141.7899932861328,91.71406555175781,13.06038761138916
2019-09-27,267.28173828125,141.05999755859375,91.82767486572266,13.009001731872559
2019-09-30,268.52142333984375,138.8699951171875,91.85199737548828,12.880539894104004
2019-10-01,265.3272399902344,139.6300048828125,92.018798828125,12.87197494506836
2019-10-02,260.64044189453125,141.25999450683594,92.08386993408203,12.760641098022461
2019-10-03,262.7757568359375,141.89999389648438,92.4417724609375,12.743513107299805
2019-10-04,266.33172607421875,141.89999389648438,92.58821868896484,12.846282005310059
2019-10-07,265.1826477050781,140.69000244140625,92.33599853515625,12.829154014587402
2019-10-08,261.0656433105469,141.9199981689453,92.36856079101562,12.820590019226074
2019-10-09,263.54486083984375,142.0500030517578,92.31977081298828,12.854846000671387
2019-10-10,265.3272399902344,140.80999755859375,92.00249481201172,12.940488815307617
2019-10-11,268.0780029296875,140.02999877929688,91.7015380859375,13.094643592834473
2019-10-14,267.77947998046875,140.58999633789062,91.8560562133789,13.034695625305176
2019-10-15,270.4304504394531,139.61000061035156,91.55512237548828,13.000438690185547
2019-10-16,269.9961853027344,140.41000366210938,91.71775817871094,13.017565727233887
2019-10-17,270.7923583984375,140.61000061035156,91.693359375,13.068950653076172
2019-10-18,269.60711669921875,140.4600067138672,91.75846862792969,13.06038761138916
2019-10-21,271.4348449707031,139.7899932861328,91.5062484741211,13.043258666992188
2019-10-22,270.5481872558594,140.1999969482422,91.64459991455078,13.06038761138916
2019-10-23,271.3352966308594,140.52999877929688,91.71775817871094,13.223106384277344
2019-10-24,271.7786865234375,141.52999877929688,91.74219512939453,13.291621208190918
2019-10-25,272.8915710449219,141.86000061035156,91.61204528808594,13.368697166442871
2019-10-28,274.4297180175781,140.63999938964844,91.41681671142578,13.317313194274902
2019-10-29,274.3482971191406,140.25,91.4249267578125,13.291621208190918
2019-10-30,275.1898498535156,141.02000427246094,91.68529510498047,13.205978393554688
2019-10-31,274.4568786621094,142.42999267578125,92.04316711425781,13.128899574279785
2019-11-01,276.9993591308594,142.55999755859375,92.06847381591797,13.368697166442871
2019-11-04,278.1123046875,142.14999389648438,91.84017181396484,13.454339981079102
2019-11-05,277.8045959472656,139.85000610351562,91.49779510498047,13.48859691619873
2019-11-06,277.8680419921875,140.4499969482422,91.63636779785156,13.343006134033203
2019-11-07,278.8451843261719,138.27000427246094,91.20429992675781,13.334441184997559
2019-11-08,279.53289794921875,137.38999938964844,91.15534973144531,13.368697166442871
2019-11-11,278.9991455078125,137.05999755859375,91.1716537475586,13.283056259155273
2019-11-12,279.587158203125,137.42999267578125,91.26945495605469,13.291621208190918
2019-11-13,279.6776428222656,137.97999572753906,91.43254089355469,13.317313194274902
2019-11-14,280.0848388671875,138.55999755859375,91.69340515136719,13.274492263793945
2019-11-15,282.1116027832031,138.2100067138672,91.64452362060547,13.343006134033203
2019-11-18,282.3196716308594,138.6199951171875,91.81570434570312,13.205978393554688
2019-11-19,282.2382507324219,138.69000244140625,91.8809585571289,13.086079597473145
2019-11-20,281.18865966796875,138.75999450683594,92.10107421875,13.257363319396973
2019-11-21,280.736328125,138.0,91.97064208984375,13.3772611618042
2019-11-22,281.360595703125,137.74000549316406,92.01953887939453,13.368697166442871
2019-11-25,283.54119873046875,137.0800018310547,92.10923767089844,13.368697166442871
2019-11-26,284.1837158203125,137.74000549316406,92.23966979980469,13.445775985717773
2019-11-27,285.4504089355469,137.00999450683594,92.12553405761719,13.3772611618042
2019-11-29,284.3917236328125,137.86000061035156,92.01139068603516,13.111772537231445
2019-12-02,281.9759216308594,137.7899932861328,91.91008758544922,13.094643592834473
2019-12-03,280.0848388671875,139.11000061035156,92.32676696777344,13.103208541870117
2019-12-04,281.81298828125,138.9199981689453,92.17153930664062,13.308749198913574
2019-12-05,282.3196716308594,139.0,92.0653305053711,13.334441184997559
2019-12-06,284.8984680175781,137.6199951171875,91.93456268310547,13.420083045959473
2019-12-09,284.0027160644531,137.5800018310547,91.98358917236328,13.402955055236816
2019-12-10,283.6859436035156,137.97000122070312,91.95093536376953,13.462904930114746
2019-12-11,284.4913024902344,138.9199981689453,92.1960220336914,13.402955055236816
2019-12-12,286.943359375,138.42999267578125,91.8038558959961,13.52285385131836
2019-12-13,287.115234375,139.0500030517578,92.17153930664062,13.5913667678833
2019-12-16,289.08770751953125,139.0399932861328,91.98358917236328,13.685572624206543
2019-12-17,289.15106201171875,139.00999450683594,91.99175262451172,13.745521545410156
2019-12-18,289.1691589355469,139.02000427246094,91.81202697753906,13.7540864944458
2019-12-19,290.3545227050781,139.3800048828125,91.91107940673828,13.814035415649414
2019-12-20,291.6274719238281,139.52000427246094,91.92740631103516,13.796907424926758
2019-12-23,292.072998046875,139.9499969482422,91.86194610595703,13.80038833618164
2019-12-24,292.0820617675781,141.27000427246094,91.97650146484375,13.861298561096191
2019-12-26,293.6369323730469,142.3800048828125,92.05841064453125,13.965713500976562
2019-12-27,293.5641784667969,142.3300018310547,92.18111419677734,13.99181842803955
2019-12-30,291.9456481933594,142.6300048828125,92.18111419677734,13.965713500976562
2019-12-31,292.6548156738281,142.89999389648438,91.96833038330078,13.878700256347656
2020-01-02,295.3917236328125,143.9499969482422,92.22209167480469,13.896102905273438
2020-01-03,293.155029296875,145.86000061035156,92.49214935302734,14.061429023742676
2020-01-06,294.2734375,147.38999938964844,92.4184799194336,14.08753490447998
2020-01-07,293.4459228515625,147.97000122070312,92.32028198242188,14.078832626342773
2020-01-08,295.0098571777344,146.86000061035156,92.2138900756836,13.869998931884766
2020-01-09,297.0102844238281,146.02999877929688,92.31210327148438,13.809088706970215
2020-01-10,296.1556091308594,146.91000366210938,92.46759033203125,13.809088706970215
2020-01-13,298.19232177734375,145.82000732421875,92.41029357910156,13.704672813415527
2020-01-14,297.7376708984375,145.69000244140625,92.49214935302734,13.765583038330078
2020-01-15,298.4105224609375,146.5399932861328,92.63130950927734,13.695971488952637
2020-01-16,300.892822265625,146.30999755859375,92.63130950927734,13.678569793701172
2020-01-17,301.829345703125,146.5800018310547,92.52488708496094,13.722076416015625
2020-01-21,301.2383117675781,146.74000549316406,92.78679656982422,13.643762588500977
2020-01-22,301.2746887207031,146.7899932861328,92.8359146118164,13.461034774780273
2020-01-23,301.62030029296875,147.1199951171875,92.95864868164062,13.347916603088379
2020-01-24,298.9378662109375,147.97999572753906,93.13053894042969,13.147784233093262
2020-01-27,294.1461486816406,148.99000549316406,93.41697692871094,12.904146194458008
2020-01-28,297.2284851074219,147.66000366210938,93.33515167236328,12.965056419372559
2020-01-29,296.98291015625,148.4600067138672,93.54794311523438,12.904146194458008
2020-01-30,297.94683837890625,148.47000122070312,93.55615234375,12.791028022766113
2020-01-31,292.5366516113281,149.3300018310547,93.83438873291016,12.686612129211426
2020-02-03,294.7098388671875,148.36000061035156,93.80404663085938,12.451674461364746
2020-02-04,299.2016296386719,146.42999267578125,93.49236297607422,12.469077110290527
2020-02-05,302.65673828125,146.61000061035156,93.35295104980469,12.660508155822754
2020-02-06,303.6751403808594,147.39999389648438,93.4103775024414,12.712716102600098
2020-02-07,302.0566711425781,147.7899932861328,93.68101501464844,12.64310359954834
2020-02-10,304.3116149902344,148.1699981689453,93.78761291503906,12.529986381530762
2020-02-11,304.83892822265625,147.66000366210938,93.67279815673828,12.573493003845215
2020-02-12,306.802978515625,147.5399932861328,93.5743637084961,12.747520446777344
2020-02-13,306.4757995605469,148.3800048828125,93.63998413085938,12.756221771240234
2020-02-14,306.96661376953125,149.0,93.73841094970703,12.747520446777344
2020-02-18,306.1756286621094,150.91000366210938,93.86146545410156,12.843236923217773
2020-02-19,307.6395263671875,151.7899932861328,93.83686065673828,12.965056419372559
2020-02-20,306.3757019042969,152.41000366210938,94.0500717163086,12.912847518920898
2020-02-21,303.2205505371094,154.6999969482422,94.23873138427734,12.860639572143555
2020-02-24,293.1640930175781,156.08999633789062,94.54218292236328,12.6170015335083
2020-02-25,284.28070068359375,153.3000030517578,94.70624542236328,12.382063865661621
2020-02-26,283.23492431640625,153.97000122070312,94.60779571533203,12.260244369506836
2020-02-27,270.514404296875,154.0,94.624267578125,12.051411628723145
2020-02-28,269.3777770996094,148.3800048828125,95.32138061523438,11.842577934265137
2020-03-02,281.0436096191406,149.1999969482422,95.28770446777344,12.112320899963379
2020-03-03,272.9966735839844,153.88999938964844,95.93697357177734,12.13842487335205
2020-03-04,284.4715576171875,154.16000366210938,95.86295318603516,12.147126197814941
2020-03-05,275.0152282714844,157.49000549316406,96.15888214111328,12.016606330871582
2020-03-06,270.4689636230469,157.5500030517578,96.86566162109375,11.625042915344238
2020-03-09,249.34681701660156,157.80999755859375,96.74237823486328,10.720100402832031
2020-03-10,262.2491455078125,154.47999572753906,95.64932250976562,11.059453964233398
2020-03-11,249.46493530273438,153.92999267578125,94.28499603271484,10.859321594238281
2020-03-12,225.59686279296875,147.7899932861328,90.51260375976562,10.4242525100708
2020-03-13,244.8822784423828,143.27999877929688,91.9344482421875,10.537370681762695
2020-03-16,218.08633422851562,141.63999938964844,93.4713363647461,9.902170181274414
2020-03-17,229.86129760742188,143.55999755859375,91.0550765991211,9.74554443359375
2020-03-18,218.2227325439453,140.6999969482422,87.58677673339844,9.423593521118164
2020-03-19,218.68643188476562,138.0399932861328,89.54280853271484,9.623726844787598
2020-03-20,209.26231384277344,140.11000061035156,90.430419921875,9.519309043884277
2020-03-23,203.91188049316406,146.3000030517578,92.57550811767578,9.632427215576172
2020-03-24,222.3870086669922,153.39999389648438,93.33985900878906,9.84126091003418
2020-03-25,225.71617126464844,151.3000030517578,94.29322052001953,10.006586074829102
2020-03-26,238.8956298828125,153.24000549316406,94.58087921142578,9.971781730651855
2020-03-27,231.77999877929688,152.25,94.98357391357422,9.93697452545166
2020-03-30,239.3072052001953,152.9199981689453,95.07402801513672,9.910872459411621
2020-03-31,235.740234375,148.0500030517578,94.81925201416016,9.789052963256836
2020-04-01,225.1307830810547,149.4499969482422,94.49718475341797,9.510607719421387
2020-04-02,230.32583618164062,151.89999389648438,94.63717651367188,9.693336486816406
2020-04-03,226.99659729003906,152.64999389648438,94.70309448242188,9.93697452545166
2020-04-06,242.24313354492188,156.8800048828125,95.16432189941406,9.989182472229004
2020-04-07,242.49002075195312,156.0399932861328,95.29613494873047,10.058795928955078
2020-04-08,250.63011169433594,154.64999389648438,95.38670349121094,10.03269100189209
2020-04-09,254.44393920898438,158.69000244140625,96.57276153564453,10.058795928955078
2020-04-13,252.1209259033203,161.41000366210938,96.11975860595703,10.23282241821289
2020-04-14,259.5567321777344,162.67999267578125,96.16919708251953,10.145809173583984
2020-04-15,254.04156494140625,161.85000610351562,96.56453704833984,9.93697452545166
2020-04-16,255.2671356201172,161.7100067138672,96.68807220458984,9.910872459411621
2020-04-17,262.1632995605469,158.57000732421875,96.57276153564453,9.954378128051758
2020-04-20,257.5445556640625,159.6999969482422,96.43276977539062,9.789052963256836
2020-04-21,249.72459411621094,158.61000061035156,96.48216247558594,9.327879905700684
2020-04-22,255.2671356201172,161.72999572753906,96.48216247558594,9.458399772644043
2020-04-23,255.24884033203125,163.33999633789062,96.71278381347656,9.432295799255371
2020-04-24,258.806640625,162.63999938964844,96.6633529663086,9.310477256774902
2020-04-27,262.5382080078125,161.55999755859375,96.21861267089844,9.136448860168457
2020-04-28,261.3310546875,160.83999633789062,96.59745025634766,9.145151138305664
2020-04-29,268.1722717285156,161.72999572753906,96.6633529663086,9.310477256774902
2020-04-30,265.6753845214844,158.8000030517578,96.44920349121094,9.484503746032715
2020-05-01,258.64208984375,159.77999877929688,96.45416259765625,9.362685203552246
2020-05-04,259.3554382324219,160.33999633789062,96.53671264648438,9.47580337524414
2020-05-05,261.7517395019531,161.02000427246094,96.46243286132812,9.719441413879395
2020-05-06,259.9773864746094,158.9499969482422,96.07455444335938,9.528010368347168
2020-05-07,263.11444091796875,161.38999938964844,96.37161254882812,9.588920593261719
2020-05-08,267.4679870605469,160.4199981689453,96.11579895019531,9.789052963256836
2020-05-11,267.5229187011719,159.4199981689453,95.8269271850586,9.658531188964844
2020-05-12,262.1907043457031,160.0399932861328,96.07455444335938,9.580219268798828
2020-05-13,257.5537109375,161.5800018310547,96.23133087158203,9.484503746032715
2020-05-14,260.6358947753906,163.00999450683594,96.5284423828125,9.649829864501953
2020-05-15,261.8340148925781,163.92999267578125,96.58624267578125,9.74554443359375
2020-05-18,269.8094177246094,162.69000244140625,96.44590759277344,10.0239896774292
2020-05-19,267.0381774902344,164.25999450683594,96.55320739746094,9.997884750366211
2020-05-20,271.5745849609375,164.64999389648438,96.80078887939453,10.17191219329834
2020-05-21,269.69970703125,162.25,96.87506103515625,10.128406524658203
2020-05-22,270.2118835449219,163.2100067138672,96.92459869384766,10.050093650817871
2020-05-26,273.54095458984375,160.88999938964844,96.76779174804688,10.154510498046875
2020-05-27,277.61102294921875,161.17999267578125,96.9080810546875,10.0239896774292
2020-05-28,277.0988464355469,161.72000122070312,96.84204864501953,10.076197624206543
2020-05-29,278.33355712890625,162.91000366210938,97.09793090820312,10.250224113464355
2020-06-01,279.45855712890625,163.66000366210938,97.04332733154297,10.311136245727539
2020-06-02,281.7724914550781,162.60000610351562,97.12605285644531,10.4242525100708
2020-06-03,285.5223693847656,159.60000610351562,96.88623809814453,10.4242525100708
2020-06-04,284.7724609375,161.27999877929688,96.59685516357422,10.511265754699707
2020-06-05,292.07098388671875,158.00999450683594,96.65472412109375,10.720100402832031
2020-06-08,295.6014099121094,159.72000122070312,96.76225280761719,10.650487899780273
2020-06-09,293.39715576171875,161.25999450683594,96.88623809814453,10.685295104980469
2020-06-10,291.7601013183594,163.57000732421875,97.28308868408203,10.754904747009277
2020-06-11,274.9403381347656,162.38999938964844,97.11775207519531,10.40684986114502
2020-06-12,278.2329406738281,162.6199951171875,97.21696472167969,10.450357437133789
2020-06-15,280.8304138183594,162.3300018310547,97.53943634033203,10.546072006225586
2020-06-16,286.2357482910156,162.25,97.34925079345703,10.633086204528809
2020-06-17,285.0467834472656,162.55999755859375,97.26657104492188,10.580877304077148
2020-06-18,285.1564636230469,162.24000549316406,97.36581420898438,10.6417875289917
2020-06-19,283.5268859863281,164.02999877929688,97.39887237548828,10.728801727294922
2020-06-22,285.34576416015625,165.08999633789062,97.37407684326172,10.8419189453125
2020-06-23,286.659423828125,166.47999572753906,97.35753631591797,10.789710998535156
2020-06-24,279.34710693359375,165.89999389648438,97.34102630615234,10.519967079162598
2020-06-25,282.3418273925781,165.8000030517578,97.45673370361328,10.615683555603027
2020-06-26,275.63580322265625,166.5399932861328,97.57251739501953,10.485161781311035
2020-06-29,279.68695068359375,166.6300048828125,97.65515899658203,10.65919017791748
2020-06-30,283.2696533203125,167.3699951171875,97.73787689208984,10.71139907836914
2020-07-01,285.25390625,166.6199951171875,97.79007720947266,10.798412322998047
2020-07-02,286.8247985839844,166.97999572753906,97.9060287475586,10.8419189453125
2020-07-06,291.25262451171875,167.97999572753906,97.89772033691406,10.928933143615723
2020-07-07,288.2486267089844,169.0399932861328,98.04686737060547,10.937633514404297
2020-07-08,290.45343017578125,170.08999633789062,98.01371765136719,11.076855659484863
2020-07-09,288.7998962402344,169.6300048828125,98.27050018310547,10.946335792541504
2020-07-10,291.7486572265625,169.19000244140625,98.154541015625,11.015947341918945
2020-07-13,289.222412109375,169.39999389648438,98.14625549316406,10.902828216552734
2020-07-14,292.97052001953125,170.19000244140625,98.30364990234375,10.955038070678711
2020-07-15,295.6619567871094,170.33999633789062,98.31193542480469,11.085556983947754
2020-07-16,294.6883239746094,168.72999572753906,98.37820434570312,10.998543739318848
2020-07-17,295.54254150390625,170.1199951171875,98.4776382446289,11.015947341918945
2020-07-20,297.93109130859375,170.94000244140625,98.58534240722656,11.007245063781738
2020-07-21,298.5649108886719,173.0,98.64325714111328,11.163869857788086
2020-07-22,300.2643737792969,175.6300048828125,98.72611236572266,11.233480453491211
2020-07-23,296.6817321777344,177.17999267578125,98.84210205078125,11.207377433776855
2020-07-24,294.7709655761719,178.6999969482422,98.80896759033203,11.224780082702637
2020-07-27,296.9205322265625,182.22999572753906,98.74266815185547,11.32919692993164
2020-07-28,295.0373229980469,183.75,98.80896759033203,11.268287658691406
2020-07-29,298.66595458984375,185.1300048828125,98.92491149902344,11.32919692993164
2020-07-30,297.600341796875,183.75999450683594,98.99946594238281,11.198676109313965
2020-07-31,299.95196533203125,185.42999267578125,99.0409164428711,11.2595853805542
2020-08-03,302.0372619628906,185.63999938964844,99.07994079589844,11.372703552246094
2020-08-04,303.2040100097656,189.58999633789062,99.27078247070312,11.433613777160645
2020-08-05,305.08721923828125,191.35000610351562,99.07994079589844,11.529328346252441
2020-08-06,307.1265869140625,193.88999938964844,99.22100830078125,11.616342544555664
2020-08-07,307.3470153808594,190.80999755859375,99.10479736328125,11.459716796875
2020-08-10,308.265625,190.14999389648438,99.01351928710938,11.520626068115234
2020-08-11,305.7210693359375,179.94000244140625,98.73966979980469,11.337896347045898
2020-08-12,309.9835205078125,179.10000610351562,98.54053497314453,11.459716796875
2020-08-13,309.42315673828125,183.3300018310547,98.1754150390625,11.520626068115234
2020-08-14,309.4323425292969,182.5399932861328,98.08415985107422,11.520626068115234
2020-08-17,310.41522216796875,186.5,98.21690368652344,11.712057113647461
2020-08-18,311.08587646484375,188.17999267578125,98.35799407958984,11.738161087036133
2020-08-19,309.79052734375,182.24000549316406,98.20858001708984,11.70335578918457
2020-08-20,310.75518798828125,183.5,98.38286590576172,11.685953140258789
2020-08-21,311.8575744628906,182.02999877929688,98.4824447631836,11.572834968566895
2020-08-24,315.0176696777344,181.0,98.44092559814453,11.633744239807129
2020-08-25,316.11993408203125,181.22000122070312,98.23348999023438,11.729458808898926
2020-08-26,319.289306640625,183.36000061035156,98.21690368652344,11.755563735961914
2020-08-27,319.98736572265625,181.24000549316406,97.87664794921875,11.712057113647461
2020-08-28,322.0543518066406,184.38999938964844,98.00945281982422,11.790369987487793
2020-08-31,320.8876953125,184.8300018310547,98.22518157958984,11.781668663024902
2020-09-01,323.9100646972656,185.0500030517578,98.42882537841797,11.799072265625
2020-09-02,328.5950012207031,182.6199951171875,98.6283187866211,11.64244556427002
2020-09-03,317.2866516113281,181.13999938964844,98.65325164794922,11.538030624389648
2020-09-04,314.69610595703125,181.63999938964844,98.16285705566406,11.433613777160645
2020-09-08,306.09765625,181.2899932861328,98.27092742919922,11.155168533325195
2020-09-09,312.1423034667969,183.0500030517578,98.26258087158203,11.2595853805542
2020-09-10,306.7223205566406,182.4600067138672,98.27092742919922,11.146467208862305
2020-09-11,306.87847900390625,182.4499969482422,98.38731384277344,11.224780082702637
2020-09-14,310.9205322265625,183.88999938964844,98.39557647705078,11.233480453491211
2020-09-15,312.49139404296875,183.4499969482422,98.40390014648438,11.294390678405762
2020-09-16,311.2512512207031,183.97000122070312,98.3540267944336,11.50322437286377
2020-09-17,308.5137023925781,182.9600067138672,98.37897491455078,11.633744239807129
2020-09-18,304.96185302734375,183.1999969482422,98.26258087158203,11.685953140258789
2020-09-21,301.5677795410156,179.52000427246094,98.27923583984375,11.39880657196045
2020-09-22,304.6390380859375,178.64999389648438,98.3540267944336,11.346598625183105
2020-09-23,297.5742492675781,174.7899932861328,98.1462173461914,11.216078758239746
2020-09-24,298.3673400878906,175.44000244140625,98.15452575683594,11.268287658691406
2020-09-25,303.1910095214844,174.94000244140625,98.18780517578125,11.268287658691406
2020-09-28,308.2269287109375,176.6999969482422,98.27092742919922,11.364002227783203
2020-09-29,306.5482482910156,178.19000244140625,98.28752899169922,11.233480453491211
2020-09-30,308.8725280761719,177.1199951171875,98.12960052490234,11.364002227783203
2020-10-01,310.85546875,178.6999969482422,98.26448822021484,11.224780082702637
2020-10-02,307.904052734375,178.5399932861328,98.1645736694336,11.085556983947754
2020-10-05,313.3641357421875,179.41000366210938,97.84819030761719,11.372703552246094
2020-10-06,308.909423828125,177.3000030517578,97.9314193725586,11.41620922088623
2020-10-07,314.28643798828125,177.22000122070312,97.86483764648438,11.459716796875
2020-10-08,317.0718078613281,177.85000610351562,97.98970794677734,11.572834968566895
2020-10-09,319.9033508300781,181.0800018310547,98.01469421386719,11.607640266418457
2020-10-12,325.0497741699219,180.55999755859375,98.20618438720703,11.485820770263672
2020-10-13,322.9284973144531,177.72000122070312,98.23119354248047,11.511924743652344
2020-10-14,320.8993835449219,178.27000427246094,98.28947448730469,11.590237617492676
2020-10-15,320.5028381347656,178.9199981689453,98.20618438720703,11.625042915344238
2020-10-16,320.3091735839844,178.3000030517578,98.15626525878906,11.546731948852539
2020-10-19,315.4393310546875,178.38999938964844,98.03968811035156,11.55543327331543
2020-10-20,316.7029113769531,179.25,97.95643615722656,11.685953140258789
2020-10-21,316.10345458984375,180.60000610351562,97.8398666381836,11.590237617492676
2020-10-22,317.8372497558594,178.8300018310547,97.66502380371094,11.625042915344238
2020-10-23,318.9164733886719,178.63999938964844,97.80657196044922,11.538030624389648
2020-10-26,313.0229797363281,178.5500030517578,97.93975830078125,11.372703552246094
2020-10-27,311.94384765625,179.02000427246094,98.1645736694336,11.45101547241211
2020-10-28,301.2818908691406,176.1300048828125,98.0230484008789,11.146467208862305
2020-10-29,304.34393310546875,175.39999389648438,97.84819030761719,11.007245063781738
2020-10-30,301.1712341308594,176.1999969482422,97.58177185058594,11.007245063781738
2020-11-02,304.54681396484375,177.91000366210938,97.75853729248047,11.207377433776855
2020-11-03,309.92388916015625,178.9199981689453,97.71683502197266,11.27698802947998
2020-11-04,316.8504638671875,178.82000732421875,98.36734771728516,11.39880657196045
2020-11-05,323.0299377441406,182.92999267578125,98.45907592773438,11.45101547241211
2020-11-06,322.95611572265625,183.19000244140625,98.24227905273438,11.40750789642334
2020-11-09,327.01434326171875,175.0800018310547,97.7835693359375,11.546731948852539
2020-11-10,326.5346374511719,175.66000366210938,97.6251220703125,11.772966384887695
2020-11-11,328.96044921875,174.89999389648438,97.68347930908203,11.764266014099121
2020-11-12,325.7691955566406,175.9600067138672,98.09213256835938,11.668549537658691
2020-11-13,330.2793273925781,177.16000366210938,98.10880279541016,11.616342544555664
2020-11-16,334.40203857421875,177.14999389648438,98.10049438476562,11.720759391784668
2020-11-17,332.6035461425781,176.5,98.3006591796875,11.755563735961914
2020-11-18,328.6007080078125,175.49000549316406,98.36734771728516,11.772966384887695
2020-11-19,329.9841003417969,175.16000366210938,98.55081176757812,11.772966384887695
2020-11-20,327.72454833984375,175.69000244140625,98.65093994140625,11.833876609802246
2020-11-23,329.68896484375,172.22999572753906,98.62588500976562,11.868682861328125
2020-11-24,335.00152587890625,169.58999633789062,98.4924545288086,12.121023178100586
2020-11-25,334.4850769042969,169.50999450683594,98.45907592773438,12.225438117980957
2020-11-27,335.4166259765625,167.7899932861328,98.62588500976562,12.199335098266602
2020-11-30,333.93157958984375,166.6699981689453,98.75933837890625,12.12972354888916
2020-12-01,337.58404541015625,170.17999267578125,98.44689178466797,12.094918251037598
2020-12-02,338.29412841796875,171.4600067138672,98.33827209472656,12.147126197814941
2020-12-03,338.201904296875,172.80999755859375,98.50535583496094,12.16452693939209
2020-12-04,341.1164855957031,172.32000732421875,98.23799896240234,12.216736793518066
2020-12-07,340.41546630859375,174.88999938964844,98.38838195800781,12.216736793518066
2020-12-08,341.41162109375,175.5,98.39674377441406,12.234139442443848
2020-12-09,338.3494873046875,172.5,98.25474548339844,12.242840766906738
2020-12-10,338.23883056640625,172.1699981689453,98.49700164794922,12.425570487976074
2020-12-11,337.84222412109375,172.49000549316406,98.60563659667969,12.390765190124512
2020-12-14,336.3296813964844,171.5399932861328,98.54710388183594,12.425570487976074
2020-12-15,340.87664794921875,173.94000244140625,98.60563659667969,12.521285057067871
2020-12-16,341.41162109375,174.89999389648438,98.5638198852539,12.590896606445312
2020-12-17,343.32080078125,176.74000549316406,98.5596694946289,12.73882007598877
2020-12-18,341.9499816894531,176.44000244140625,98.50953674316406,12.782326698303223
2020-12-21,340.727294921875,175.8800048828125,98.50953674316406,12.651805877685547
2020-12-22,340.1529541015625,174.49000549316406,98.65162658691406,12.51258373260498
2020-12-23,340.45867919921875,175.64999389648438,98.5847396850586,12.669209480285645
2020-12-24,341.78314208984375,176.35000610351562,98.67672729492188,12.704015731811523
2020-12-28,344.71942138671875,175.7100067138672,98.6934585571289,12.625702857971191
2020-12-29,344.06170654296875,176.35000610351562,98.71022033691406,12.660508155822754
2020-12-30,344.55267333984375,177.6999969482422,98.76874542236328,12.73882007598877
2020-12-31,346.30328369140625,178.36000061035156,98.84400177001953,12.791028022766113
2021-01-04,341.5887451171875,182.3300018310547,98.71855163574219,12.721416473388672
2021-01-05,343.9413146972656,182.8699951171875,98.6181869506836,13.078173637390137
2021-01-06,345.9975280761719,179.89999389648438,98.13312530517578,13.095577239990234
2021-01-07,351.1382751464844,179.47999572753906,98.03276824951172,13.156486511230469
2021-01-08,353.1389465332031,173.33999633789062,97.9156723022461,13.260903358459473
2021-01-11,350.758544921875,173.0,97.75682830810547,13.165186882019043
2021-01-12,350.8326110839844,174.1199951171875,97.84040832519531,13.417527198791504
2021-01-13,351.77734375,173.3699951171875,98.14984893798828,13.382721900939941
2021-01-14,350.5454406738281,173.27999877929688,97.9574966430664,13.504542350769043
2021-01-15,347.9890441894531,171.1300048828125,98.057861328125,13.3131103515625
2021-01-19,350.7214660644531,172.5800018310547,98.19165802001953,13.35661792755127
2021-01-20,355.5749816894531,175.38999938964844,98.20003509521484,13.36531925201416
2021-01-21,355.8991394042969,175.27999877929688,98.057861328125,13.35661792755127
2021-01-22,354.6394958496094,173.89999389648438,98.057861328125,13.130382537841797
2021-01-25,356.0380859375,174.0500030517578,98.30877685546875,13.269604682922363
2021-01-26,355.4823913574219,173.6199951171875,98.2752914428711,13.295707702636719
2021-01-27,346.7941589355469,172.52000427246094,98.28365325927734,13.260903358459473
2021-01-28,349.7767028808594,172.67999267578125,98.21676635742188,13.199994087219238
2021-01-29,342.7742614746094,172.61000061035156,98.10804748535156,13.217395782470703
2021-02-01,348.4798889160156,174.22999572753906,98.20184326171875,13.469735145568848
2021-02-02,353.4075622558594,172.11000061035156,98.05107116699219,13.574151992797852
2021-02-03,353.6854248046875,171.85000610351562,97.93379211425781,13.669867515563965
2021-02-04,357.705322265625,168.14999389648438,97.8919448852539,13.739479064941406
2021-02-05,359.1132507324219,169.80999755859375,97.76627349853516,13.809088706970215
2021-02-08,361.7066650390625,171.52000427246094,97.86678314208984,14.026625633239746
2021-02-09,361.46588134765625,172.0800018310547,97.90867614746094,14.078832626342773
2021-02-10,361.30841064453125,172.7100067138672,98.00082397460938,14.052727699279785
2021-02-11,361.8919372558594,171.2100067138672,97.883544921875,14.026625633239746
2021-02-12,363.67962646484375,170.69000244140625,97.65734100341797,14.200652122497559
2021-02-16,363.3646240234375,168.24000549316406,97.19660949707031,14.392083168029785
2021-02-17,363.447998046875,166.3300018310547,97.38929748535156,14.435589790344238
2021-02-18,361.9012145996094,166.32000732421875,97.33906555175781,14.383381843566895
2021-02-19,361.26202392578125,167.00999450683594,97.0374755859375,14.374679565429688
2021-02-22,358.4832763671875,169.50999450683594,96.73595428466797,14.69662857055664
2021-02-23,358.9187316894531,169.1199951171875,96.76103973388672,14.766241073608398
2021-02-24,362.8736877441406,169.0,96.72754669189453,14.992475509643555
2021-02-25,354.12994384765625,165.82000732421875,95.83960723876953,14.870657920837402
2021-02-26,352.3052673339844,161.80999755859375,96.61865997314453,14.557408332824707
2021-03-01,360.8452453613281,161.52999877929688,96.56829071044922,14.435589790344238
2021-03-02,358.0295104980469,162.41000366210938,96.5850830078125,14.496499061584473
2021-03-03,353.287109375,160.6199951171875,96.23267364501953,14.583513259887695
2021-03-04,348.9153137207031,159.0399932861328,95.95576477050781,14.809747695922852
2021-03-05,355.3341369628906,159.13999938964844,95.88864135742188,15.114296913146973
2021-03-08,353.5649719238281,157.49000549316406,95.5110855102539,14.905462265014648
2021-03-09,358.6130065917969,160.83999633789062,95.87185668945312,14.905462265014648
2021-03-10,360.8452453613281,161.66000366210938,96.03128814697266,15.001178741455078
2021-03-11,364.50396728515625,161.52000427246094,96.02288055419922,15.227415084838867
2021-03-12,364.9947814941406,161.49000549316406,95.47750854492188,15.157803535461426
2021-03-15,367.1714782714844,162.1999969482422,95.57819366455078,15.105596542358398
2021-03-16,366.7083740234375,162.35000610351562,95.54463195800781,15.044685363769531
2021-03-17,367.95880126953125,163.50999450683594,95.53622436523438,15.044685363769531
2021-03-18,362.60516357421875,162.55999755859375,95.16703033447266,14.331171989440918
2021-03-19,361.9342346191406,163.24000549316406,95.24256896972656,14.64442253112793
2021-03-22,364.82421875,163.0,95.42713928222656,14.618318557739258
2021-03-23,361.95281982421875,161.80999755859375,95.67047119140625,14.20935344696045
2021-03-24,360.1127014160156,162.3699951171875,95.78797149658203,14.583513259887695
2021-03-25,362.1387023925781,161.77999877929688,95.7375717163086,14.252859115600586
2021-03-26,367.9744873046875,162.24000549316406,95.57819366455078,14.592214584350586
2021-03-29,367.78863525390625,160.30999755859375,95.41881561279297,14.609617233276367
2021-03-30,366.8128967285156,157.57000732421875,95.4942855834961,14.374679565429688
2021-03-31,368.2996520996094,159.9600067138672,95.5110855102539,14.45299243927002
2021-04-01,372.2770080566406,161.97999572753906,95.83210754394531,14.69662857055664
2021-04-05,377.6203918457031,161.9199981689453,95.6387939453125,14.479094505310059
2021-04-06,377.3973693847656,163.22000122070312,95.97492218017578,14.531305313110352
2021-04-07,377.8341064453125,162.75999450683594,95.82366180419922,14.574810028076172
2021-04-08,379.6275634765625,164.50999450683594,96.05896759033203,14.65312385559082
2021-04-09,382.3875427246094,163.27000427246094,95.94971466064453,14.600915908813477
2021-04-12,382.52691650390625,162.27999877929688,95.92452239990234,14.609617233276367
2021-04-13,383.66070556640625,163.42999267578125,96.2018051147461,14.766241073608398
2021-04-14,382.3504638671875,162.72000122070312,96.12620544433594,15.105596542358398
2021-04-15,386.457763671875,165.35000610351562,96.50434875488281,15.201309204101562
2021-04-16,387.74945068359375,166.35000610351562,96.25221252441406,15.175206184387207
2021-04-19,385.8444519042969,165.88999938964844,96.1766128540039,15.192608833312988
2021-04-20,383.01947021484375,166.47999572753906,96.32784271240234,15.166505813598633
2021-04-21,386.6436767578125,168.1300048828125,96.42032623291016,15.105596542358398
2021-04-22,383.1122741699219,167.0399932861328,96.44552612304688,15.227415084838867
2021-04-23,387.2662658691406,166.39999389648438,96.4287109375,15.349234580993652
2021-04-26,388.07470703125,166.83999633789062,96.34469604492188,15.45365047454834
2021-04-27,387.9910888671875,166.4199981689453,96.10940551757812,15.5841703414917
2021-04-28,387.8795166015625,166.91000366210938,96.15982818603516,15.610275268554688
2021-04-29,390.3514099121094,166.22000122070312,96.10940551757812,15.714691162109375
2021-04-30,387.78662109375,165.66000366210938,96.210205078125,15.5841703414917
2021-05-03,388.623046875,167.80999755859375,96.2717056274414,15.758200645446777
2021-05-04,386.2254333496094,166.5800018310547,96.38947296142578,16.0018367767334
2021-05-05,386.34625244140625,167.27000427246094,96.46522521972656,16.062746047973633
2021-05-06,389.43145751953125,170.05999755859375,96.4820785522461,16.14105796813965
2021-05-07,392.2657165527344,171.58999633789062,96.45681762695312,16.297683715820312
2021-05-10,388.38134765625,172.11000061035156,96.30533599853516,16.184566497802734
2021-05-11,384.9151611328125,172.13999938964844,96.09490966796875,16.358592987060547
2021-05-12,376.7375183105469,170.42999267578125,95.75828552246094,16.341190338134766
2021-05-13,381.26300048828125,171.1300048828125,95.97712707519531,15.88871955871582
2021-05-14,387.11761474609375,172.69000244140625,96.19588470458984,16.01923942565918
2021-05-17,386.1324157714844,174.6999969482422,96.11175537109375,16.219369888305664
2021-05-18,382.80572509765625,175.0399932861328,95.99394226074219,16.14105796813965
2021-05-19,381.802001953125,175.16000366210938,95.8592758178711,15.810407638549805
2021-05-20,385.90948486328125,175.9600067138672,96.1875,15.645079612731934
2021-05-21,385.5935363769531,176.0399932861328,96.22956848144531,15.79300308227539
2021-05-24,389.5244140625,176.35000610351562,96.3221664428711,16.010536193847656
2021-05-25,388.6601257324219,177.9499969482422,96.55780792236328,15.958329200744629
2021-05-26,389.43145751953125,177.63999938964844,96.52413940429688,15.984434127807617
2021-05-27,389.6358642578125,177.7100067138672,96.40632629394531,16.236774444580078
2021-05-28,390.3328552246094,178.3800048828125,96.40632629394531,16.184566497802734
2021-06-01,389.9891052246094,177.89999389648438,96.36164855957031,16.47171401977539
2021-06-02,390.60235595703125,178.77000427246094,96.48805236816406,16.558727264404297
2021-06-03,389.1526794433594,175.27000427246094,96.26052856445312,16.419504165649414
2021-06-04,392.7117614746094,177.16000366210938,96.65666961669922,16.602231979370117
2021-06-07,392.3307800292969,177.8699951171875,96.58920288085938,16.62833595275879
2021-06-08,392.4144287109375,177.32000732421875,96.76620483398438,16.793663024902344
2021-06-09,391.8290100097656,176.97999572753906,96.96007537841797,16.715351104736328
2021-06-10,393.65032958984375,177.74000549316406,97.162353515625,16.776262283325195
2021-06-11,394.3008728027344,175.74000549316406,97.1202163696289,16.724050521850586
2021-06-14,395.18365478515625,174.7100067138672,96.8757553100586,16.62833595275879
2021-06-15,394.4588928222656,174.0500030517578,96.91793060302734,16.558727264404297
2021-06-16,392.2564392089844,171.11000061035156,96.60604095458984,16.463010787963867
2021-06-17,392.1263427734375,165.85000610351562,96.90950775146484,16.03664207458496
2021-06-18,386.83642578125,164.92999267578125,97.17076873779297,16.201969146728516
2021-06-21,392.37432861328125,166.9499969482422,96.91793060302734,16.402101516723633
2021-06-22,394.4720153808594,166.25,97.0190658569336,16.428205490112305
2021-06-23,393.99658203125,166.13999938964844,96.9684829711914,16.532621383666992
2021-06-24,396.3274230957031,166.0399932861328,97.00222778320312,16.593530654907227
2021-06-25,397.7351989746094,166.58999633789062,96.8083724975586,16.52391815185547
2021-06-28,398.53692626953125,166.5800018310547,97.08647918701172,16.515216827392578
2021-06-29,398.75140380859375,164.8300018310547,97.13706970214844,16.593530654907227
2021-06-30,399.0870056152344,165.6300048828125,97.20450592041016,16.750154495239258
2021-07-01,401.29656982421875,166.1999969482422,97.1504898071289,16.811065673828125
2021-07-02,404.3638916015625,167.2899932861328,97.36148071289062,16.96769142150879
2021-07-06,403.62744140625,168.1199951171875,97.67375946044922,16.506515502929688
2021-07-07,405.0538330078125,168.75999450683594,97.84253692626953,16.306386947631836
2021-07-08,401.75341796875,168.64999389648438,97.95225524902344,16.445608139038086
2021-07-09,406.04205322265625,169.2100067138672,97.63153839111328,16.637039184570312
2021-07-12,407.4964904785156,169.0,97.57247924804688,16.66314125061035
2021-07-13,406.1073303222656,169.22000122070312,97.36148071289062,16.802364349365234
2021-07-14,406.7133483886719,171.0399932861328,97.69062042236328,16.637039184570312
2021-07-15,405.32427978515625,171.07000732421875,97.90162658691406,16.55002212524414
2021-07-16,402.14495849609375,169.41000366210938,97.81717681884766,16.55002212524414
2021-07-19,396.2061462402344,169.61000061035156,98.33206176757812,15.88871955871582
2021-07-20,401.8839416503906,169.38999938964844,98.23924255371094,16.1236572265625
2021-07-21,405.13775634765625,168.75999450683594,97.91847229003906,16.445608139038086
2021-07-22,405.98614501953125,169.08999633789062,98.14636993408203,16.576128005981445
2021-07-23,410.1629333496094,168.55999755859375,98.0788803100586,16.66314125061035
2021-07-26,411.1698913574219,168.16000366210938,97.99447631835938,16.784961700439453
2021-07-27,409.2958679199219,168.44000244140625,98.22235107421875,16.689245223999023
2021-07-28,409.1280517578125,169.2899932861328,98.3151626586914,16.767559051513672
2021-07-29,410.8249206542969,171.1699981689453,98.15482330322266,17.063405990600586
2021-07-30,408.8297119140625,169.82000732421875,98.28987121582031,16.96769142150879
2021-08-02,407.97198486328125,169.61000061035156,98.49861907958984,16.784961700439453
2021-08-03,411.2909851074219,169.49000549316406,98.53242492675781,16.706649780273438
2021-08-04,409.26788330078125,169.52999877929688,98.52395629882812,16.436906814575195
2021-08-05,411.8597412109375,168.86000061035156,98.30421447753906,16.680545806884766
2021-08-06,412.5403747558594,164.63999938964844,97.86469268798828,16.541322708129883
2021-08-09,412.2047119140625,161.72000122070312,97.68721008300781,16.306386947631836
2021-08-10,412.71746826171875,161.77000427246094,97.56044006347656,16.602231979370117
2021-08-11,413.7430419921875,164.0,97.6534423828125,16.750154495239258
2021-08-12,414.9830627441406,164.0399932861328,97.6618881225586,16.689245223999023
2021-08-13,415.7381591796875,166.38999938964844,98.01686096191406,16.593530654907227
2021-08-16,416.7171630859375,167.22000122070312,98.06755065917969,16.55002212524414
2021-08-17,413.9854431152344,166.97000122070312,97.99147033691406,16.36729621887207
2021-08-18,409.454345703125,167.10000610351562,97.99994659423828,16.175865173339844
2021-08-19,410.08831787109375,166.61000061035156,98.16899108886719,15.949627876281738
2021-08-20,413.3514099121094,166.6999969482422,98.17744445800781,15.575469970703125
2021-08-23,416.98748779296875,168.72999572753906,98.17744445800781,16.14105796813965
2021-08-24,417.64947509765625,168.64999389648438,98.03376007080078,16.48041534423828
2021-08-25,418.52581787109375,167.47999572753906,97.84781646728516,16.62833595275879
2021-08-26,416.0552062988281,167.6699981689453,97.85624694824219,16.497814178466797
2021-08-27,419.7750549316406,170.19000244140625,98.12672424316406,16.706649780273438
2021-08-30,421.6210632324219,169.35000610351562,98.23658752441406,16.767559051513672
2021-08-31,420.99639892578125,169.69000244140625,98.09291076660156,16.689245223999023
2021-09-01,421.22015380859375,169.6999969482422,98.12421417236328,16.610931396484375
2021-09-02,422.51617431640625,169.25,98.22579956054688,16.802364349365234
2021-09-03,422.4136047363281,171.05999755859375,98.05648803710938,16.819766998291016
2021-09-07,420.90313720703125,167.7100067138672,97.79417419433594,16.62833595275879
2021-09-08,420.3905029296875,167.2899932861328,97.9549560546875,16.750154495239258
2021-09-09,418.5909729003906,168.02999877929688,98.26811981201172,16.62833595275879
2021-09-10,415.2906799316406,167.17999267578125,98.07345581054688,16.845870971679688
2021-09-13,416.35357666015625,167.74000549316406,98.20040130615234,16.97639274597168
2021-09-14,414.106689453125,168.82000732421875,98.42047882080078,16.96769142150879
2021-09-15,417.56549072265625,167.8300018310547,98.32738494873047,17.246135711669922
2021-09-16,416.9036560058594,164.02999877929688,98.15809631347656,17.124317169189453
2021-09-17,412.8424987792969,163.77000427246094,98.07345581054688,16.98509407043457
2021-09-20,405.95867919921875,164.94000244140625,98.25965881347656,16.784961700439453
2021-09-21,405.5751647949219,166.0399932861328,98.30199432373047,16.802364349365234
2021-09-22,409.5314025878906,165.4199981689453,98.33585357666016,16.99379539489746
2021-09-23,414.50732421875,163.50999450683594,97.85337829589844,17.25483512878418
2021-09-24,415.1900634765625,163.3000030517578,97.68412017822266,17.333148956298828
2021-09-27,414.0023193359375,163.63999938964844,97.54869079589844,17.568084716796875
2021-09-28,405.65936279296875,162.0500030517578,97.14237976074219,17.428863525390625
2021-09-29,406.34222412109375,161.32000732421875,97.21009826660156,17.446264266967773
2021-09-30,401.3757629394531,164.22000122070312,97.19317626953125,17.559385299682617
2021-10-01,406.145751953125,164.58999633789062,97.48990631103516,17.794321060180664
2021-10-04,400.9080505371094,165.36000061035156,97.42205047607422,18.08146858215332
2021-10-05,405.0794982910156,164.58999633789062,97.19317626953125,18.307703018188477
2021-10-06,406.7630615234375,165.02999877929688,97.23556518554688,18.003156661987305
2021-10-07,410.27972412109375,164.16000366210938,96.96429443359375,18.22939109802246
2021-10-08,409.5314025878906,164.22999572753906,96.75236511230469,18.290302276611328
2021-10-11,406.5666809082031,163.9199981689453,96.5997543334961,18.412120819091797
2021-10-12,405.56585693359375,164.66000366210938,96.95582580566406,18.412120819091797
2021-10-13,407.0248718261719,167.58999633789062,97.17622375488281,18.516536712646484
2021-10-14,413.871337890625,168.0,97.36273956298828,18.70796775817871
2021-10-15,417.02337646484375,165.3300018310547,97.12535095214844,18.864591598510742
2021-10-18,418.2579345703125,164.9199981689453,97.05754089355469,18.7514705657959
2021-10-19,421.4847106933594,165.4499969482422,96.7778091430664,18.794979095458984
2021-10-20,423.1402282714844,166.89999389648438,96.70996856689453,19.003812789916992
2021-10-21,424.243896484375,166.75,96.50654602050781,18.7166690826416
2021-10-22,423.8042297363281,167.77000427246094,96.6930160522461,18.803682327270508
2021-10-25,426.0770568847656,168.92999267578125,96.7862548828125,18.899396896362305
2021-10-26,426.46051025390625,167.67999267578125,96.96429443359375,18.925500869750977
2021-10-27,424.57122802734375,168.1199951171875,97.28645324707031,18.57744598388672
2021-10-28,428.6678466796875,168.0800018310547,97.21015167236328,18.673158645629883
2021-10-29,429.53765869140625,166.64999389648438,97.18470764160156,18.57744598388672
2021-11-01,430.2765808105469,167.52000427246094,97.12527465820312,18.7166690826416
2021-11-02,432.0162353515625,167.16000366210938,97.32054138183594,18.768875122070312
2021-11-03,434.6537780761719,165.77000427246094,97.12527465820312,18.290302276611328
2021-11-04,436.7020568847656,167.64999389648438,97.44792938232422,18.177181243896484
2021-11-05,438.21728515625,169.83999633789062,97.83000946044922,18.429521560668945
2021-11-08,438.59130859375,170.4499969482422,97.65169525146484,18.542640686035156
2021-11-09,437.1416931152344,171.2899932861328,97.92338562011719,18.690563201904297
2021-11-10,433.625,173.14999389648438,97.2611312866211,18.455625534057617
2021-11-11,433.76519775390625,174.1199951171875,97.08280944824219,18.58614730834961
2021-11-12,437.0387878417969,174.4499969482422,97.06584930419922,18.560043334960938
2021-11-15,437.18841552734375,174.17999267578125,96.70925903320312,18.568744659423828
2021-11-16,438.9187927246094,172.9199981689453,96.67527770996094,18.542640686035156
2021-11-17,437.85247802734375,174.5,96.90452575683594,18.3773136138916
2021-11-18,439.3396301269531,173.94000244140625,96.98943328857422,18.438222885131836
2021-11-19,438.5539855957031,172.61000061035156,97.17621612548828,18.142377853393555
2021-11-22,437.3193664550781,168.74000549316406,96.70925903320312,18.272897720336914
2021-11-23,437.89923095703125,167.27999877929688,96.32714080810547,18.60354995727539
2021-11-24,439.0683288574219,167.1199951171875,96.54792785644531,18.533939361572266
2021-11-26,429.2757263183594,166.85000610351562,97.23564147949219,17.428863525390625
2021-11-29,434.54156494140625,166.6199951171875,97.28662872314453,17.428863525390625
2021-11-30,426.0863952636719,165.5,97.44792938232422,16.950288772583008
2021-12-01,421.353759765625,166.16000366210938,97.46662139892578,16.802364349365234
2021-12-02,427.8072814941406,165.24000549316406,97.44959259033203,16.950288772583008
2021-12-03,424.0848083496094,166.6300048828125,97.84073638916016,16.96769142150879
2021-12-06,429.107421875,166.22000122070312,97.50062561035156,17.26353645324707
2021-12-07,437.9834899902344,166.80999755859375,97.34757995605469,17.524578094482422
2021-12-08,439.1431884765625,166.89999389648438,97.09245300292969,17.7595157623291
2021-12-09,436.1783447265625,165.8800048828125,97.10100555419922,17.48977279663086
2021-12-10,440.2842102050781,166.5800018310547,97.12652587890625,17.689903259277344
2021-12-13,436.3840026855469,167.0,97.46662139892578,17.60289192199707
2021-12-14,433.3817443847656,165.44000244140625,97.2795639038086,17.446264266967773
2021-12-15,440.1533203125,166.14999389648438,97.20304870605469,17.533281326293945
2021-12-16,436.2718811035156,168.16000366210938,97.33667755126953,17.637697219848633
2021-12-17,431.6286315917969,167.8000030517578,97.45585632324219,17.428863525390625
2021-12-20,427.0389099121094,167.08999633789062,97.31114196777344,17.307044982910156
2021-12-21,434.62274169921875,167.02000427246094,97.23453521728516,17.672500610351562
2021-12-22,438.9684143066406,168.58999633789062,97.31963348388672,17.881336212158203
2021-12-23,441.6996765136719,168.97000122070312,97.20048522949219,17.97705078125
2021-12-27,447.95074462890625,169.3699951171875,97.2515640258789,18.203285217285156
2021-12-28,447.5845947265625,168.63999938964844,97.20897674560547,18.168479919433594
2021-12-29,448.1571350097656,168.58999633789062,96.91959381103516,18.2554931640625
2021-12-30,446.918212890625,169.8000030517578,97.13240814208984,18.168479919433594
2021-12-31,445.7918701171875,170.9600067138672,97.09835815429688,18.08146858215332
2022-01-03,448.3730773925781,168.3300018310547,96.43445587158203,18.151079177856445
2022-01-04,448.2228088378906,169.57000732421875,96.42594146728516,18.36861228942871
2022-01-05,439.6160583496094,169.05999755859375,96.12805938720703,18.290302276611328
2022-01-06,439.2030944824219,166.99000549316406,96.02589416503906,18.44692611694336
2022-01-07,437.4667053222656,167.75,95.74504852294922,18.48172950744629
2022-01-10,436.9223327636719,168.25999450683594,95.65990447998047,18.40341567993164
2022-01-11,440.9018859863281,170.2899932861328,95.83867645263672,18.760173797607422
2022-01-12,442.0938415527344,170.74000549316406,95.83867645263672,18.908096313476562
2022-01-13,436.0024719238281,170.16000366210938,96.0088882446289,18.70796775817871
2022-01-14,436.1808166503906,169.6699981689453,95.4726791381836,18.95160675048828
2022-01-18,428.45611572265625,169.38999938964844,94.89385986328125,19.099529266357422
2022-01-19,424.0072326660156,172.0800018310547,95.09819793701172,19.20394515991211
2022-01-20,419.3143615722656,171.64999389648438,95.14923858642578,19.134334564208984
2022-01-21,411.0830383300781,171.08999633789062,95.52371978759766,19.151737213134766
2022-01-24,412.8287048339844,172.02999877929688,95.4130859375,19.108230590820312
2022-01-25,407.78851318359375,172.5800018310547,95.31947326660156,19.282258987426758
2022-01-26,406.76544189453125,169.7899932861328,94.78325653076172,19.325761795043945
2022-01-27,404.7568664550781,167.60000610351562,95.09819793701172,19.421478271484375
2022-01-28,414.8092346191406,167.10000610351562,95.1662368774414,19.43888282775879
2022-01-31,422.2803039550781,168.08999633789062,95.15773010253906,19.50849151611328
2022-02-01,425.1336364746094,168.22999572753906,95.1244888305664,19.58680534362793
2022-02-02,429.26336669921875,168.83999633789062,95.2267837524414,19.665119171142578
2022-02-03,419.1736145019531,168.60000610351562,94.84320831298828,19.70862579345703
2022-02-04,421.1446533203125,168.86000061035156,94.24654388427734,19.865249633789062
2022-02-07,419.7930908203125,170.11000061035156,94.33180236816406,19.908756256103516
2022-02-08,423.24700927734375,170.6300048828125,94.04197692871094,19.734729766845703
2022-02-09,429.4417419433594,171.2100067138672,94.1016616821289,19.934860229492188
2022-02-10,421.7265319824219,170.55999755859375,93.23224639892578,19.830446243286133
2022-02-11,413.41064453125,173.80999755859375,93.845947265625,20.126291275024414
2022-02-14,412.05908203125,174.74000549316406,93.30042266845703,20.2307071685791
2022-02-15,418.70428466796875,173.0800018310547,93.14702606201172,19.900053024291992
2022-02-16,419.1736145019531,174.86000061035156,93.25779724121094,19.926158905029297
2022-02-17,410.219482421875,177.25,93.45386505126953,20.09148597717285
2022-02-18,407.5632629394531,177.1199951171875,93.6499252319336,20.169797897338867
2022-02-22,403.1893615722656,177.49000549316406,93.54764556884766,20.45694351196289
2022-02-23,396.0373840332031,178.2899932861328,93.12997436523438,20.648372650146484
2022-02-24,401.9973449707031,177.13999938964844,93.30042266845703,20.73538589477539
2022-02-25,410.8670654296875,176.5500030517578,93.39418029785156,20.422136306762695
2022-02-28,409.8158874511719,178.3800048828125,94.06758880615234,20.770193099975586
2022-03-01,403.57421875,181.6199951171875,94.59767150878906,21.60552406311035
2022-03-02,410.9984436035156,179.72999572753906,93.46233367919922,22.31033706665039
2022-03-03,408.9523010253906,180.8000030517578,93.7781753540039,22.55397605895996
2022-03-04,405.6297607421875,183.67999267578125,94.15380096435547,23.50242805480957
2022-03-07,393.6721496582031,186.41000366210938,93.60748291015625,24.01580810546875
2022-03-08,390.68743896484375,191.50999450683594,93.2745590209961,24.424772262573242
2022-03-09,401.16204833984375,185.82000732421875,93.07821655273438,22.484365463256836
2022-03-10,399.3505554199219,186.39999389648438,92.55753326416016,22.214622497558594
2022-03-11,394.2729187011719,185.08999633789062,92.54046630859375,22.597484588623047
2022-03-14,391.39129638671875,182.3000030517578,91.64412689208984,21.936176300048828
2022-03-15,399.9982604980469,178.88999938964844,91.84903717041016,21.396692276000977
2022-03-16,408.8678283691406,180.00999450683594,91.91731262207031,21.21396255493164
2022-03-17,413.983154296875,180.88999938964844,92.07097625732422,22.232023239135742
2022-03-18,418.5174560546875,179.3000030517578,92.27584075927734,22.336442947387695
2022-03-21,418.3950500488281,180.6699981689453,91.37097930908203,23.171775817871094
2022-03-22,423.2909240722656,179.36000061035156,91.12345123291016,23.119565963745117
2022-03-23,417.8395080566406,181.80999755859375,91.49900817871094,23.693857192993164
2022-03-24,424.1382141113281,183.1300048828125,91.29414367675781,23.45891761779785
2022-03-25,426.20953369140625,182.3800048828125,90.56858825683594,23.632946014404297
2022-03-28,429.24114990234375,179.05999755859375,90.79052734375,22.606185913085938
2022-03-29,434.55120849609375,179.13999938964844,91.21734619140625,22.69319725036621
2022-03-30,431.86798095703125,180.5800018310547,91.46492004394531,23.102161407470703
2022-03-31,425.22100830078125,180.64999389648438,91.42221069335938,22.675792694091797
2022-04-01,426.4261169433594,179.5,91.2597885131836,22.823719024658203
2022-04-04,430.0791015625,180.3699951171875,91.33671569824219,23.258787155151367
2022-04-05,424.6466064453125,179.24000549316406,90.41344451904297,23.067358016967773
2022-04-06,420.4004211425781,179.66000366210938,90.18263244628906,22.884628295898438
2022-04-07,422.5187683105469,180.33999633789062,89.98600006103516,22.962940216064453
2022-04-08,421.3889465332031,181.47000122070312,89.53290557861328,23.250085830688477
2022-04-11,414.18658447265625,182.3699951171875,89.1482162475586,23.058656692504883
2022-04-12,412.6519470214844,183.77000427246094,89.43032836914062,23.74606704711914
2022-04-13,417.37823486328125,184.64999389648438,89.60983276367188,24.268146514892578
2022-04-14,412.1811828613281,184.0399932861328,88.88318634033203,24.450876235961914
2022-04-18,412.35064697265625,184.61000061035156,88.609619140625,24.72932243347168
2022-04-19,419.00701904296875,181.82000732421875,88.07103729248047,24.0941219329834
2022-04-20,418.69635009765625,182.7100067138672,88.57540893554688,24.120222091674805
2022-04-21,412.43536376953125,182.05999755859375,88.0881118774414,24.085418701171875
2022-04-22,401.1184387207031,180.2899932861328,88.00263214111328,23.62424659729004
2022-04-25,403.4439392089844,177.0500030517578,88.59251403808594,23.450218200683594
2022-04-26,391.75994873046875,177.32000732421875,88.8660888671875,23.77216911315918
2022-04-27,392.8614501953125,175.97999572753906,88.50702667236328,23.9374942779541
2022-04-28,402.78497314453125,176.92999267578125,88.47285461425781,24.13762664794922
2022-04-29,387.8998107910156,176.91000366210938,87.94281005859375,23.954898834228516
2022-05-02,390.23468017578125,173.6300048828125,87.46409606933594,24.320356369018555
2022-05-03,392.0235595703125,174.08999633789062,87.66104888916016,23.981000900268555
2022-05-04,403.9618225097656,175.8000030517578,88.22627258300781,24.72932243347168
2022-05-05,389.6039123535156,175.1300048828125,87.35275268554688,24.598800659179688
2022-05-06,387.2783508300781,175.4199981689453,86.98448944091797,24.624902725219727
2022-05-09,374.87872314453125,172.8800048828125,87.41268920898438,23.511127471923828
2022-05-10,375.7449035644531,171.4199981689453,87.67817687988281,23.371906280517578
2022-05-11,369.7757568359375,172.82000732421875,88.00363159179688,23.946197509765625
2022-05-12,369.3897399902344,170.1699981689453,88.16630554199219,24.05931282043457
2022-05-13,378.2210998535156,168.7899932861328,87.78949737548828,24.389965057373047
2022-05-16,376.6864013671875,170.39999389648438,87.98645782470703,24.790231704711914
2022-05-17,384.4349670410156,169.3300018310547,87.50690460205078,24.520488739013672
2022-05-18,368.9378356933594,169.4199981689453,87.85802459716797,23.989704132080078
2022-05-19,366.67822265625,171.91000366210938,88.08067321777344,24.294252395629883
2022-05-20,366.8382873535156,172.02999877929688,88.3462142944336,24.32905387878418
2022-05-23,373.701904296875,172.8300018310547,88.05497741699219,24.51178741455078
2022-05-24,370.8491516113281,174.1300048828125,88.73153686523438,24.494382858276367
2022-05-25,374.1255798339844,173.0800018310547,89.09980010986328,24.668413162231445
2022-05-26,381.6011047363281,172.75999450683594,89.03129577636719,24.938154220581055
2022-05-27,390.9691162109375,172.85000610351562,89.17687225341797,25.2340030670166
2022-05-31,388.7752990722656,171.13999938964844,88.61165618896484,25.059972763061523
2022-06-01,385.63067626953125,172.22999572753906,88.24788665771484,25.181793212890625
2022-06-02,392.9744567871094,174.35000610351562,88.35942077636719,25.756084442138672
2022-06-03,386.525146484375,172.5800018310547,88.21354675292969,25.999719619750977
2022-06-06,387.7020568847656,171.82000732421875,87.67306518554688,26.11284065246582
2022-06-07,391.4209899902344,172.94000244140625,88.00764465332031,26.286867141723633
2022-06-08,387.16534423828125,172.77999877929688,87.6473388671875,26.521806716918945
2022-06-09,377.95745849609375,172.22999572753906,87.55296325683594,26.565311431884766
2022-06-10,366.99835205078125,174.5399932861328,86.87518310546875,26.304271697998047
2022-06-13,353.0640563964844,169.92999267578125,85.45099639892578,26.008424758911133
2022-06-14,352.0001525878906,168.57000732421875,84.94478607177734,25.72127914428711
2022-06-15,357.0184020996094,170.77000427246094,85.88854217529297,25.73868179321289
2022-06-16,345.2024841308594,172.69000244140625,86.0944595336914,25.85179901123047
2022-06-17,345.9466857910156,171.27000427246094,86.08586120605469,24.929452896118164
2022-06-21,354.65545654296875,170.6300048828125,85.74269104003906,24.868545532226562
2022-06-22,354.0124206542969,171.30999755859375,86.47193908691406,24.424772262573242
2022-06-23,357.482666015625,170.25999450683594,86.83231353759766,23.876585006713867
2022-06-24,368.848388671875,170.08999633789062,86.69503021240234,24.10282325744629
2022-06-27,367.43951416015625,169.89999389648438,86.30894470214844,24.050613403320312
2022-06-28,359.9317321777344,169.6199951171875,86.3432388305664,24.337759017944336
2022-06-29,359.6385803222656,169.49000549316406,86.84085083007812,23.92009162902832
2022-06-30,356.716796875,168.4600067138672,87.2354965209961,23.18047523498535
2022-07-01,360.4895935058594,168.32000732421875,87.962646484375,23.293594360351562
2022-07-05,361.1704406738281,164.75,88.1259765625,21.72734260559082
2022-07-06,362.39019775390625,162.13999938964844,87.53290557861328,21.4053955078125
2022-07-07,367.8177795410156,162.22999572753906,87.33523559570312,22.29293441772461
2022-07-08,367.5151672363281,162.3000030517578,87.00861358642578,22.68449592590332
2022-07-11,363.31689453125,161.42999267578125,87.41255950927734,22.640989303588867
2022-07-12,360.1018981933594,160.8300018310547,87.53290557861328,21.614227294921875
2022-07-13,358.2107849121094,161.60000610351562,87.85091400146484,21.736045837402344
2022-07-14,357.34088134765625,159.3300018310547,87.54150390625,21.53591537475586
2022-07-15,364.1678161621094,159.00999450683594,87.88530731201172,21.81435775756836
2022-07-18,361.1609802246094,159.16000366210938,87.60165405273438,22.223323822021484
2022-07-19,370.9192810058594,159.5399932861328,87.48133087158203,22.31033706665039
2022-07-20,373.28314208984375,158.0399932861328,87.421142578125,22.29293441772461
2022-07-21,377.0843200683594,160.27000427246094,88.15174102783203,21.91877555847168
2022-07-22,373.585693359375,160.6699981689453,88.83936309814453,21.657733917236328
2022-07-25,374.0396423339844,160.22999572753906,88.51275634765625,22.049297332763672
2022-07-26,369.6143493652344,160.0399932861328,88.49556732177734,22.092802047729492
2022-07-27,379.2118835449219,161.6699981689453,88.80497741699219,22.597484588623047
2022-07-28,383.9681396484375,163.63999938964844,89.44102478027344,22.614885330200195
2022-07-29,389.56591796875,164.10000610351562,89.44960021972656,22.719303131103516
2022-08-01,388.41229248046875,165.02999877929688,89.75965118408203,22.258129119873047
2022-08-02,385.8498229980469,164.0500030517578,88.83821868896484,22.145009994506836
2022-08-03,391.8919982910156,164.4499969482422,89.23432922363281,21.953580856323242
2022-08-04,391.6272277832031,167.1699981689453,89.44962310791016,21.718643188476562
2022-08-05,390.9653015136719,165.2899932861328,88.4506607055664,21.64033317565918
2022-08-08,390.51141357421875,166.69000244140625,88.85540008544922,21.9013729095459
2022-08-09,388.9607238769531,167.1999969482422,88.65734100341797,22.0841007232666
2022-08-10,397.1304626464844,166.77999877929688,88.88124084472656,22.388648986816406
2022-08-11,397.1304626464844,166.33999633789062,88.40760040283203,22.823719024658203
2022-08-12,403.853515625,167.8699951171875,88.80375671386719,22.701900482177734
2022-08-15,405.51763916015625,165.7100067138672,88.91571044921875,22.4234561920166
2022-08-16,406.3119201660156,165.4199981689453,88.7864990234375,22.171113967895508
2022-08-17,403.427978515625,164.35000610351562,88.26118469238281,22.258129119873047
2022-08-18,404.6004943847656,163.9199981689453,88.4506607055664,22.597484588623047
2022-08-19,399.1634216308594,162.72000122070312,87.83062744140625,22.588781356811523
2022-08-22,390.8518371582031,161.63999938964844,87.45165252685547,22.78891372680664
2022-08-23,389.9062805175781,162.77000427246094,87.41724395751953,23.16307258605957
2022-08-24,391.1544189453125,163.25,87.18476104736328,23.40671157836914
2022-08-25,396.6765441894531,163.75,87.66697692871094,23.076061248779297
2022-08-26,383.24951171875,161.75999450683594,87.50341796875,23.171775817871094
2022-08-29,380.71539306640625,161.86000061035156,87.08139038085938,23.511127471923828
2022-08-30,376.535888671875,160.50999450683594,87.193359375,22.858524322509766
2022-08-31,373.67083740234375,159.27000427246094,86.72833251953125,22.379947662353516
2022-09-01,374.8433532714844,157.8699951171875,86.3520736694336,21.9013729095459
2022-09-02,370.8908996582031,159.25999450683594,86.60234069824219,22.049297332763672
2022-09-06,369.49139404296875,158.3300018310547,85.79118347167969,21.91877555847168
2022-09-07,376.12939453125,159.94000244140625,86.38662719726562,21.396692276000977
2022-09-08,378.5877990722656,158.97999572753906,86.11048889160156,21.483707427978516
2022-09-09,384.46923828125,159.82000732421875,86.10185241699219,22.092802047729492
2022-09-12,388.6014099121094,160.6300048828125,85.97238159179688,22.39735221862793
2022-09-13,371.7040710449219,158.5399932861328,85.48917388916016,22.28423309326172
2022-09-14,373.1224365234375,157.92999267578125,85.60136413574219,22.379947662353516
2022-09-15,368.88623046875,154.97999572753906,85.34247589111328,21.72734260559082
2022-09-16,366.0720520019531,155.83999633789062,85.2820816040039,21.649030685424805
2022-09-19,368.91094970703125,155.9600067138672,85.1526107788086,21.718643188476562
2022-09-20,364.6763916015625,155.07000732421875,84.7729263305664,21.69253921508789
2022-09-21,358.31500244140625,155.7899932861328,85.04046630859375,21.56201934814453
2022-09-22,355.3052062988281,155.6999969482422,84.1343994140625,21.622928619384766
2022-09-23,349.3522033691406,153.00999450683594,83.87551879882812,20.892013549804688
2022-09-26,345.8961181640625,151.22999572753906,82.79686737060547,20.404733657836914
2022-09-27,345.0130920410156,151.5399932861328,82.4430923461914,20.622272491455078
2022-09-28,351.80181884765625,154.69000244140625,83.77196502685547,21.196561813354492
2022-09-29,344.4530334472656,154.66000366210938,83.33187866210938,21.066038131713867
2022-09-30,339.1264953613281,154.6699981689453,83.13340759277344,20.80500030517578
2022-10-03,348.07989501953125,158.42999267578125,83.80880737304688,21.274873733520508
2022-10-04,358.8656311035156,160.6999969482422,84.03367614746094,21.849166870117188
2022-10-05,358.0301818847656,159.80999755859375,83.59259796142578,22.240726470947266
2022-10-06,354.3368225097656,159.6300048828125,83.26399230957031,22.379947662353516
2022-10-07,344.4530334472656,157.8800048828125,82.82293701171875,22.614885330200195
2022-10-10,341.8229064941406,155.47999572753906,82.45108032226562,22.362546920776367
2022-10-11,339.65826416015625,155.16000366210938,82.50294494628906,22.04059410095215
2022-10-12,338.5378112792969,155.99000549316406,82.57213592529297,22.04059410095215
2022-10-13,347.47222900390625,154.91000366210938,82.31271362304688,22.345142364501953
2022-10-14,339.5538024902344,152.97999572753906,81.86302185058594,21.9013729095459
2022-10-17,348.2792053222656,153.4199981689453,82.03598022460938,21.849166870117188
2022-10-18,352.37139892578125,153.75,82.17431640625,21.614227294921875
2022-10-19,349.8743591308594,151.69000244140625,81.46516418457031,21.60552406311035
2022-10-20,346.9405822753906,151.4499969482422,80.97225189208984,21.622928619384766
2022-10-21,355.3717346191406,154.14999389648438,81.09330749511719,21.649030685424805
2022-10-24,359.7202453613281,153.64999389648438,80.98092651367188,21.709941864013672
2022-10-25,365.46441650390625,154.0,81.77652740478516,21.831762313842773
2022-10-26,362.7110290527344,154.97999572753906,82.13973999023438,22.240726470947266
2022-10-27,360.77410888671875,154.74000549316406,82.55485534667969,22.27553367614746
2022-10-28,369.357177734375,153.16000366210938,82.34728240966797,22.014490127563477
2022-10-31,366.6891784667969,151.91000366210938,82.070556640625,21.857866287231445
2022-11-01,365.0845947265625,153.4600067138672,82.22311401367188,22.188518524169922
2022-11-02,355.9223937988281,152.38999938964844,82.08443450927734,22.388648986816406
2022-11-03,352.25750732421875,151.80999755859375,81.7810287475586,22.371246337890625
2022-11-04,357.3276062011719,156.47000122070312,81.77236938476562,23.128267288208008
2022-11-07,360.74560546875,155.85000610351562,81.51233673095703,22.928136825561523
2022-11-08,362.6919860839844,159.4499969482422,81.85905456542969,22.649690628051758
2022-11-09,355.2198181152344,158.64999389648438,81.95442199707031,22.127609252929688
2022-11-10,374.7405700683594,163.47999572753906,83.71397399902344,22.327739715576172
2022-11-11,378.3675231933594,164.55999755859375,83.6532974243164,22.754106521606445
2022-11-14,375.1488342285156,164.9199981689453,83.41927337646484,22.41475486755371
2022-11-15,378.3486022949219,165.5,84.03467559814453,22.675792694091797
2022-11-16,375.4621887207031,165.1199951171875,84.55475616455078,22.4234561920166
2022-11-17,374.3133239746094,163.9199981689453,84.19933319091797,22.049297332763672
2022-11-18,376.0128479003906,162.7899932861328,84.07801818847656,21.892671585083008
2022-11-21,374.6456604003906,161.8800048828125,84.0260009765625,21.81435775756836
2022-11-22,379.6872863769531,162.07000732421875,84.45945739746094,22.04059410095215
2022-11-23,382.0798645019531,163.0800018310547,84.96214294433594,21.736045837402344
2022-11-25,381.994384765625,163.22000122070312,84.97948455810547,21.544614791870117
2022-11-28,375.8988952636719,161.92999267578125,84.84081268310547,21.41409683227539
2022-11-29,375.2533264160156,162.72999572753906,84.53742218017578,21.69253921508789
2022-11-30,387.07403564453125,164.80999755859375,85.19619750976562,22.17981719970703
2022-12-01,386.7891540527344,167.83999633789062,85.90509796142578,22.066701889038086
2022-12-02,386.3429260253906,167.25999450683594,86.26129913330078,21.831762313842773
2022-12-05,379.3928527832031,164.38999938964844,85.58364868164062,21.266172409057617
2022-12-06,373.924072265625,164.83999633789062,85.83560180664062,20.92681884765625
2022-12-07,373.2879333496094,166.3300018310547,86.6001205444336,20.822402954101562
2022-12-08,376.2121887207031,166.47000122070312,86.33950805664062,20.787595748901367
2022-12-09,373.4018249511719,167.05999755859375,85.82691192626953,20.81369972229004
2022-12-12,378.7852783203125,165.67999267578125,85.84429931640625,21.039934158325195
2022-12-13,381.6526794433594,168.50999450683594,86.41767120361328,21.387990951538086
2022-12-14,379.2124938964844,168.10000610351562,86.60880279541016,21.553316116333008
2022-12-15,369.936279296875,165.35000610351562,86.73593139648438,21.29227638244629
2022-12-16,365.5687561035156,166.7899932861328,86.50957489013672,21.022531509399414
2022-12-19,362.46893310546875,166.32000732421875,85.97836303710938,20.983139038085938
2022-12-20,362.9649658203125,169.0800018310547,85.3949966430664,21.07943344116211
2022-12-21,368.3921203613281,168.8000030517578,85.63008117675781,21.350805282592773
2022-12-22,363.1365661621094,166.75999450683594,85.60400390625,21.07943344116211
2022-12-23,365.2254638671875,167.25999450683594,85.30789947509766,21.4646053314209
2022-12-27,363.7851257324219,168.6699981689453,84.68966674804688,21.65719223022461
2022-12-28,359.26409912109375,167.91000366210938,84.54164123535156,21.41208267211914
2022-12-29,365.73095703125,168.85000610351562,84.85511779785156,21.385822296142578
2022-12-30,364.76763916015625,169.63999938964844,84.4545669555664,21.578405380249023
2023-01-03,363.23199462890625,171.05999755859375,84.95089721679688,21.061925888061523
2023-01-04,366.0361633300781,172.6699981689453,85.42109680175781,20.68550682067871
2023-01-05,361.8584899902344,170.52000427246094,85.35142517089844,20.580461502075195
2023-01-06,370.15667724609375,173.7100067138672,86.28315734863281,20.69426155090332
2023-01-09,369.94683837890625,174.10000610351562,86.50086212158203,20.93937110900879
2023-01-10,372.541259765625,174.74000549316406,86.1699447631836,20.93937110900879
2023-01-11,377.2530517578125,174.6199951171875,86.70111846923828,21.3157901763916
2023-01-12,378.6264953613281,176.63999938964844,87.32807159423828,21.49086570739746
2023-01-13,380.09539794921875,178.75999450683594,87.0058822631836,21.70096206665039
2023-01-17,379.39910888671875,177.58999633789062,86.84915924072266,21.849777221679688
2023-01-18,373.4091796875,177.0800018310547,87.71118927001953,21.613422393798828
2023-01-19,370.6908264160156,179.88999938964844,87.51090240478516,21.832271575927734
2023-01-20,377.59649658203125,179.2899932861328,87.15389251708984,21.963579177856445
2023-01-23,382.1270751953125,179.6300048828125,86.93623352050781,22.016103744506836
2023-01-24,381.7169494628906,180.27999877929688,87.3193588256836,21.8935489654541
2023-01-25,381.8599853515625,181.11000061035156,87.42384338378906,21.832271575927734
2023-01-26,386.0567626953125,179.47000122070312,87.27579498291016,21.92856216430664
2023-01-27,386.94378662109375,179.22000122070312,87.14521026611328,21.683454513549805
2023-01-30,382.08892822265625,178.75999450683594,86.91009521484375,21.403329849243164
2023-01-31,387.7068176269531,179.41000366210938,87.26710510253906,21.77099609375
2023-02-01,391.827392578125,181.6699981689453,87.88248443603516,21.359560012817383
2023-02-02,397.5311584472656,177.89999389648438,87.978515625,21.201988220214844
2023-02-03,393.3058166503906,173.4600067138672,87.13179016113281,20.668001174926758
2023-02-06,390.90216064453125,173.82000732421875,86.65172576904297,20.729276657104492
2023-02-07,396.0146179199219,173.97999572753906,86.50332641601562,21.123201370239258
2023-02-08,391.68426513671875,174.41000366210938,86.6255111694336,21.16697120666504
2023-02-09,388.2886962890625,173.02999877929688,86.28511047363281,21.000648498535156
2023-02-10,389.1948547363281,173.36000061035156,85.9097671508789,21.298282623291016
2023-02-13,393.76361083984375,172.47999572753906,86.17164611816406,21.254512786865234
2023-02-14,393.5823974609375,172.61000061035156,85.8661117553711,21.32454490661621
2023-02-15,394.8605041503906,170.88999938964844,85.70026397705078,21.096940994262695
2023-02-16,389.4237365722656,170.75,85.34239196777344,21.03566551208496
2023-02-17,388.45086669921875,171.25999450683594,85.54315185546875,20.878093719482422
2023-02-21,380.658203125,170.6199951171875,84.7400894165039,20.904356002807617
2023-02-22,380.1336364746094,169.66000366210938,84.96703338623047,20.632984161376953
2023-02-23,382.1556396484375,169.57000732421875,85.27255249023438,20.79055404663086
2023-02-24,378.07330322265625,168.35000610351562,84.78373718261719,20.720523834228516
2023-02-27,379.3609619140625,169.00999450683594,84.9495849609375,20.73802947998047
2023-02-28,377.95892333984375,169.77999877929688,84.94086456298828,20.799306869506836
2023-03-01,376.50909423828125,170.75999450683594,84.454345703125,21.158218383789062
2023-03-02,379.4372863769531,170.66000366210938,84.27937316894531,21.07943344116211
2023-03-03,385.5225830078125,172.49000549316406,84.94436645507812,21.41208267211914
2023-03-06,385.78973388671875,171.6199951171875,84.73435974121094,21.307035446166992
2023-03-07,379.87603759765625,168.6199951171875,84.6206283569336,20.869340896606445
2023-03-08,380.4960632324219,168.5399932861328,84.53312683105469,20.755537033081055
2023-03-09,373.4759826660156,170.1999969482422,84.83935546875,20.50167465209961
2023-03-10,368.0868835449219,173.8699951171875,85.82809448242188,20.720523834228516
2023-03-13,367.5622863769531,177.86000061035156,86.51060485839844,20.589214324951172
2023-03-14,373.63818359375,176.8300018310547,86.00309753417969,20.326595306396484
2023-03-15,371.30126953125,178.2100067138672,86.86058044433594,19.853885650634766
2023-03-16,377.81585693359375,178.57000732421875,86.51933288574219,19.915163040161133
2023-03-17,373.3981018066406,183.77000427246094,87.06185150146484,19.853885650634766
2023-03-20,376.9885559082031,183.83999633789062,86.71185302734375,19.93267059326172
2023-03-21,381.9386291503906,180.3699951171875,86.4493408203125,20.002702713012695
2023-03-22,375.4279479980469,183.44000244140625,87.28057861328125,20.055225372314453
2023-03-23,376.4428405761719,185.74000549316406,87.49055480957031,20.002702713012695
2023-03-24,378.9131164550781,183.64999389648438,87.63932800292969,20.0989933013916
2023-03-27,379.62158203125,181.9499969482422,86.69435119628906,20.475414276123047
2023-03-28,378.7695007324219,183.44000244140625,86.56309509277344,20.571706771850586
2023-03-29,384.27484130859375,182.52999877929688,86.66810607910156,20.440397262573242
2023-03-30,386.52484130859375,184.17999267578125,86.76436614990234,20.589214324951172
2023-03-31,391.9727783203125,183.22000122070312,87.18437957763672,20.781801223754883
2023-04-03,393.4664001464844,184.5399932861328,87.56328582763672,21.123201370239258
2023-04-04,391.2834167480469,187.97999572753906,87.88786315917969,21.096940994262695
2023-04-05,390.2589111328125,187.8300018310547,88.18611145019531,21.17572784423828
2023-04-06,391.78125,186.49000549316406,88.10717010498047,21.114450454711914
2023-04-10,392.183349609375,185.11000061035156,87.50187683105469,21.114450454711914
2023-04-11,392.2886962890625,186.27999877929688,87.55450439453125,21.22825050354004
2023-04-12,390.6897888183594,187.19000244140625,87.6597900390625,21.394575119018555
2023-04-13,395.8791809082031,189.72000122070312,87.62468719482422,21.394575119018555
2023-04-14,394.9121398925781,186.36000061035156,87.19486236572266,21.42083740234375
2023-04-17,396.3292236328125,185.52999877929688,86.75626373291016,21.333297729492188
2023-04-18,396.5876770019531,186.25,86.87907409667969,21.37706756591797
2023-04-19,396.52069091796875,185.36000061035156,86.74751281738281,21.07943344116211
2023-04-20,394.3567810058594,186.08999633789062,87.14225006103516,20.895601272583008
2023-04-21,394.6631774902344,184.25,86.9931411743164,20.851831436157227
2023-04-24,395.0749206542969,184.80999755859375,87.33522033691406,21.018157958984375
2023-04-25,388.8035583496094,185.75,87.87910461425781,20.720523834228516
2023-04-26,387.1567077636719,184.74000549316406,87.55450439453125,20.405380249023438
2023-04-27,394.86431884765625,184.75,87.23870086669922,20.431644439697266
2023-04-28,398.23455810546875,184.8000030517578,87.68612670898438,20.624229431152344
2023-05-01,397.8323974609375,183.97000122070312,86.7882308959961,20.44915199279785
2023-05-02,393.361083984375,187.52000427246094,87.6324691772461,19.985193252563477
2023-05-03,390.66107177734375,189.11000061035156,88.0193862915039,19.73133087158203
2023-05-04,387.89398193359375,190.44000244140625,87.91387939453125,19.81011390686035
2023-05-05,395.0749206542969,187.4600067138672,87.6324691772461,20.25656509399414
2023-05-08,395.1802673339844,187.69000244140625,87.14878845214844,20.35285758972168
2023-05-09,393.447265625,189.02000427246094,87.06963348388672,20.414134979248047
2023-05-10,395.2856140136719,188.75,87.6324691772461,20.35285758972168
2023-05-11,394.5962219238281,187.1300048828125,87.89627838134766,20.002702713012695
2023-05-12,394.0791320800781,186.80999755859375,87.40382385253906,19.84513282775879
2023-05-15,395.4388122558594,187.2100067138672,87.1839599609375,20.07273292541504
2023-05-16,392.7961730957031,184.8699951171875,86.98171997070312,19.853885650634766
2023-05-17,397.5643615722656,184.22999572753906,86.84979248046875,20.090242385864258
2023-05-18,401.3941650390625,181.83999633789062,86.44526672363281,19.906410217285156
2023-05-19,400.8100891113281,183.63999938964844,86.25178527832031,19.88014793395996
2023-05-22,400.9728698730469,183.2100067138672,86.17266082763672,19.897655487060547
2023-05-23,396.4728088378906,183.42999267578125,86.26937866210938,19.976438522338867
2023-05-24,393.6004638671875,181.9499969482422,86.04953002929688,19.985193252563477
2023-05-25,397.0089416503906,180.1999969482422,85.7329330444336,19.67005157470703
2023-05-26,402.1504821777344,180.9199981689453,85.80330657958984,19.985193252563477
2023-05-30,402.3036804199219,182.0399932861328,86.37490844726562,19.521236419677734
2023-05-31,400.0729064941406,182.32000732421875,86.68270874023438,19.30238914489746
2023-06-01,403.8739318847656,183.75999450683594,86.94544982910156,19.617528915405273
2023-06-02,409.7144470214844,181.0500030517578,86.48695373535156,19.87139320373535
2023-06-05,408.9292907714844,182.13999938964844,86.47813415527344,19.818870544433594
2023-06-06,409.8197326660156,182.33999633789062,86.58394622802734,19.84513282775879
2023-06-07,408.4026794433594,180.14999389648438,86.1254653930664,19.923917770385742
2023-06-08,410.8728942871094,182.52999877929688,86.58394622802734,19.95893096923828
2023-06-09,411.61016845703125,182.0399932861328,86.38116455078125,19.83637809753418
2023-06-12,415.3442687988281,181.8800048828125,86.53104400634766,19.565004348754883
2023-06-13,418.0826416015625,180.5399932861328,86.1254653930664,19.82762336730957
2023-06-14,418.5804138183594,180.63999938964844,86.20482635498047,19.87139320373535
2023-06-15,423.7698669433594,181.91000366210938,86.80438995361328,20.291582107543945
2023-06-16,422.32647705078125,181.6300048828125,86.53104400634766,20.54544448852539
2023-06-20,420.1353454589844,179.75,86.68977355957031,20.36161231994629
2023-06-21,417.98260498046875,179.49000549316406,86.8308334350586,20.65924835205078
2023-06-22,419.4914855957031,177.7100067138672,86.38116455078125,20.27407455444336
2023-06-23,416.320068359375,178.1999969482422,86.63684844970703,20.055225372314453
2023-06-26,414.6191101074219,178.50999450683594,86.74263763427734,20.081485748291016
2023-06-27,419.1647033691406,177.69000244140625,86.57514953613281,19.757593154907227
2023-06-28,419.3761291503906,177.27999877929688,86.8308334350586,19.69631576538086
2023-06-29,421.0290832519531,177.08999633789062,86.16072845458984,19.705068588256836
2023-06-30,425.9974365234375,178.27000427246094,86.36354064941406,19.87139320373535
2023-07-03,426.4876403808594,178.47000122070312,86.2618637084961,19.87139320373535
2023-07-05,425.85333251953125,177.83999633789062,85.87287902832031,19.993946075439453
2023-07-06,422.51861572265625,177.30999755859375,85.31595611572266,19.950178146362305
2023-07-07,421.45184326171875,178.63999938964844,85.33365631103516,20.11650276184082
2023-07-10,422.51861572265625,178.77999877929688,85.57234191894531,20.1602725982666
2023-07-11,425.20953369140625,179.4499969482422,85.75798034667969,20.39662742614746
2023-07-12,428.6306457519531,181.8800048828125,86.45634460449219,20.54544448852539
2023-07-13,432.0326232910156,182.00999450683594,86.99559020996094,20.834321975708008
2023-07-14,431.7635803222656,181.42999267578125,86.58009338378906,20.69426155090332
2023-07-17,433.26275634765625,181.55999755859375,86.67735290527344,20.527936935424805
2023-07-18,436.4821472167969,183.63999938964844,86.74806213378906,20.799306869506836
2023-07-19,437.4527893066406,183.6699981689453,87.01329040527344,20.913108825683594
2023-07-20,434.55047607421875,182.74000549316406,86.56243133544922,20.97438621520996
2023-07-21,434.55047607421875,182.17999267578125,86.62432098388672,21.088186264038086
2023-07-24,436.49176025390625,181.39999389648438,86.46517944335938,21.4646053314209
2023-07-25,437.68341064453125,182.41000366210938,86.36793518066406,21.543392181396484
2023-07-26,437.7507019042969,183.3000030517578,86.65082550048828,21.43834686279297
2023-07-27,434.8483581542969,180.4199981689453,85.90827178955078,21.385822296142578
2023-07-28,439.1057434082031,181.86000061035156,86.24418640136719,21.517127990722656
2023-07-31,439.94183349609375,182.35000610351562,86.35025787353516,21.60466957092285
2023-08-01,438.682861328125,180.4600067138672,85.77851867675781,21.49086570739746
2023-08-02,432.5804443359375,179.60000610351562,85.57465362548828,21.16697120666504
2023-08-03,431.3406982421875,179.5399932861328,84.99846649169922,21.36831283569336
2023-08-04,429.389892578125,180.19000244140625,85.69876861572266,21.403329849243164
2023-08-07,433.1377868652344,179.77999877929688,85.71648406982422,21.41208267211914
2023-08-08,431.254150390625,178.63999938964844,85.92033386230469,21.385822296142578
2023-08-09,428.3712463378906,177.7899932861328,85.98240661621094,21.534637451171875
2023-08-10,428.52496337890625,177.60000610351562,85.42395782470703,21.42083740234375
2023-08-11,428.27508544921875,177.60000610351562,85.15803527832031,21.385822296142578
2023-08-14,430.63916015625,177.05999755859375,85.09600830078125,21.280773162841797
2023-08-15,425.62274169921875,176.58999633789062,84.8655014038086,21.02691078186035
2023-08-16,422.4993896484375,175.57000732421875,84.6616439819336,20.93937110900879
2023-08-17,419.2800598144531,175.3000030517578,84.572998046875,20.99189567565918
2023-08-18,419.4818115234375,175.3300018310547,84.75914764404297,21.140710830688477
2023-08-21,422.2110595703125,175.80999755859375,84.33366394042969,21.088186264038086
2023-08-22,421.0675048828125,176.10000610351562,84.42230224609375,21.096940994262695
2023-08-23,425.7572021484375,177.88999938964844,85.22894287109375,21.140710830688477
2023-08-24,419.85662841796875,177.85000610351562,85.0339584350586,21.158218383789062
2023-08-25,422.81658935546875,177.6199951171875,84.98076629638672,21.36831283569336
2023-08-28,425.49774169921875,178.1300048828125,85.1668930053711,21.333297729492188
2023-08-29,431.64825439453125,179.8699951171875,85.71648406982422,21.41208267211914
2023-08-30,433.4261474609375,180.32000732421875,85.6810073852539,21.43834686279297
2023-08-31,432.7918395996094,180.02000427246094,85.80512237548828,21.525882720947266
2023-09-01,433.5991516113281,180.11000061035156,85.36072540283203,21.779747009277344
2023-09-05,431.7250671386719,178.63999938964844,84.8985366821289,21.88479232788086
2023-09-06,428.8228454589844,177.8300018310547,84.81855773925781,21.93731689453125
2023-09-07,427.50628662109375,178.02000427246094,85.08517456054688,21.8935489654541
2023-09-08,428.1501770019531,178.0800018310547,85.129638671875,21.93731689453125
2023-09-11,430.9659729003906,178.41000366210938,85.03185272216797,22.06862449645996
2023-09-12,428.6018371582031,177.49000549316406,85.05852508544922,22.147411346435547
2023-09-13,429.1015319824219,177.0800018310547,85.18294525146484,22.21744155883789
2023-09-14,432.8014221191406,177.1699981689453,85.06742095947266,22.401275634765625
2023-09-15,427.58697509765625,178.33999633789062,84.87188720703125,22.348752975463867
2023-09-18,427.8376770019531,179.38999938964844,84.99628448486328,22.339996337890625
2023-09-19,426.950439453125,179.22000122070312,84.74744415283203,22.357505798339844
2023-09-20,423.0252685546875,179.35000610351562,84.7030029296875,22.173673629760742
2023-09-21,416.03338623046875,178.0500030517578,84.12528991699219,22.1036434173584
2023-09-22,415.0979309082031,178.6199951171875,84.4808120727539,22.121150970458984
2023-09-25,416.8434753417969,177.6999969482422,83.81420135498047,22.016103744506836
2023-09-26,410.71954345703125,176.27999877929688,83.70753479003906,21.98984146118164
2023-09-27,410.8834533691406,174.10000610351562,83.41423797607422,22.112396240234375
2023-09-28,413.2655029296875,173.22999572753906,83.6631088256836,22.08613395690918
2023-09-29,412.2625427246094,171.4499969482422,83.58309173583984,21.849777221679688
2023-10-02,412.0986022949219,169.64999389648438,83.0011215209961,21.683454513549805
2023-10-03,406.582275390625,169.16000366210938,82.35053253173828,21.587160110473633
2023-10-04,409.54296875,169.13999938964844,82.92982482910156,20.983139038085938
2023-10-05,409.3886413574219,168.8300018310547,82.9832992553711,20.860584259033203
2023-10-06,414.24932861328125,169.6999969482422,82.66246795654297,20.93937110900879
2023-10-09,416.9013671875,172.82000732421875,83.51805114746094,21.37706756591797
2023-10-10,419.0712890625,172.52999877929688,83.43785858154297,21.32454490661621
2023-10-11,420.78790283203125,173.7899932861328,83.82106018066406,21.201988220214844
2023-10-12,418.22259521484375,173.25999450683594,83.09915924072266,21.193233489990234
2023-10-13,416.139404296875,178.8300018310547,83.45567321777344,21.75348663330078
2023-10-16,420.517822265625,177.9600067138672,82.99221801757812,21.683454513549805
2023-10-17,420.4985046386719,178.2899932861328,82.39508056640625,21.744731903076172
2023-10-18,414.89532470703125,180.8699951171875,82.01184844970703,21.93731689453125
2023-10-19,411.2499694824219,183.08999633789062,81.69992065429688,22.164920806884766
2023-10-20,406.1965026855469,183.58999633789062,81.99404907226562,21.998594284057617
2023-10-23,405.49249267578125,182.97000122070312,82.31488037109375,21.858530044555664
2023-10-24,408.5495910644531,182.9499969482422,82.60897827148438,21.622177124023438
2023-10-25,402.68603515625,183.72000122070312,81.99404907226562,21.779747009277344
2023-10-26,397.8639831542969,184.00999450683594,82.54660034179688,21.595914840698242
2023-10-27,396.0606689453125,186.14999389648438,82.51983642578125,21.88479232788086
2023-10-30,400.7958679199219,185.10000610351562,82.32379913330078,21.534637451171875
2023-10-31,403.3129577636719,184.08999633789062,82.27032470703125,21.455852508544922
2023-11-01,407.6142272949219,183.50999450683594,83.1794204711914,21.49086570739746
2023-11-02,415.42584228515625,184.1199951171875,83.68002319335938,21.718469619750977
2023-11-03,419.2159423828125,184.7899932861328,84.1895523071289,21.60466957092285
2023-11-06,420.18035888671875,183.35000610351562,83.7694320678711,21.692209243774414
2023-11-07,421.3761291503906,182.58999633789062,84.21639251708984,21.22825050354004
2023-11-08,421.6847229003906,180.77000427246094,84.50242614746094,20.99189567565918
2023-11-09,418.3961486816406,181.49000549316406,83.79624938964844,20.93937110900879
2023-11-10,424.9251708984375,179.50999450683594,83.99290466308594,21.044418334960938
2023-11-13,424.5201110839844,180.50999450683594,83.98397064208984,21.350805282592773
2023-11-14,432.7561340332031,182.1199951171875,85.03878021240234,21.3157901763916
2023-11-15,433.67230224609375,181.63999938964844,84.5113754272461,21.17572784423828
2023-11-16,434.2027587890625,183.69000244140625,84.9761962890625,20.668001174926758
2023-11-17,434.7428283691406,183.6699981689453,85.14607238769531,20.965633392333984
2023-11-20,438.08929443359375,183.3699951171875,85.2801513671875,21.22825050354004
2023-11-21,437.13446044921875,185.35000610351562,85.36955261230469,21.350805282592773
2023-11-22,438.82220458984375,184.55999755859375,85.44998931884766,21.16697120666504
2023-11-24,439.09222412109375,185.52000427246094,85.05668640136719,21.02691078186035
2023-11-27,438.3014831542969,186.77000427246094,85.53941345214844,20.88684844970703
2023-11-28,438.7353820800781,189.25999450683594,85.91483306884766,21.140710830688477
2023-11-29,438.4267883300781,189.5399932861328,86.33497619628906,21.289527893066406
2023-11-30,440.15313720703125,188.75,86.0489273071289,20.930618286132812
2023-12-01,442.7569885253906,192.00999450683594,86.8055419921875,20.834321975708008
2023-12-04,440.4327392578125,187.86000061035156,86.4738540649414,20.69426155090332
2023-12-05,440.3459777832031,187.14999389648438,87.0475845336914,20.51042938232422
2023-12-06,438.5715026855469,187.83999633789062,87.27169036865234,20.011455535888672
2023-12-07,441.9179382324219,188.14999389648438,87.2986068725586,20.046470642089844
2023-12-08,443.8178405761719,185.63999938964844,86.85934448242188,20.134010314941406
2023-12-11,445.5440979003906,183.58999633789062,86.8683090209961,20.063980102539062
2023-12-12,447.5789794921875,183.49000549316406,87.1282958984375,19.757593154907227
2023-12-13,453.7511291503906,187.6300048828125,88.22197723388672,19.985193252563477
2023-12-14,455.2074279785156,188.72999572753906,88.93401336669922,20.317842483520508
2023-12-15,454.4579162597656,187.0,88.72726440429688,20.35285758972168
2023-12-18,457.0142822265625,187.85000610351562,88.54743194580078,20.498884201049805
2023-12-19,459.7933044433594,189.1300048828125,88.65533447265625,20.655014038085938
2023-12-20,453.4218444824219,188.10000610351562,88.97896575927734,20.416229248046875
2023-12-21,457.7211608886719,189.42999267578125,88.96996307373047,20.452964782714844
2023-12-22,458.64105224609375,190.27000427246094,88.85309600830078,20.416229248046875
2023-12-26,460.57763671875,191.72000122070312,89.03289794921875,20.61827850341797
2023-12-27,461.4104309082031,192.58999633789062,89.5993423461914,20.526437759399414
2023-12-28,461.58465576171875,191.47000122070312,89.4015121459961,20.351940155029297
2023-12-29,460.2484436035156,191.1699981689453,89.23070526123047,20.241731643676758
2024-01-02,457.6726989746094,190.72000122070312,88.80815887451172,20.076417922973633
2024-01-03,453.93499755859375,189.1300048828125,88.85309600830078,20.33357048034668
2024-01-04,452.4728698730469,189.32000732421875,88.49349212646484,20.223363876342773
2024-01-05,453.09259033203125,189.35000610351562,88.28673553466797,20.324386596679688
2024-01-08,459.5609436035156,187.8699951171875,88.61934661865234,20.03049659729004
2024-01-09,458.86370849609375,187.92999267578125,88.60138702392578,20.177440643310547
2024-01-10,461.4588317871094,187.5,88.43054962158203,20.03968048095703
2024-01-11,461.2554931640625,187.8699951171875,88.93401336669922,20.18662452697754
2024-01-12,461.5749816894531,189.7100067138672,89.09586334228516,20.260099411010742
2024-01-16,459.8805236816406,187.91000366210938,88.43054962158203,20.085601806640625
2024-01-17,457.3241882324219,185.83999633789062,88.18779754638672,20.058048248291016
2024-01-18,461.3910217285156,187.3699951171875,88.10689544677734,20.18662452697754
2024-01-19,467.1427917480469,187.92999267578125,88.1248779296875,20.149890899658203
2024-01-22,468.1305236816406,187.22000122070312,88.28673553466797,20.232547760009766
2024-01-23,469.49578857421875,187.9499969482422,88.0709457397461,20.342754364013672
2024-01-24,470.0090026855469,186.39999389648438,87.8731460571289,20.517253875732422
2024-01-25,472.56536865234375,187.13999938964844,88.26872253417969,20.673383712768555
2024-01-26,471.96502685546875,187.00999450683594,88.16983032226562,20.76522445678711
2024-01-29,475.7026672363281,188.3300018310547,88.52045440673828,20.59072494506836
2024-01-30,475.3346862792969,188.58999633789062,88.69129180908203,20.728487014770508
2024-01-31,467.5785217285156,188.4499969482422,89.09586334228516,20.50806999206543
2024-02-01,473.6983337402344,190.41000366210938,89.6035385131836,20.260099411010742
2024-02-02,478.6850891113281,188.61000061035156,88.782958984375,20.03049659729004
2024-02-05,476.9421081542969,187.57000732421875,88.05257415771484,20.1131534576416
2024-02-06,478.32684326171875,188.5500030517578,88.51243591308594,20.18662452697754
2024-02-07,482.3162841796875,188.5,88.33210754394531,20.278467178344727
2024-02-08,482.529296875,188.3300018310547,88.06159210205078,20.3886775970459
2024-02-09,485.3180236816406,187.60000610351562,88.0345458984375,20.44378089904785
2024-02-12,485.10498046875,187.11000061035156,88.05257415771484,20.452964782714844
2024-02-13,478.42364501953125,184.52999877929688,87.24100494384766,20.33357048034668
2024-02-14,482.7713928222656,184.4199981689453,87.62875366210938,20.14070701599121
2024-02-15,486.1023254394531,185.66000366210938,87.83616638183594,20.18662452697754
2024-02-16,483.6816101074219,186.33999633789062,87.556640625,20.232547760009766
2024-02-20,481.0187072753906,187.47000122070312,87.63777923583984,20.122337341308594
2024-02-21,481.4544982910156,187.47999572753906,87.37629699707031,20.204994201660156
2024-02-22,491.4184265136719,187.55999755859375,87.44842529296875,20.260099411010742
2024-02-23,491.75726318359375,188.6199951171875,87.77302551269531,19.966209411621094
2024-02-26,489.956298828125,188.1999969482422,87.58367919921875,20.149890899658203
2024-02-27,490.86639404296875,188.0,87.4664306640625,20.306018829345703
2024-02-28,490.2176818847656,188.33999633789062,87.63777923583984,20.223363876342773
2024-02-29,491.9800109863281,189.30999755859375,87.78204345703125,20.195810317993164
2024-03-01,496.5989074707031,192.88999938964844,88.20347595214844,20.29683494567871
2024-03-04,496.0663146972656,196.00999450683594,87.98643493652344,20.36112403869629
2024-03-05,491.1085205078125,197.19000244140625,88.46575164794922,20.204994201660156
2024-03-06,493.5970764160156,198.80999755859375,88.60140991210938,20.37030792236328
2024-03-07,498.49676513671875,199.94000244140625,88.79132843017578,20.425413131713867
2024-03-08,495.5046691894531,201.6300048828125,88.8727035522461,20.36112403869629
2024-03-11,495.07861328125,202.0,88.77323913574219,20.53562355041504
2024-03-12,500.40435791015625,199.7899932861328,88.54716491699219,20.48051643371582
2024-03-13,499.6199035644531,201.19000244140625,88.38436889648438,20.76522445678711
2024-03-14,498.6323547363281,200.35000610351562,87.82366180419922,20.829513549804688
2024-03-15,495.20843505859375,199.7100067138672,87.81462097167969,20.902984619140625
2024-03-18,498.1514892578125,200.02999877929688,87.7241439819336,21.095849990844727
2024-03-19,500.9198303222656,199.8000030517578,87.94123840332031,21.086666107177734
2024-03-20,505.552978515625,202.17999267578125,88.1220932006836,21.03156089782715
2024-03-21,507.2236328125,201.97000122070312,88.18540954589844,21.004011154174805
2024-03-22,506.26202392578125,200.35000610351562,88.46575164794922,20.857065200805664
2024-03-25,504.86334228515625,200.99000549316406,88.30297088623047,21.03156089782715
2024-03-26,503.9308166503906,201.63999938964844,88.39341735839844,20.866249084472656
2024-03-27,508.1658020019531,203.10000610351562,88.68280792236328,20.847881317138672
2024-03-28,508.0687255859375,205.72000122070312,88.57427215576172,21.095849990844727
2024-04-01,507.1847229003906,207.82000732421875,87.9302749633789,21.196874618530273
2024-04-02,503.9601135253906,210.88999938964844,87.86676788330078,21.38974380493164
2024-04-03,504.5136413574219,212.74000549316406,87.92120361328125,21.646896362304688
2024-04-04,498.3555603027344,211.52000427246094,88.12985229492188,21.70199966430664
2024-04-05,503.561767578125,215.13999938964844,87.69442749023438,21.812210083007812
2024-04-08,503.8434143066406,216.47999572753906,87.61279296875,21.80302619934082
2024-04-09,504.42620849609375,217.6699981689453,87.91213989257812,21.68363380432129
2024-04-10,499.3753662109375,215.61000061035156,86.85994720458984,21.793840408325195
2024-04-11,503.1441345214844,219.8000030517578,86.8780746459961,21.757104873657227
2024-04-12,496.1991882324219,216.88999938964844,87.04134368896484,21.784656524658203
2024-04-15,489.9827575683594,220.9499969482422,86.51526641845703,21.812210083007812
2024-04-16,489.089111328125,221.22000122070312,86.27033996582031,21.77547264099121
2024-04-17,486.1945495605469,219.58999633789062,86.66947174072266,21.4356632232666
2024-04-18,485.1941223144531,220.33999633789062,86.42454528808594,21.42647933959961
2024-04-19,480.95916748046875,221.02999877929688,86.51526641845703,21.527503967285156
2024-04-22,485.3883972167969,215.57000732421875,86.5696792602539,21.527503967285156
2024-04-23,491.1483154296875,215.0399932861328,86.75109100341797,21.61934471130371
2024-04-24,490.91522216796875,214.63999938964844,86.52433013916016,21.591793060302734
2024-04-25,489.05023193359375,215.9199981689453,86.27943420410156,21.711185455322266
2024-04-26,493.68341064453125,216.6199951171875,86.46990203857422,21.72955322265625
2024-04-29,495.431884765625,216.17999267578125,86.73294830322266,21.711185455322266
2024-04-30,487.58355712890625,211.8699951171875,86.37918853759766,21.4356632232666
2024-05-01,486.0002746582031,213.7899932861328,86.68401336669922,21.123403549194336
2024-05-02,490.54608154296875,213.1300048828125,87.07526397705078,21.196874618530273
2024-05-03,496.6265869140625,212.9600067138672,87.52110290527344,21.224428176879883
2024-05-06,501.7551574707031,215.1999969482422,87.58479309082031,21.463214874267578
2024-05-07,502.30877685546875,214.2100067138672,87.76676940917969,21.444847106933594
2024-05-08,502.3573303222656,213.5800018310547,87.58479309082031,21.334636688232422
2024-05-09,505.2518615722656,216.9499969482422,87.7485580444336,21.417293548583984
2024-05-10,505.9027404785156,218.7100067138672,87.56659698486328,21.380558013916016
2024-05-13,505.97064208984375,216.25999450683594,87.6120834350586,21.518320083618164
2024-05-14,508.2921142578125,218.08999633789062,87.84864807128906,21.42647933959961
2024-05-15,514.5863037109375,220.88999938964844,88.43097686767578,21.499950408935547
2024-05-16,513.527587890625,220.02999877929688,88.33087921142578,21.555055618286133
2024-05-17,514.2656860351562,223.66000366210938,88.04879760742188,21.77547264099121
2024-05-20,514.858154296875,224.55999755859375,87.96693420410156,21.968339920043945
2024-05-21,516.1210327148438,224.22999572753906,88.13072204589844,21.87649917602539
2024-05-22,514.6348876953125,220.11000061035156,88.02152252197266,21.564239501953125
2024-05-23,510.8758239746094,215.72000122070312,87.77586364746094,21.454030990600586
2024-05-24,514.2560424804688,215.9199981689453,87.87593841552734,21.600975036621094
2024-05-28,514.6154174804688,218.19000244140625,87.46649932861328,21.98670768737793
2024-05-29,511.0118408203125,216.16000366210938,87.12985229492188,21.757104873657227
2024-05-30,507.6219177246094,216.57000732421875,87.53931427001953,21.472396850585938
2024-05-31,512.245361328125,215.3000030517578,87.82136535644531,21.371374130249023
2024-06-03,512.6629638671875,217.22000122070312,88.35257720947266,21.06829833984375
2024-06-04,513.2361450195312,215.27000427246094,88.67203521728516,20.857065200805664
2024-06-05,519.3360595703125,217.82000732421875,88.94583129882812,20.930538177490234
2024-06-06,519.3262329101562,219.42999267578125,88.97322845458984,21.2060604095459
2024-06-07,518.6949462890625,211.60000610351562,88.18827819824219,20.902984619140625
2024-06-10,520.297607421875,213.5399932861328,88.11524200439453,21.2060604095459
2024-06-11,521.5505981445312,214.14999389648438,88.41645812988281,21.17850685119629
2024-06-12,525.8341064453125,214.72000122070312,88.8363037109375,21.25197982788086
2024-06-13,526.8928833007812,212.97000122070312,89.2835693359375,21.270349502563477
2024-06-14,527.2134399414062,215.72999572753906,89.37483215332031,21.18769073486328
2024-06-17,531.4095458984375,214.61000061035156,89.05537414550781,21.261165618896484
2024-06-18,532.7595825195312,215.47000122070312,89.37483215332031,21.4356632232666
2024-06-20,531.3123779296875,218.16000366210938,89.21966552734375,21.481582641601562
2024-06-21,530.60009765625,214.77999877929688,89.22879028320312,21.307085037231445
2024-06-24,528.8754272460938,215.6300048828125,89.30180358886719,21.481582641601562
2024-06-25,530.9119262695312,214.55999755859375,89.2927017211914,21.27953338623047
2024-06-26,531.5745239257812,212.5800018310547,88.89106750488281,21.316267013549805
2024-06-27,532.41259765625,214.99000549316406,89.03712463378906,21.42647933959961
2024-06-28,530.3175048828125,215.00999450683594,88.59901428222656,21.334636688232422
2024-07-01,531.4089965820312,215.57000732421875,88.12384033203125,21.61016082763672
2024-07-02,534.9851684570312,215.55999755859375,88.41680145263672,21.637710571289062
2024-07-03,537.37255859375,217.99000549316406,88.89290618896484,21.757104873657227
2024-07-05,540.4713745117188,220.92999267578125,89.3415298461914,21.839763641357422
2024-07-08,541.094970703125,218.19000244140625,89.36901092529297,21.54587173461914
2024-07-09,541.6212158203125,218.55999755859375,89.28660583496094,21.39892578125
2024-07-10,546.9806518554688,219.36000061035156,89.37816619873047,21.39892578125
2024-07-11,542.2642211914062,223.25,89.83592987060547,21.472396850585938
2024-07-12,545.6845703125,223.11000061035156,90.08316802978516,21.38974380493164
2024-07-15,547.1853637695312,223.8300018310547,89.77185821533203,21.233613967895508
2024-07-16,550.4302368164062,228.2899932861328,90.13809204101562,21.17850685119629
2024-07-17,542.712646484375,227.22999572753906,90.20217895507812,21.17850685119629
2024-07-18,538.5419311523438,225.77999877929688,89.9549560546875,21.022377014160156
2024-07-19,534.9656982421875,221.72999572753906,89.77185821533203,20.7376708984375
2024-07-22,540.4810791015625,221.8000030517578,89.73523712158203,20.792776107788086
2024-07-23,539.6333618164062,222.5800018310547,89.7260971069336,20.599910736083984
2024-07-24,527.4039306640625,221.8000030517578,89.45140075683594,20.59072494506836
2024-07-25,524.6558227539062,218.3300018310547,89.6986083984375,20.636646270751953
2024-07-26,530.5318603515625,220.6300048828125,90.01904296875,20.425413131713867
2024-07-29,530.84375,220.32000732421875,90.16555786132812,20.33357048034668
2024-07-30,528.1541137695312,222.52000427246094,90.25711059570312,20.269283294677734
2024-07-31,536.7391357421875,226.5500030517578,90.74234771728516,20.7376708984375
2024-08-01,529.1385498046875,225.77000427246094,91.1225814819336,20.489700317382812
2024-08-02,519.28662109375,225.33999633789062,92.1419677734375,20.1131534576416
2024-08-05,504.16314697265625,222.47999572753906,92.06853485107422,20.076417922973633
2024-08-06,508.8114013671875,220.6999969482422,91.51750946044922,19.911104202270508
2024-08-07,505.4103698730469,220.5500030517578,91.24197387695312,20.094785690307617
2024-08-08,517.09423828125,224.00999450683594,91.1042251586914,20.278467178344727
2024-08-09,519.3743286132812,224.55999755859375,91.4256362915039,20.397859573364258
2024-08-12,519.6472778320312,228.41000366210938,91.58177185058594,20.682567596435547
2024-08-13,528.1932373046875,228.05999755859375,91.94913482666016,20.489700317382812
2024-08-14,529.8594970703125,226.1999969482422,92.11443328857422,20.36112403869629
2024-08-15,538.9413452148438,226.91000366210938,91.72870635986328,20.526437759399414
2024-08-16,540.1497192382812,231.99000549316406,91.94913482666016,20.397859573364258
2024-08-19,545.3143310546875,231.61000061035156,92.05015563964844,20.28765296936035
2024-08-20,544.4276733398438,232.4600067138672,92.3256607055664,20.204994201660156
2024-08-21,546.2985229492188,232.14999389648438,92.50016784667969,20.10396957397461
2024-08-22,542.0108642578125,229.3699951171875,92.12358856201172,20.085601806640625
2024-08-23,547.7698974609375,232.02000427246094,92.54608154296875,20.44378089904785
2024-08-26,546.4642333984375,232.75999450683594,92.46343994140625,20.655014038085938
2024-08-27,547.2146606445312,233.38999938964844,92.49097442626953,20.55398941040039
2024-08-28,544.037841796875,231.75,92.40831756591797,20.306018829345703
2024-08-29,544.0865478515625,232.9499969482422,92.2889404296875,20.53562355041504
2024-08-30,549.2803344726562,231.2899932861328,92.06853485107422,20.306018829345703
2024-09-03,537.9767456054688,230.2899932861328,92.45729064941406,19.901918411254883
2024-09-04,536.8755493164062,230.42999267578125,92.86264038085938,19.754974365234375
2024-09-05,535.5698852539062,232.35000610351562,93.10215759277344,19.800893783569336
2024-09-06,526.5560913085938,230.6300048828125,93.221923828125,19.534557342529297
2024-09-09,532.4514770507812,231.60000610351562,93.36009216308594,19.58966064453125
2024-09-10,534.770751953125,232.6199951171875,93.64572143554688,19.304954528808594
2024-09-11,540.2569580078125,232.25,93.61807250976562,19.479450225830078
2024-09-12,544.8076782226562,236.3300018310547,93.53514099121094,19.856000900268555
2024-09-13,547.6531372070312,238.67999267578125,93.72862243652344,19.89273452758789
2024-09-16,548.4618530273438,238.66000366210938,93.94972229003906,20.03968048095703
2024-09-17,548.6859741210938,237.33999633789062,93.85761260986328,20.177440643310547
2024-09-18,547.0587158203125,235.50999450683594,93.56278991699219,20.048864364624023
2024-09-19,556.3939208984375,239.1699981689453,93.57201385498047,20.40704345703125
2024-09-20,555.43212890625,242.2100067138672,93.4891128540039,20.40704345703125
2024-09-23,556.820068359375,242.67999267578125,93.4522476196289,20.416229248046875
2024-09-24,558.4132080078125,246.07000732421875,93.5811996459961,20.756040573120117
2024-09-25,557.1817016601562,245.72999572753906,93.221923828125,20.58154296875
2024-09-26,559.3907470703125,246.97999572753906,93.24036407470703,20.397859573364258
2024-09-27,558.5794067382812,245.02000427246094,93.50750732421875,20.498884201049805
2024-09-30,560.8178100585938,243.05999755859375,93.29564666748047,20.452964782714844
2024-10-01,555.7937622070312,245.61000061035156,93.5423355102539,20.81114387512207
2024-10-02,556.0283813476562,245.66000366210938,93.3482894897461,20.98564338684082
2024-10-03,555.0117797851562,245.49000549316406,92.96944427490234,21.28871726989746
2024-10-04,560.0553588867188,245.0,92.36881256103516,21.343820571899414
2024-10-07,554.9921875,244.1699981689453,92.05462646484375,21.637710571289062
2024-10-08,560.2411499023438,242.3699951171875,92.21171569824219,21.132587432861328
2024-10-09,564.1216430664062,241.0500030517578,91.97145080566406,20.94890594482422
2024-10-10,563.1343994140625,242.82000732421875,91.916015625,21.36219024658203
2024-10-11,566.5064697265625,245.47000122070312,91.9437255859375,21.380558013916016
2024-10-14,571.1396484375,245.07000732421875,91.86058807373047,21.049930572509766
2024-10-15,566.7020263671875,245.9199981689453,92.23018646240234,20.645830154418945
2024-10-16,569.1652221679688,247.14999389648438,92.35031127929688,20.59072494506836
2024-10-17,569.2139892578125,248.6300048828125,91.89750671386719,20.61827850341797
2024-10-18,571.403564453125,251.27000427246094,91.96221160888672,20.50806999206543
2024-10-21,570.4652099609375,251.22000122070312,91.3246078491211,20.572359085083008
2024-10-22,570.1621704101562,253.92999267578125,91.34308624267578,20.930538177490234
2024-10-23,564.952392578125,250.8699951171875,91.11206817626953,20.81114387512207
2024-10-24,566.1741333007812,252.8000030517578,91.28765106201172,20.801959991455078
2024-10-25,565.9786376953125,253.32000732421875,91.10282135009766,20.94890594482422
2024-10-28,567.7283935546875,253.3300018310547,90.95500946044922,20.3886775970459
2024-10-29,568.6470947265625,256.0899963378906,91.05663299560547,20.351940155029297
2024-10-30,566.9268798828125,257.5,90.96424102783203,20.609094619750977
2024-10-31,555.8133544921875,253.50999450683594,90.94574737548828,20.746854782104492
2024-11-01,558.1591186523438,252.47000122070312,90.58423614501953,20.526437759399414
2024-11-04,556.9569091796875,252.8300018310547,90.96428680419922,20.87543296813965
2024-11-05,563.6914672851562,253.39999389648438,91.17748260498047,21.004011154174805
2024-11-06,577.7080078125,245.6999969482422,90.46372985839844,20.7744083404541
2024-11-07,582.1749267578125,249.64999389648438,91.1496810913086,20.98564338684082
2024-11-08,584.6966552734375,247.9600067138672,91.30728149414062,20.664199829101562
2024-11-11,585.25390625,242.13999938964844,91.10332489013672,20.33357048034668
2024-11-12,583.435791015625,240.0500030517578,90.57495880126953,20.223363876342773
2024-11-13,583.71923828125,237.6300048828125,90.55642700195312,20.159074783325195
2024-11-14,579.9659423828125,237.00999450683594,90.51934051513672,20.14070701599121
2024-11-15,572.537353515625,236.58999633789062,90.52862548828125,20.03968048095703
2024-11-18,574.8831787109375,241.08999633789062,90.61204528808594,20.498884201049805
2024-11-19,576.9846801757812,243.25,90.74181365966797,20.563173294067383
2024-11-20,577.1801147460938,244.6199951171875,90.64912414550781,20.55398941040039
2024-11-21,580.2786254882812,246.66000366210938,90.60274505615234,20.700937271118164
2024-11-22,582.0772094726562,249.83999633789062,90.66764831542969,20.719303131103516
2024-11-25,584.0516357421875,242.47999572753906,91.48339080810547,20.425413131713867
2024-11-26,587.1012573242188,242.9499969482422,91.34435272216797,20.425413131713867
2024-11-27,585.3223876953125,243.49000549316406,91.59464263916016,20.315204620361328
2024-11-29,588.9583740234375,245.58999633789062,91.9561538696289,20.33357048034668
2024-12-02,590.01416015625,243.44000244140625,91.96730041503906,20.18662452697754
2024-12-03,590.28759765625,243.92999267578125,91.79064178466797,20.416229248046875
2024-12-04,593.9530639648438,244.6699981689453,92.08818054199219,20.306018829345703
2024-12-05,592.9757080078125,242.86000061035156,92.10678100585938,20.278467178344727
2024-12-06,594.0997924804688,242.9499969482422,92.36715698242188,20.122337341308594
2024-12-09,591.0404052734375,245.36000061035156,92.09749603271484,20.315204620361328
2024-12-10,589.20263671875,248.58999633789062,91.98589324951172,20.36112403869629
2024-12-11,593.7576904296875,250.9600067138672,91.77203369140625,20.61827850341797
2024-12-12,590.6982421875,247.27999877929688,91.40005493164062,20.53562355041504
2024-12-13,590.5809326171875,244.2899932861328,91.05601501464844,20.526437759399414
2024-12-16,593.1027221679688,244.8800048828125,91.13970947265625,20.416229248046875
2024-12-17,590.6591186523438,243.94000244140625,91.13970947265625,20.278467178344727
2024-12-18,573.055419921875,239.25999450683594,90.44561004638672,20.094785690307617
2024-12-19,572.8794555664062,239.60000610351562,90.21237182617188,20.094785690307617
2024-12-20,579.7603759765625,242.10000610351562,90.45494079589844,20.223363876342773
2024-12-23,583.2321166992188,240.9600067138672,90.17506408691406,20.238842010498047
2024-12-24,589.7146606445312,241.44000244140625,90.27767944335938,20.354934692382812
2024-12-26,589.7538452148438,243.07000732421875,90.34298706054688,20.296886444091797
2024-12-27,583.5459594726562,241.39999389648438,90.15640258789062,20.393630981445312
2024-12-30,576.8867797851562,240.6300048828125,90.51091003417969,20.57744598388672
2024-12-31,574.7879028320312,242.1300048828125,90.39897155761719,20.683862686157227
2025-01-02,573.3756713867188,245.4199981689453,90.40829467773438,20.887025833129883
2025-01-03,580.5448608398438,243.49000549316406,90.31501007080078,20.780607223510742
2025-01-06,583.88916015625,243.19000244140625,90.22171020507812,20.819305419921875
2025-01-07,577.2888793945312,244.55999755859375,89.90450286865234,20.91604995727539
2025-01-08,578.1322631835938,245.86000061035156,90.00713348388672,20.877351760864258
2025-01-10,569.3057250976562,248.2100067138672,89.50335693359375,21.438467025756836
2025-01-13,570.1882934570312,245.74000549316406,89.41940307617188,21.5932559967041
2025-01-14,570.972900390625,247.02999877929688,89.44739532470703,21.583581924438477
2025-01-15,581.3588256835938,248.8800048828125,90.22171020507812,21.931861877441406
2025-01-16,580.2408447265625,250.60000610351562,90.41761779785156,21.83511734008789
2025-01-17,586.06640625,249.27000427246094,90.41761779785156,21.738372802734375
2025-01-21,591.4309692382812,253.1300048828125,90.71614837646484,21.631956100463867
2025-01-22,594.7557373046875,254.42999267578125,90.5015869140625,21.612606048583984
2025-01-23,598.001953125,254.07000732421875,90.3523178100586,21.53521156311035
2025-01-24,596.2562255859375,255.64999389648438,90.5015869140625,21.544885635375977
2025-01-27,587.8218994140625,252.99000549316406,91.00536346435547,21.21595573425293
2025-01-28,592.8726806640625,255.17999267578125,90.97738647460938,21.235305786132812
2025-01-29,590.21484375,254.1999969482422,90.92140197753906,21.274002075195312
2025-01-30,593.3826293945312,258.04998779296875,91.0519790649414,21.293350219726562
2025-01-31,590.2246704101562,258.55999755859375,90.86541748046875,21.25465202331543
2025-02-03,586.252685546875,259.94000244140625,90.95150756835938,21.419116973876953
2025-02-04,590.185546875,262.5,91.12001037597656,21.47716522216797
2025-02-05,592.578369140625,264.1300048828125,91.60674285888672,21.34172248840332
2025-02-06,594.637939453125,263.42999267578125,91.51314544677734,21.351396560668945
2025-02-07,589.1950073242188,263.8999938964844,91.22298431396484,21.36107063293457
2025-02-10,593.1962890625,268.3699951171875,91.25105285644531,21.670652389526367
2025-02-11,593.6473388671875,267.3900146484375,91.04512786865234,21.83511734008789
2025-02-12,591.7349853515625,267.6700134277344,90.5677719116211,21.5932559967041
2025-02-13,597.9823608398438,270.30999755859375,91.11064147949219,21.699676513671875
2025-02-14,597.952880859375,266.2900085449219,91.44761657714844,21.7093505859375
2025-02-18,599.7083129882812,270.70001220703125,91.08258056640625,22.02860450744629
2025-02-19,601.12060546875,270.8500061035156,91.21359252929688,22.20274543762207
2025-02-20,598.6198120117188,270.989990234375,91.35400390625,22.231767654418945
2025-02-21,588.3809204101562,270.739990234375,91.74713134765625,21.92218589782715
2025-02-24,585.7034912109375,272.2099914550781,91.90626525878906,21.844791412353516
2025-02-25,582.790771484375,268.6199951171875,92.47723388671875,21.60293197631836
2025-02-26,583.0848999023438,269.0299987792969,92.62698364257812,21.419116973876953
2025-02-27,573.7777709960938,264.92999267578125,92.4865951538086,21.44814109802246
2025-02-28,582.7318115234375,263.2699890136719,92.89842224121094,21.283676147460938
2025-03-03,572.5223999023438,266.739990234375,93.09932708740234,21.148235321044922
2025-03-04,565.74560546875,269.05999755859375,92.8646240234375,21.21595573425293
2025-03-05,571.826171875,269.6199951171875,92.54539489746094,21.157909393310547
2025-03-06,561.6755981445312,268.25,92.45150756835938,21.051490783691406
2025-03-07,564.82373046875,268.3900146484375,92.33885192871094,21.235305786132812
2025-03-10,549.7792358398438,266.0400085449219,92.78012084960938,21.099863052368164
2025-03-11,545.2090454101562,269.1600036621094,92.45150756835938,21.21595573425293
2025-03-12,548.1022338867188,270.3299865722656,92.17923736572266,21.21595573425293
2025-03-13,540.7957153320312,275.1300048828125,92.4609146118164,21.138561248779297
2025-03-14,551.96630859375,275.239990234375,92.27310943603516,21.25465202331543
2025-03-17,556.22265625,276.7300109863281,92.39519500732422,21.399770736694336
2025-03-18,550.2108764648438,279.9599914550781,92.48906707763672,21.351396560668945
2025-03-19,556.2030639648438,281.1099853515625,92.76133728027344,21.48683738708496
2025-03-20,554.5946655273438,280.75,92.81768035888672,21.525535583496094
2025-03-21,554.777587890625,278.489990234375,92.70500946044922,21.399770736694336
2025-03-24,564.7128295898438,277.25,92.34825134277344,21.47716522216797
2025-03-25,566.0703125,278.4700012207031,92.4327392578125,21.506187438964844
2025-03-26,559.3125,278.239990234375,92.20740509033203,21.47716522216797
2025-03-27,557.8270874023438,281.9700012207031,92.16045379638672,21.53521156311035
2025-03-28,546.5934448242188,284.05999755859375,92.69561004638672,21.467491149902344
2025-03-31,550.2625732421875,288.1400146484375,92.87401580810547,21.767396926879883
2025-04-01,551.8167724609375,287.57000732421875,93.21782684326172,21.777070999145508
2025-04-02,555.308837890625,288.1600036621094,93.11421203613281,21.912511825561523
2025-04-03,527.9428100585938,286.4200134277344,93.60404205322266,21.032142639160156
2025-04-04,497.0354919433594,279.7200012207031,93.68881225585938,20.267866134643555
2025-04-07,496.1501159667969,273.7099914550781,92.50191497802734,19.948610305786133
2025-04-08,488.3790588378906,275.20001220703125,92.02153015136719,19.50358772277832
2025-04-09,539.6682739257812,285.3800048828125,92.22875213623047,20.20981788635254
2025-04-10,516.0205688476562,292.3500061035156,91.5034408569336,19.958282470703125
2025-04-11,525.227783203125,297.92999267578125,91.40924835205078,20.248516082763672
2025-04-14,530.3233032226562,296.2300109863281,91.9461669921875,20.258190155029297
2025-04-15,528.8378295898438,297.7799987792969,92.13457489013672,20.20981788635254
2025-04-16,517.0828247070312,307.4700012207031,92.42658233642578,20.46135139465332
2025-04-17,517.8206787109375,306.1199951171875,92.19109344482422,20.674190521240234
2025-04-21,505.4951477050781,315.5899963378906,91.63531494140625,20.500049591064453
2025-04-22,518.6469116210938,311.1099853515625,91.80487060546875,20.59679412841797
2025-04-23,526.6836547851562,303.6499938964844,92.03093719482422,20.44200325012207
2025-04-24,537.769775390625,308.07000732421875,92.53961181640625,20.625816345214844
2025-04-25,541.6553344726562,304.7300109863281,92.87873077392578,20.65484046936035
2025-04-28,541.8618774414062,309.07000732421875,93.133056640625,20.538747787475586
2025-04-29,545.275390625,306.05999755859375,93.35912322998047,20.277538299560547
2025-04-30,545.4916381835938,303.7699890136719,93.27433776855469,19.900236129760742
2025-05-01,549.3574829101562,297.4599914550781,93.02013397216797,19.996980667114258
2025-05-02,557.5123291015625,297.9800109863281,92.5665054321289,20.08405113220215
2025-05-05,554.3153076171875,306.8800048828125,92.4058609008789,19.967958450317383
2025-05-06,549.6821899414062,315.4800109863281,92.63265228271484,20.267866134643555
2025-05-07,551.993896484375,310.75,92.7744369506836,20.01633071899414
2025-05-08,555.8399658203125,304.6300048828125,92.2924575805664,20.277538299560547
2025-05-09,555.1317749023438,306.8399963378906,92.386962890625,20.432329177856445
2025-05-12,573.4774169921875,298.19000244140625,92.07510375976562,20.567771911621094
2025-05-13,577.2647094726562,299.4599914550781,91.98060607910156,20.887025833129883
2025-05-14,578.0023803710938,293.1600036621094,91.71597290039062,20.780607223510742
2025-05-15,580.8256225585938,297.8399963378906,92.23574829101562,20.57744598388672
2025-05-16,584.5045776367188,294.239990234375,92.2924575805664,20.500049591064453
2025-05-19,585.1438598632812,298.0299987792969,92.26409912109375,20.471027374267578
2025-05-20,583.176513671875,303.5799865722656,92.10344696044922,20.732234954833984
2025-05-21,573.3495483398438,305.82000732421875,91.49862670898438,20.70321273803711
2025-05-22,573.575927734375,303.1099853515625,91.76323699951172,20.59679412841797
2025-05-23,569.6607055664062,309.75,91.8955307006836,20.712886810302734
2025-05-27,581.50439453125,304.5,92.31135559082031,20.529071807861328
2025-05-28,578.14013671875,303.80999755859375,92.14125061035156,20.46135139465332
2025-05-29,580.4222412109375,305.6099853515625,92.48146057128906,20.354934692382812
2025-05-30,579.7730712890625,303.6000061035156,92.70826721191406,20.20014190673828
2025-06-02,583.0388793945312,311.6700134277344,92.46459197998047,20.625816345214844
2025-06-03,586.36376953125,308.9100036621094,92.3982162475586,20.76125717163086
2025-06-04,586.2063598632812,310.8999938964844,92.94815826416016,20.683862686157227
2025-06-05,583.373291015625,309.3299865722656,92.71110534667969,20.780607223510742
2025-06-06,589.364013671875,305.17999267578125,92.23703002929688,20.945072174072266
2025-06-09,589.8950805664062,306.6199951171875,92.35082244873047,20.964420318603516
2025-06-10,593.2396240234375,306.7099914550781,92.55940246582031,20.91604995727539
2025-06-11,591.5476684570312,308.3699951171875,92.87229919433594,21.25465202331543
2025-06-12,593.8987426757812,312.20001220703125,93.21363830566406,21.25465202331543
2025-06-13,587.2589111328125,316.2900085449219,92.88177490234375,21.912511825561523
2025-06-16,592.84619140625,311.7799987792969,92.69214630126953,21.8641414642334
2025-06-17,587.7802124023438,311.94000244140625,92.97660827636719,22.328510284423828
2025-06-18,587.691650390625,310.260009765625,93.04297637939453,22.38655662536621
2025-06-20,586.3114624023438,310.1300048828125,93.12831115722656,22.50265121459961
2025-06-23,592.1027221679688,311.0799865722656,93.31793212890625,21.670652389526367
2025-06-24,598.6439208984375,306.19000244140625,93.69720458984375,21.148235321044922
2025-06-25,598.979248046875,307.1199951171875,93.68771362304688,21.119211196899414
2025-06-26,603.6654663085938,306.7799987792969,93.94373321533203,21.196605682373047
2025-06-27,606.664794921875,301.2200012207031,93.67823791503906,21.090187072753906
2025-06-30,609.5653076171875,304.8299865722656,94.05751037597656,21.099863052368164
2025-07-01,609.3681030273438,307.54998779296875,93.97093200683594,21.21595573425293
2025-07-02,612.1305541992188,309.25,93.8568115234375,21.564233779907227
2025-07-03,616.9550170898438,307.1400146484375,93.66655731201172,21.5545597076416
2025-07-07,612.357421875,307.3699951171875,93.3336410522461,21.53521156311035
2025-07-08,612.0220947265625,304.1600036621094,93.29557037353516,21.60293197631836
2025-07-09,615.692138671875,305.5199890136719,93.6855697631836,21.564233779907227
2025-07-10,617.4285888671875,306.20001220703125,93.65705108642578,21.496511459350586
2025-07-11,615.258056640625,309.1400146484375,93.26704406738281,21.777070999145508
2025-07-14,616.4320678710938,308.010009765625,93.2575454711914,21.5932559967041
2025-07-15,613.7978515625,306.7300109863281,92.98167419433594,21.5545597076416
2025-07-16,615.8499145507812,308.260009765625,93.1148452758789,21.583581924438477
2025-07-17,619.6187744140625,307.5899963378906,93.15288543701172,21.757720947265625
2025-07-18,619.1649169921875,308.3900146484375,93.32412719726562,21.796419143676758
2025-07-21,620.3389282226562,313.1300048828125,93.5809326171875,21.748046875
2025-07-22,620.427734375,316.1000061035156,93.76167297363281,21.7093505859375
2025-07-23,625.7060546875,312.17999267578125,93.55240631103516,21.651302337646484
2025-07-24,625.9132080078125,310.2699890136719,93.49533081054688,21.670652389526367
2025-07-25,628.5573120117188,307.3999938964844,93.64752197265625,21.44814109802246
2025-07-28,628.3994140625,305.4100036621094,93.52386474609375,21.670652389526367
2025-07-29,626.741943359375,306.25,94.02800750732422,21.951210021972656
2025-07-30,625.9526977539062,300.9599914550781,93.76167297363281,21.9028377532959
2025-07-31,623.6046142578125,302.9599914550781,93.80924224853516,21.719024658203125
2025-08-01,613.3834838867188,309.1099853515625,94.62049102783203,21.370746612548828
2025-08-04,622.706787109375,310.9100036621094,94.69683837890625,21.293350219726562
2025-08-05,619.5496826171875,311.1600036621094,94.72547149658203,21.10953712463379
2025-08-06,624.2952270507812,310.5,94.68730163574219,21.06116485595703
2025-08-07,623.7722778320312,313.1199951171875,94.6109390258789,21.12888526916504
2025-08-08,628.6361694335938,313.04998779296875,94.42961883544922,21.12888526916504
2025-08-11,627.39306640625,308.54998779296875,94.49641418457031,21.157909393310547
2025-08-12,634.0723266601562,308.2699890136719,94.49641418457031,21.07084083557129
2025-08-13,636.2428588867188,309.2099914550781,94.84001159667969,21.04181671142578
2025-08-14,636.3020629882812,307.25,94.57276916503906,21.12888526916504
2025-08-15,634.812255859375,307.42999267578125,94.42961883544922,21.06116485595703
2025-08-18,634.6741333007812,306.95001220703125,94.32463073730469,21.080514907836914
2025-08-19,631.2308959960938,305.2699890136719,94.50594329833984,20.91604995727539
2025-08-20,629.5537719726562,308.3599853515625,94.56321716308594,21.148235321044922
2025-08-21,627.0280151367188,307.2900085449219,94.34371185302734,21.274002075195312
2025-08-22,636.6571655273438,310.5799865722656,94.86864471435547,21.36107063293457
2025-08-25,633.855224609375,309.8299865722656,94.72547149658203,21.467491149902344
2025-08-26,636.5092163085938,312.0799865722656,94.84001159667969,21.30302619934082
2025-08-27,637.9595336914062,312.7099914550781,94.93543243408203,21.32237434387207
2025-08-28,640.21875,315.0299987792969,95.04997253417969,21.457815170288086
2025-08-29,636.4006958007812,318.07000732421875,94.9259033203125,21.48683738708496
2025-09-02,631.6847534179688,325.5899963378906,94.674072265625,21.83511734008789
2025-09-03,635.108154296875,328.1400146484375,95.01878356933594,21.641630172729492
2025-09-04,640.4160766601562,326.69000244140625,95.40179443359375,21.48683738708496
2025-09-05,638.5612182617188,331.04998779296875,95.85185241699219,21.312700271606445
2025-09-08,640.1300048828125,334.82000732421875,96.17743682861328,21.457815170288086
2025-09-09,641.60986328125,334.05999755859375,95.98590850830078,21.51586151123047
2025-09-10,643.4647216796875,335.260009765625,96.17743682861328,21.66097640991211
2025-09-11,648.81201171875,334.760009765625,96.3593521118164,21.496511459350586
2025-09-12,648.594970703125,335.4200134277344,96.27318572998047,21.62228012084961
2025-09-15,652.0479736328125,338.9100036621094,96.43596649169922,21.815767288208008
2025-09-16,651.1502075195312,339.5899963378906,96.47428894042969,22.038280487060547
2025-09-17,650.3411865234375,336.9700012207031,96.3019027709961,21.806095123291016
2025-09-18,653.3798828125,335.6199951171875,96.03379821777344,21.7093505859375
2025-09-19,656.6160278320312,339.17999267578125,96.03379821777344,21.53521156311035
2025-09-22,659.7225341796875,345.04998779296875,95.91889190673828,21.53521156311035
2025-09-23,656.1312866210938,346.4599914550781,96.07209777832031,21.757720947265625
2025-09-24,654.043701171875,343.32000732421875,95.8901596069336,21.9028377532959
2025-09-25,651.0263061523438,344.75,95.75611114501953,22.057626724243164
2025-09-26,654.756103515625,346.739990234375,95.82313537597656,22.067302703857422
2025-09-29,656.5962524414062,352.4599914550781,96.00507354736328,21.88348960876465
2025-09-30,659.0695190429688,355.4700012207031,95.99549102783203,21.796419143676758
2025-10-01,661.3153076171875,356.0299987792969,96.24046325683594,21.757720947265625
2025-10-02,662.0769653320312,354.7900085449219,96.34613800048828,21.612606048583984
2025-10-03,662.0672607421875,357.6400146484375,96.24046325683594,21.680326461791992
2025-10-06,664.4415893554688,364.3800048828125,96.02911376953125,21.9028377532959
2025-10-07,661.9781494140625,366.260009765625,96.19242095947266,21.989906311035156
2025-10-08,665.925537109375,372.29998779296875,96.2020492553711,22.018930435180664
2025-10-09,663.996337890625,365.42999267578125,96.08674621582031,21.815767288208008
2025-10-10,646.0499877929688,369.1199951171875,96.48063659667969,21.351396560668945
2025-10-13,655.9630126953125,378.0899963378906,96.66315460205078,21.62228012084961
2025-10-14,655.16162109375,380.7900085449219,96.8168716430664,21.380420684814453
2025-10-15,658.0702514648438,387.3900146484375,96.77843475341797,21.457815170288086
2025-10-16,653.588623046875,396.45001220703125,97.1242904663086,21.419116973876953
2025-10-17,657.2986450195312,388.989990234375,96.98979187011719,21.399770736694336
2025-10-20,664.1348876953125,403.1499938964844,97.15309143066406,21.612606048583984
2025-10-21,664.125,377.239990234375,97.2491683959961,21.390094757080078
2025-10-22,660.6722412109375,377.2799987792969,97.23957061767578,21.728696823120117
2025-10-23,664.5899658203125,378.7900085449219,97.066650390625,22.096324920654297
2025-10-24,670.0213623046875,377.5199890136719,97.1627197265625,22.106000900268555
2025-10-27,677.9260864257812,367.010009765625,97.2299575805664,22.057626724243164
2025-10-28,679.7266235351562,364.3800048828125,97.28760528564453,21.85446548461914
2025-10-29,680.05322265625,363.0,96.82646942138672,21.970558166503906
2025-10-30,672.5738525390625,370.1300048828125,96.6439437866211,21.98023223876953
2025-10-31,674.7799682617188,368.1199951171875,96.58631134033203,22.13502311706543
2025-11-03,676.04638671875,368.7799987792969,96.4677734375,22.299488067626953
2025-11-04,668.0328369140625,362.32000732421875,96.51595306396484,22.144697189331055
2025-11-05,670.3478393554688,366.510009765625,96.2557373046875,22.076976776123047
2025-11-06,663.1554565429688,366.07000732421875,96.61233520507812,22.106000900268555
2025-11-07,663.808349609375,368.30999755859375,96.57378387451172,22.15437126159668
2025-11-10,674.1666259765625,378.3800048828125,96.53524017333984,22.39623260498047
2025-11-11,675.7099609375,379.8699951171875,96.82437133789062,22.54134750366211
2025-11-12,676.0859985351562,385.989990234375,96.78581237792969,22.289813995361328
2025-11-13,664.8670043945312,382.8699951171875,96.49668884277344,22.173721313476562
2025-11-14,664.7581176757812,375.9599914550781,96.38101959228516,22.222091674804688
2025-11-17,658.56494140625,371.6499938964844,96.40028381347656,22.193069458007812
2025-11-18,653.0346069335938,374.3500061035156,96.4581298828125,22.376882553100586
2025-11-19,655.5574340820312,374.9599914550781,96.4581298828125,22.15437126159668
2025-11-20,645.5652465820312,374.8500061035156,96.57378387451172,21.94153594970703
2025-11-21,651.995849609375,374.2699890136719,96.80510711669922,21.796419143676758
2025-11-24,661.59228515625,380.20001220703125,96.99786376953125,21.9028377532959
2025-11-25,667.815185546875,380.0799865722656,97.15206909179688,21.786745071411133
2025-11-26,672.4254760742188,383.1199951171875,97.3062744140625,22.018930435180664
2025-11-28,676.0958251953125,387.8800048828125,97.17132568359375,22.309162139892578
2025-12-01,673.0090942382812,389.75,96.75170135498047,22.367210388183594
2025-12-02,674.2556762695312,387.239990234375,96.87739562988281,22.270465850830078
2025-12-03,676.5905151367188,386.8800048828125,97.06111907958984,22.376882553100586
2025-12-04,677.0851440429688,387.1300048828125,96.82904052734375,22.4349308013916
2025-12-05,678.371337890625,386.44000244140625,96.72268676757812,22.570371627807617
2025-12-08,676.3333129882812,385.4200134277344,96.56798553466797,22.289813995361328
2025-12-09,675.74951171875,387.3999938964844,96.48094940185547,22.24144172668457
2025-12-10,680.2312622070312,389.04998779296875,96.79035949707031,22.376882553100586
2025-12-11,681.8140869140625,393.239990234375,96.8097152709961,22.357534408569336
2025-12-12,674.4832763671875,395.44000244140625,96.50997161865234,22.173721313476562
2025-12-15,673.4642333984375,395.79998779296875,96.60665893554688,22.067302703857422
2025-12-16,671.6240844726562,395.8900146484375,96.79035949707031,21.844791412353516
2025-12-17,664.2337646484375,399.2900085449219,96.76136016845703,22.106000900268555
2025-12-18,669.2496948242188,398.57000732421875,97.00308990478516,21.951210021972656
2025-12-19,675.3153686523438,399.0199890136719,96.8614501953125,22.106000900268555
2025-12-22,679.5225219726562,408.2300109863281,96.82264709472656,22.389999389648438
2025-12-23,682.6282348632812,413.6400146484375,96.82264709472656,22.639999389648438
2025-12-24,685.0294799804688,411.92999267578125,97.03607177734375,22.6299991607666
2025-12-26,684.9599609375,416.739990234375,97.05549621582031,22.700000762939453
2025-12-29,682.51904296875,398.6000061035156,97.17190551757812,22.489999771118164
2025-12-30,681.6856079101562,398.8900146484375,97.13310241699219,22.639999389648438
2025-12-31,676.635009765625,396.30999755859375,96.90025329589844,22.360000610351562
2026-01-02,677.8753662109375,398.2799987792969,96.87116241455078,22.389999389648438
2026-01-05,682.3900756835938,408.760009765625,97.05549621582031,22.809999465942383
2026-01-06,686.4483642578125,413.17999267578125,97.03607177734375,22.799999237060547
2026-01-07,684.2356567382812,409.2300109863281,97.13310241699219,22.59000015258789
2026-01-08,684.1661987304688,411.489990234375,96.9584732055664,22.8799991607666
2026-01-09,688.6908569335938,414.4700012207031,97.17190551757812,22.899999618530273
2026-01-12,689.7723388671875,422.2300109863281,97.12340545654297,23.190000534057617
2026-01-13,688.3932495117188,421.6300048828125,97.2107162475586,23.3700008392334
2026-01-14,685.0095825195312,425.94000244140625,97.35623931884766,23.389999389648438
2026-01-15,686.8750610351562,423.3299865722656,97.23011016845703,23.200000762939453
2026-01-16,686.2994995117188,421.2900085449219,97.06519317626953,23.15999984741211
2026-01-20,672.3286743164062,437.2300109863281,96.69652557373047,23.479999542236328
2026-01-21,680.0880126953125,443.6000061035156,97.01668548583984,23.75
2026-01-22,683.6403198242188,451.7900085449219,97.03607177734375,23.739999771118164
2026-01-23,683.8883056640625,458.0,97.12340545654297,24.18000030517578
2026-01-26,687.3612060546875,464.70001220703125,97.2689208984375,24.290000915527344
2026-01-27,690.099853515625,476.1000061035156,97.20101165771484,24.6200008392334
2026-01-28,690.0303344726562,494.55999755859375,97.16220092773438,24.940000534057617
2026-01-29,688.6610717773438,495.8999938964844,97.16220092773438,25.299999237060547
2026-01-30,686.6071166992188,444.95001220703125,97.14278411865234,24.43000030517578
2026-02-02,690.0204467773438,427.1300048828125,97.03087615966797,23.540000915527344
2026-02-03,684.18603515625,454.2900085449219,97.04059600830078,24.149999618530273
2026-02-04,680.8719482421875,453.9700012207031,96.98220825195312,24.190000534057617
2026-02-05,672.3683471679688,441.8800048828125,97.4007339477539,23.760000228881836
2026-02-06,685.267578125,455.4599914550781,97.45912170410156,24.010000228881836
2026-02-09,688.57177734375,467.0299987792969,97.48833465576172,24.25
2026-02-10,686.7559814453125,462.3999938964844,97.77058410644531,24.139999389648438
2026-02-11,686.5972290039062,467.6300048828125,97.54673767089844,24.3700008392334
2026-02-12,675.9901123046875,451.3900146484375,97.98473358154297,23.799999237060547
2026-02-13,676.46630859375,462.6199951171875,98.29618835449219,23.8799991607666
2026-02-17,677.5578002929688,448.20001220703125,98.30592346191406,23.59000015258789
2026-02-18,680.9711303710938,458.2799987792969,98.1696548461914,24.209999084472656
2026-02-19,679.1751708984375,459.55999755859375,98.18911743164062,24.43000030517578
2026-02-20,684.0867919921875,468.6199951171875,98.20858764648438,24.600000381469727
2026-02-23,677.1013793945312,481.2799987792969,98.40325927734375,24.75
2026-02-24,682.0228881835938,474.6099853515625,98.39352416992188,24.719999313354492
2026-02-25,687.778076171875,473.4200134277344,98.34486389160156,24.75
2026-02-26,683.9578247070312,477.4800109863281,98.5005874633789,24.760000228881836
2026-02-27,680.6734619140625,483.75,98.69525909423828,25.100000381469727
2026-03-02,681.0604858398438,490.0,98.30079650878906,25.809999465942383
2026-03-03,675.057373046875,468.1400146484375,98.19338989257812,25.90999984741211
2026-03-04,679.820068359375,471.79998779296875,98.15433502197266,26.139999389648438
2026-03-05,676.0297241210938,466.1300048828125,97.87120056152344,26.520000457763672
2026-03-06,667.1688842773438,473.510009765625,97.75404357910156,27.510000228881836
2026-03-09,673.0133666992188,472.5299987792969,98.06647491455078,27.139999389648438
2026-03-10,671.9317016601562,477.8599853515625,97.74427032470703,27.600000381469727
2026-03-11,671.08837890625,476.239990234375,97.30490112304688,28.1299991607666
2026-03-12,660.8978881835938,466.8800048828125,96.94365692138672,28.860000610351562
2026-03-13,657.1571655273438,460.8399963378906,96.86553955078125,28.709999084472656
2026-03-16,663.844970703125,460.42999267578125,97.24633026123047,28.309999465942383
2026-03-17,665.5912475585938,459.2699890136719,97.44160461425781,28.760000228881836
2026-03-18,656.3038330078125,444.739990234375,97.03152465820312,29.270000457763672
2026-03-19,654.6864624023438,426.4100036621094,97.138916015625,28.84000015258789
2026-03-20,645.3009643554688,413.3800048828125,96.32854461669922,28.940000534057617
2026-03-23,652.07666015625,404.0400085449219,96.6897964477539,27.75
2026-03-24,649.8877563476562,404.1300048828125,96.4261703491211,28.239999771118164
2026-03-25,653.5094604492188,416.2900085449219,96.76790618896484,28.170000076293945
2026-03-26,641.838623046875,400.6400146484375,96.22114562988281,28.440000534057617
2026-03-27,630.89404296875,414.70001220703125,96.21138000488281,29.100000381469727
2026-03-30,628.78466796875,414.5799865722656,96.6995620727539,29.260000228881836
2026-03-31,647.0621337890625,430.2900085449219,96.92413330078125,28.950000762939453
2026-04-01,651.9373779296875,437.82000732421875,96.98976135253906,28.68000030517578
2026-04-02,652.5244750976562,429.4100036621094,97.21509552001953,29.329999923706055
2026-04-06,655.6087646484375,427.6499938964844,97.03874206542969,29.479999542236328
2026-04-07,655.8972778320312,431.80999755859375,97.15631866455078,29.3700008392334
2026-04-08,672.6027221679688,434.5299987792969,97.4110336303711,28.559999465942383
2026-04-09,676.4830322265625,437.9100036621094,97.46980285644531,28.709999084472656
2026-04-10,676.0353393554688,437.1300048828125,97.30326843261719,28.5
2026-04-13,682.6417846679688,435.3599853515625,97.49920654296875,28.959999084472656
2026-04-14,690.959716796875,445.0899963378906,97.75392150878906,28.84000015258789
2026-04-15,696.412109375,440.4599914550781,97.59718322753906,28.889999389648438
2026-04-16,698.1234130859375,440.0799865722656,97.46002197265625,29.110000610351562
2026-04-17,706.5607299804688,445.92999267578125,97.822509765625,28.290000915527344
2026-04-20,705.1477661132812,442.0899963378906,97.81270599365234,28.670000076293945
2026-04-21,700.53125,429.57000732421875,97.4502182006836,29.209999084472656
2026-04-22,707.6253051757812,435.260009765625,97.5873794555664,29.510000228881836
2026-04-23,704.8792114257812,431.0400085449219,97.43061828613281,29.889999389648438
2026-04-24,710.3414916992188,433.25,97.56777954101562,29.860000610351562
2026-04-27,711.5653686523438,429.8900146484375,97.42082977294922,30.09000015258789
2026-04-28,708.1029052734375,421.9100036621094,97.38163757324219,30.34000015258789
2026-04-29,707.993408203125,417.4100036621094,96.95056915283203,31.079999923706055
2026-04-30,715.0377197265625,423.6600036621094,97.08773040771484,31.100000381469727
2026-05-01,717.0177001953125,423.17999267578125,97.21552276611328,30.809999465942383
2026-05-04,714.3909912109375,414.7099914550781,96.91079711914062,31.329999923706055
2026-05-05,720.1220092773438,418.2699890136719,97.08773803710938,31.200000762939453
2026-05-06,730.1312866210938,430.9599914550781,97.50057983398438,30.209999084472656
2026-05-07,727.8926391601562,431.67999267578125,97.26466369628906,30.25
2026-05-08,733.9021606445312,433.7699890136719,97.49075317382812,30.299999237060547
2026-05-11,735.5736694335938,434.6499938964844,97.23518371582031,31.059999465942383
2026-05-12,734.4593505859375,432.92999267578125,96.95011138916016,31.690000534057617
2026-05-13,738.5685424804688,430.5,96.98943328857422,31.3700008392334
2026-05-14,744.3989868164062,427.2099914550781,96.95995330810547,31.149999618530273
2026-05-15,735.4443969726562,417.2900085449219,96.35050201416016,31.190000534057617
2026-05-18,734.927001953125,418.42999267578125,96.34068298339844,31.3799991607666
2026-05-19,730.03173828125,411.5,95.96715545654297,31.610000610351562
2026-05-20,737.5138549804688,417.3999938964844,96.54710388183594,30.8799991607666
2026-05-21,738.9764404296875,416.989990234375,96.6650619506836,30.700000762939453
2026-05-22,741.8817749023438,413.82000732421875,96.76335144042969,30.540000915527344
2026-05-26,746.8068237304688,414.0,97.03858184814453,30.030000686645508
2026-05-27,746.6774291992188,408.489990234375,97.11723327636719,29.489999771118164
2026-05-28,750.7965698242188,412.7699890136719,97.31381225585938,29.719999313354492
2026-05-29,752.6671142578125,417.1199951171875,97.37279510498047,29.479999542236328
2026-06-01,754.7166748046875,411.260009765625,97.32447052001953,29.989999771118164
2026-06-02,755.7415771484375,411.95001220703125,97.35405731201172,30.1200008392334
2026-06-03,750.4384155273438,407.8699951171875,97.14694213867188,30.290000915527344
2026-06-04,753.2740478515625,411.2699890136719,97.30474090576172,29.8799991607666
2026-06-05,733.83251953125,396.239990234375,96.82147216796875,29.229999542236328
2026-06-08,735.4940795898438,397.2699890136719,96.82147216796875,29.469999313354492
2026-06-09,733.3350830078125,390.7799987792969,97.01873016357422,29.06999969482422
2026-06-10,721.7736206054688,374.5799865722656,96.95954895019531,29.170000076293945
2026-06-11,734.04150390625,386.32000732421875,97.52171325683594,28.850000381469727
2026-06-12,738.0113525390625,386.5400085449219,97.40337371826172,28.549999237060547
2026-06-15,751.0254516601562,396.54998779296875,97.49213409423828,28.219999313354492
2026-06-16,746.5481567382812,397.6300048828125,97.61048889160156,27.899999618530273
2026-06-17,737.225341796875,388.6000061035156,97.25542449951172,27.709999084472656
2026-06-18,744.8902587890625,387.1199951171875,97.54144287109375,27.6299991607666
2026-06-22,742.546142578125,384.5899963378906,97.275146484375,27.40999984741211
2026-06-23,731.7628784179688,377.32000732421875,97.35405731201172,27.1200008392334
2026-06-24,731.4237060546875,365.9200134277344,97.82746124267578,26.450000762939453
2026-06-25,732.4810791015625,369.4599914550781,97.88663482666016,26.93000030517578
2026-06-26,727.1842651367188,373.6300048828125,97.97540283203125,26.56999969482422
2026-06-29,739.1644897460938,368.5799865722656,98.00498962402344,26.559999465942383
2026-06-30,744.9202270507812,368.3800048828125,97.62034606933594,26.65999984741211
2026-07-01,743.9127197265625,370.6000061035156,97.472900390625,26.450000762939453
2026-07-02,742.9351806640625,378.1300048828125,97.58174896240234,26.56999969482422
2026-07-06,749.4190673828125,382.1300048828125,97.63123321533203,27.0
2026-07-07,745.85791015625,377.489990234375,97.18592071533203,27.350000381469727
2026-07-08,743.5536499023438,374.45001220703125,97.0177001953125,27.799999237060547
2026-07-09,749.8480224609375,378.17999267578125,97.15624237060547,27.579999923706055
2026-07-10,753.0799560546875,377.010009765625,97.05728149414062,27.520000457763672
2026-07-13,747.3142700195312,367.1300048828125,96.6911392211914,28.329999923706055
2026-07-14,749.9677124023438,372.1499938964844,96.97811889648438,28.6299991607666
2026-07-15,752.9403076171875,372.3500061035156,97.11665344238281,28.790000915527344
2026-07-16,748.8604125976562,364.9599914550781,97.10675811767578,28.459999084472656
2026-07-17,741.4487915039062,368.4100036621094,97.17603302001953,28.979999542236328
2026-07-20,740.2518310546875,367.6000061035156,96.92864227294922,29.139999389648438
2026-07-21,746.426513671875,374.80999755859375,96.7208251953125,29.56999969482422
2026-07-22,745.55859375,379.1199951171875,96.5625,29.860000610351562
2026-07-23,736.3515014648438,371.5199890136719,96.32498931884766,30.309999465942383
2026-07-24,737.099609375,371.8999938964844,96.44374084472656,30.100000381469727
2026-07-27,737.25927734375,374.6300048828125,96.67134857177734,29.010000228881836
2026-07-28,739.0248413085938,369.3699951171875,96.8989486694336,28.600000381469727
2026-07-29,727.6531372070312,371.0799865722656,96.5328140258789,29.420000076293945
2026-07-30,739.852783203125,377.1600036621094,96.60208892822266,29.31999969482422
2026-07-31,745.1796264648438,371.5400085449219,96.35469055175781,29.450000762939453
2026-08-03,755.793212890625,371.7099914550781,96.58109283447266,28.8799991607666
2026-08-04,769.4193725585938,374.1600036621094,96.97830963134766,28.309999465942383
2026-08-05,767.8831787109375,389.6400146484375,97.0279541015625,28.479999542236328
2026-08-06,766.65625,389.6700134277344,96.74990844726562,28.860000610351562
2026-08-07,771.3446044921875,398.4700012207031,96.91871643066406,28.90999984741211
2026-08-10,771.1151733398438,402.5400085449219,96.56123352050781,29.93000030517578
2026-08-11,768.6513061523438,400.9599914550781,96.64067840576172,29.969999313354492
2026-08-12,770.5764770507812,404.9200134277344,96.74990844726562,30.110000610351562
2026-08-13,775.9531860351562,398.9599914550781,97.00809478759766,29.780000686645508
2026-08-14,774.4169921875,401.4800109863281,96.79956817626953,30.0
2026-08-17,770.7560424804688,405.489990234375,96.5711669921875,30.559999465942383
2026-08-18,765.5490112304688,398.54998779296875,96.67047119140625,30.479999542236328
2026-08-19,767.1549682617188,413.8399963378906,97.1371841430664,30.760000228881836
2026-08-20,760.7109985351562,415.260009765625,96.80948638916016,31.110000610351562
2026-08-21,763.8232421875,423.3599853515625,96.67047119140625,31.260000228881836
2026-08-24,761.5787963867188,426.69000244140625,96.86907958984375,30.940000534057617
2026-08-25,764.0127563476562,428.07000732421875,97.32585906982422,30.43000030517578
2026-08-26,764.182373046875,421.32000732421875,97.1769027709961,30.5
2026-08-27,769.18994140625,422.6000061035156,97.1471176147461,30.860000610351562
2026-08-28,767.4442749023438,408.8900146484375,96.80948638916016,30.790000915527344
2026-08-31,765.1499633789062,408.4200134277344,96.73004913330078,31.299999237060547
2026-09-01,759.89306640625,396.75,96.42811584472656,31.93000030517578
2026-09-02,763.2646484375,402.7799987792969,96.49787139892578,31.93000030517578
2026-09-03,771.2548217773438,410.2200012207031,96.60748291015625,31.959999084472656
2026-09-04,768.2822265625,406.7699890136719,96.65731048583984,31.899999618530273
2026-09-08,764.0626831054688,399.7200012207031,96.55766296386719,32.400001525878906
2026-09-09,760.5115356445312,403.3500061035156,96.33843994140625,32.849998474121094
2026-09-10,755.9528198242188,396.3599853515625,95.7106704711914,33.619998931884766
2026-09-11,762.3967895507812,398.7699890136719,95.64091491699219,33.15999984741211
2026-09-14,758.9952392578125,392.8399963378906,95.55123138427734,33.150001525878906
2026-09-15,755.513916015625,394.1499938964844,95.51136779785156,33.68000030517578
2026-09-16,752.1821899414062,391.739990234375,95.47151184082031,33.15999984741211
2026-09-17,760.7109985351562,398.3599853515625,95.98967742919922,33.04999923706055
2026-09-18,761.6900024414062,401.1700134277344,95.62098693847656,32.93000030517578
2026-09-21,773.5,398.3800048828125,95.87010192871094,32.58000183105469
2026-09-22,773.3800048828125,400.07000732421875,95.90995788574219,32.439998626708984
2026-09-23,767.8099975585938,392.8800048828125,95.07292938232422,32.880001068115234
2026-09-24,767.1799926757812,391.69000244140625,94.61454772949219,33.18000030517578
2026-09-25,771.3499755859375,393.4100036621094,94.78395080566406,32.619998931884766
2026-09-28,765.6099853515625,377.9100036621094,94.31561279296875,32.4900016784668
2026-09-29,764.2000122070312,382.8900146484375,94.26578521728516,32.0
2026-09-30,762.6300048828125,380.8399963378906,94.20600128173828,32.31999969482422
2026-10-01,763.989990234375,382.760009765625,94.41999816894531,32.75
2026-10-02,769.6400146484375,380.1400146484375,94.25,32.540000915527344
