,SPY,GLD,AGG,DBC
2006-01-03,86.7854232788086,53.119998931884766,52.219482421875,
2006-01-04,87.19639587402344,53.29999923706055,52.343990325927734,
2006-01-05,87.25122833251953,52.34000015258789,52.343990325927734,
2006-01-06,87.97725677490234,53.720001220703125,52.224674224853516,
2006-01-09,88.20327758789062,54.599998474121094,52.281768798828125,
2006-01-10,88.29234313964844,54.060001373291016,52.177978515625,
2006-01-11,88.5731430053711,54.529998779296875,52.14163589477539,
2006-01-12,88.22384643554688,54.43000030517578,52.276554107666016,
2006-01-13,88.14165496826172,55.439998626708984,52.42181396484375,
2006-01-17,87.90191650390625,55.2599983215332,52.44775390625,
2006-01-18,87.55259704589844,54.06999969482422,52.51005554199219,
2006-01-19,87.88821411132812,55.59000015258789,52.432220458984375,
2006-01-20,86.28536987304688,55.20000076293945,52.458126068115234,
2006-01-23,86.59364318847656,55.77000045776367,52.458126068115234,
2006-01-24,86.68270874023438,55.72999954223633,52.36996078491211,
2006-01-25,86.75801849365234,56.13999938964844,52.2402229309082,
2006-01-26,87.2375259399414,55.880001068115234,52.07935333251953,
2006-01-27,88.04573059082031,55.630001068115234,52.146812438964844,
2006-01-30,87.97725677490234,56.68000030517578,52.15205001831055,
2006-01-31,87.33341217041016,56.70000076293945,52.1623649597168,
2006-02-01,87.94302368164062,56.70000076293945,52.01708221435547,
2006-02-02,86.92239379882812,56.97999954223633,52.05353546142578,
2006-02-03,86.49089813232422,56.5,52.1993522644043,
2006-02-06,86.71691131591797,56.720001220703125,52.1889762878418,19.185100555419922
2006-02-07,85.9497299194336,54.599998474121094,52.15256881713867,18.630157470703125
2006-02-08,86.73060607910156,54.83000183105469,52.1264762878418,18.550880432128906
2006-02-09,86.58675384521484,56.18000030517578,52.15769958496094,18.72528839111328
2006-02-10,86.74431610107422,54.790000915527344,52.04837417602539,18.3843994140625
2006-02-13,86.58675384521484,53.720001220703125,52.08481216430664,18.099000930786133
2006-02-14,87.50459289550781,54.4900016784668,52.00145721435547,17.94837188720703
2006-02-15,87.81288146972656,53.7599983215332,52.0587272644043,17.68675994873047
2006-02-16,88.470458984375,54.52000045776367,52.006649017333984,17.900806427001953
2006-02-17,88.23069763183594,54.959999084472656,52.220218658447266,18.15449333190918
2006-02-21,88.01148986816406,55.119998931884766,52.027503967285156,18.455747604370117
2006-02-22,88.5457992553711,55.34000015258789,52.235836029052734,18.15449333190918
2006-02-23,88.4156494140625,54.63999938964844,52.204612731933594,18.0910701751709
2006-02-24,88.64165496826172,55.63999938964844,52.24623107910156,18.582590103149414
2006-02-27,88.67591094970703,55.220001220703125,52.13686752319336,18.21791648864746
2006-02-28,87.83340454101562,56.06999969482422,52.24623107910156,18.46367645263672
2006-03-01,88.61427307128906,56.099998474121094,52.247798919677734,18.42403793334961
2006-03-02,88.60741424560547,56.7400016784668,52.11710739135742,18.757001876831055
2006-03-03,88.1964340209961,56.279998779296875,52.0125732421875,18.93140983581543
2006-03-06,87.79232788085938,55.22999954223633,51.725040435791016,18.630157470703125
2006-03-07,87.65531158447266,54.95000076293945,51.85573959350586,18.30512046813965
2006-03-08,87.84026336669922,53.970001220703125,51.881866455078125,18.01179313659668
2006-03-09,87.25122833251953,54.2400016784668,51.813926696777344,18.194133758544922
2006-03-10,88.07998657226562,53.83000183105469,51.834869384765625,18.11485481262207
2006-03-13,88.24442291259766,54.310001373291016,51.92891311645508,18.35268783569336
2006-03-14,89.16908264160156,54.869998931884766,52.101436614990234,18.622230529785156
2006-03-15,89.56637573242188,55.119998931884766,51.96031188964844,18.416105270385742
2006-03-16,89.75132751464844,55.34000015258789,52.17983627319336,18.574661254882812
2006-03-17,89.82628631591797,55.119998931884766,52.06486892700195,18.487457275390625
2006-03-20,89.68186950683594,55.16999816894531,52.04392623901367,18.1069278717041
2006-03-21,89.11796569824219,54.83000183105469,51.90800094604492,18.170351028442383
2006-03-22,89.66127014160156,54.75,52.002098083496094,18.138635635375977
2006-03-23,89.47554016113281,54.70000076293945,51.96031188964844,18.44782066345215
2006-03-24,89.54434967041016,55.709999084472656,52.04916000366211,18.408180236816406
2006-03-27,89.41365814208984,56.38999938964844,52.090965270996094,18.5191707611084
2006-03-28,88.86349487304688,56.060001373291016,51.96031188964844,18.757001876831055
2006-03-29,89.4205551147461,57.06999969482422,51.85573959350586,18.88384437561035
2006-03-30,89.26239013671875,58.599998474121094,51.62047576904297,19.11374855041504
2006-03-31,89.28299713134766,58.099998474121094,51.79300308227539,18.97897720336914
2006-04-03,89.21419525146484,58.470001220703125,51.74209213256836,19.06618309020996
2006-04-04,89.78500366210938,58.33000183105469,51.81032943725586,18.96312141418457
2006-04-05,90.09446716308594,58.65999984741211,51.84707260131836,19.0820369720459
2006-04-06,89.9981689453125,59.279998779296875,51.80506896972656,19.422927856445312
2006-04-07,89.08355712890625,58.59000015258789,51.631893157958984,19.335723876953125
2006-04-10,89.22112274169922,59.599998474121094,51.58467483520508,19.692472457885742
2006-04-11,88.46466064453125,59.0099983215332,51.68963623046875,19.77174949645996
2006-04-12,88.62972259521484,59.43000030517578,51.64241027832031,19.73211097717285
2006-04-13,88.5128402709961,59.5,51.53746795654297,19.85895538330078
2006-04-17,88.47840881347656,61.09000015258789,51.62145233154297,20.0730037689209
2006-04-18,89.8812484741211,61.849998474121094,51.58467483520508,20.33461570739746
2006-04-19,90.05320739746094,63.75,51.631893157958984,20.532808303833008
2006-04-20,90.177001953125,60.959999084472656,51.55321502685547,20.29497718811035
2006-04-21,90.19072723388672,63.20000076293945,51.547935485839844,20.72307586669922
2006-04-24,90.02572631835938,61.650001525878906,51.74209213256836,20.310832977294922
2006-04-25,89.65434265136719,62.779998779296875,51.568939208984375,20.374256134033203
2006-04-26,89.67499542236328,63.650001525878906,51.479766845703125,20.29497718811035
2006-04-27,90.1082534790039,62.959999084472656,51.60041046142578,19.977872848510742
2006-04-28,90.41081237792969,65.08999633789062,51.71588134765625,20.310832977294922
2006-05-01,89.67499542236328,65.16000366210938,51.51304626464844,20.532808303833008
2006-05-02,90.34895324707031,66.55000305175781,51.56574630737305,20.77064323425293
2006-05-03,90.01197814941406,66.45999908447266,51.52884292602539,20.398040771484375
2006-05-04,90.33517456054688,67.4800033569336,51.5025520324707,20.152280807495117
2006-05-05,91.13290405273438,67.98999786376953,51.597347259521484,20.374256134033203
2006-05-08,91.02286529541016,67.55999755859375,51.63421630859375,20.318761825561523
2006-05-09,91.20166015625,69.68000030517578,51.60784149169922,20.63587188720703
2006-05-10,91.15352630615234,70.37999725341797,51.5499153137207,21.151172637939453
2006-05-11,90.05320739746094,71.02999877929688,51.518341064453125,21.357295989990234
2006-05-12,88.87724304199219,71.12000274658203,51.4077262878418,21.28594398498535
2006-05-15,89.05603790283203,67.41000366210938,51.43930435180664,20.56452178955078
2006-05-16,88.92538452148438,68.61000061035156,51.69212341308594,20.627946853637695
2006-05-17,87.23368072509766,68.1500015258789,51.54466247558594,20.596233367919922
2006-05-18,86.79353332519531,67.45999908447266,51.76062774658203,20.60416030883789
2006-05-19,87.40560150146484,65.58000183105469,51.7501106262207,20.152280807495117
2006-05-22,86.738525390625,65.30000305175781,51.76062774658203,20.310832977294922
2006-05-23,86.07836151123047,66.37999725341797,51.61846160888672,20.627946853637695
2006-05-24,86.76605224609375,64.05999755859375,51.62894821166992,20.104717254638672
2006-05-25,87.83882904052734,64.69999694824219,51.62369918823242,20.45353126525879
2006-05-26,88.28587341308594,65.0999984741211,51.844970703125,20.65172576904297
2006-05-30,86.71790313720703,65.11000061035156,51.72904586791992,20.540739059448242
2006-05-31,87.68755340576172,64.2300033569336,51.6131477355957,20.23155975341797
2006-06-01,88.52653503417969,62.560001373291016,51.57242202758789,19.985797882080078
2006-06-02,88.71218872070312,63.5,51.96905517578125,20.382183074951172
2006-06-05,87.41935729980469,63.290000915527344,51.799827575683594,20.326690673828125
2006-06-06,87.2061538696289,62.54999923706055,51.937355041503906,20.152280807495117
2006-06-07,86.55286407470703,62.279998779296875,51.773414611816406,20.01751136779785
2006-06-08,86.47722625732422,60.90999984741211,51.947906494140625,19.80345916748047
2006-06-09,86.20214080810547,60.45000076293945,52.02195358276367,19.83517074584961
2006-06-12,85.26688385009766,60.029998779296875,51.86329650878906,19.597341537475586
2006-06-13,84.27660369873047,55.91999816894531,52.0113639831543,19.06618309020996
2006-06-14,84.92990112304688,55.619998931884766,51.81571578979492,19.058256149291992
2006-06-15,86.73165893554688,57.31999969482422,51.73107147216797,19.264375686645508
2006-06-16,86.09962463378906,57.68000030517578,51.69938278198242,19.304012298583984
2006-06-19,85.42273712158203,56.36000061035156,51.561866760253906,18.947267532348633
2006-06-20,85.71281433105469,57.29999923706055,51.59357452392578,19.105819702148438
2006-06-21,86.34833526611328,58.33000183105469,51.609458923339844,19.383291244506836
2006-06-22,85.96842193603516,57.72999954223633,51.38736343383789,19.375362396240234
2006-06-23,85.95457458496094,57.9900016784668,51.413753509521484,19.335723876953125
2006-06-26,86.3344955444336,58.279998779296875,51.265682220458984,19.549772262573242
2006-06-27,85.58853912353516,57.68000030517578,51.40848159790039,19.621124267578125
2006-06-28,86.16873168945312,57.540000915527344,51.35561752319336,19.541845321655273
2006-06-29,87.90938568115234,59.52000045776367,51.5353889465332,19.969942092895508
2006-06-30,87.91624450683594,61.22999954223633,51.53014373779297,20.057147979736328
2006-07-03,88.27546691894531,62.18000030517578,51.608680725097656,20.588306427001953
2006-07-05,87.77122497558594,62.5,51.45474624633789,20.429752349853516
2006-07-06,88.02678680419922,63.02000045776367,51.5025520324707,20.56452178955078
2006-07-07,87.45348358154297,62.630001068115234,51.69361877441406,20.413894653320312
2006-07-10,87.61925506591797,62.02000045776367,51.741424560546875,20.271194458007812
2006-07-11,88.0060806274414,63.810001373291016,51.82638931274414,20.715150833129883
2006-07-12,87.0666732788086,64.91999816894531,51.8582649230957,20.9212703704834
2006-07-13,85.6506576538086,65.55000305175781,51.900718688964844,20.91334342956543
2006-07-14,85.31914520263672,65.8499984741211,51.96976089477539,21.00847816467285
2006-07-17,85.19479370117188,63.95000076293945,51.8582649230957,20.532808303833008
2006-07-18,85.62997436523438,62.900001525878906,51.82111358642578,20.405969619750977
2006-07-19,86.81802368164062,64.02999877929688,52.02286911010742,20.47731590270996
2006-07-20,86.2239990234375,62.540000915527344,52.07595443725586,20.263267517089844
2006-07-21,85.61615753173828,61.709999084472656,52.044105529785156,20.207775115966797
2006-07-24,87.17718505859375,61.13999938964844,52.12374496459961,20.29497718811035
2006-07-25,87.48802185058594,61.54999923706055,52.08123016357422,20.120569229125977
2006-07-26,87.60545349121094,62.0,52.113067626953125,19.985797882080078
2006-07-27,87.52254486083984,62.900001525878906,52.19807815551758,20.374256134033203
2006-07-28,88.39979553222656,63.11000061035156,52.30961227416992,20.302907943725586
2006-07-31,88.30998229980469,63.15999984741211,52.24586486816406,20.501102447509766
2006-08-01,87.87483215332031,64.31999969482422,52.373294830322266,20.596233367919922
2006-08-02,88.46885681152344,64.75,52.39460754394531,20.873703002929688
2006-08-03,88.70370483398438,64.12000274658203,52.4052848815918,20.67551040649414
2006-08-04,88.5517578125,64.27999877929688,52.57056427001953,20.65172576904297
2006-08-07,88.34454345703125,64.5,52.57587432861328,20.976762771606445
2006-08-08,88.0060806274414,63.970001220703125,52.57587432861328,20.683441162109375
2006-08-09,87.70905303955078,64.62999725341797,52.618507385253906,20.715150833129883
2006-08-10,87.97844696044922,63.25,52.591854095458984,20.445608139038086
2006-08-11,87.72977447509766,62.709999084472656,52.50124740600586,20.24741554260254
2006-08-14,87.79884338378906,62.25,52.44261169433594,20.057147979736328
2006-08-15,88.84877014160156,62.0099983215332,52.57056427001953,20.08885955810547
2006-08-16,89.58783721923828,62.4900016784668,52.74652862548828,19.87480926513672
2006-08-17,89.81578826904297,61.029998779296875,52.75183868408203,19.565629959106445
2006-08-18,90.27169036865234,61.040000915527344,52.789146423339844,19.668689727783203
2006-08-21,89.88485717773438,62.439998626708984,52.917137145996094,19.827245712280273
2006-08-22,89.87794494628906,62.04999923706055,52.92776870727539,19.7955322265625
2006-08-23,89.6292495727539,61.83000183105469,52.90646743774414,19.58940887451172
2006-08-24,89.55330657958984,61.75,52.901119232177734,19.87480926513672
2006-08-25,89.66382598876953,61.77000045776367,52.95445251464844,19.866884231567383
2006-08-28,90.09207153320312,61.0,52.90646743774414,19.55769920349121
2006-08-29,90.1956787109375,60.939998626708984,52.92776870727539,19.525991439819336
2006-08-30,90.25096893310547,61.41999816894531,53.007747650146484,19.819316864013672
2006-08-31,90.23715209960938,62.290000915527344,53.07707214355469,19.819316864013672
2006-09-01,90.77591705322266,62.13999938964844,53.084022521972656,19.779678344726562
2006-09-05,90.94855499267578,63.36000061035156,53.019805908203125,19.747966766357422
2006-09-06,90.14735412597656,62.86000061035156,53.03050231933594,19.64490509033203
2006-09-07,89.73292541503906,61.25,53.01443099975586,19.581483840942383
2006-09-08,89.98843383789062,60.63999938964844,53.084022521972656,19.422927856445312
2006-09-11,90.07828521728516,58.5,53.046546936035156,18.971046447753906
2006-09-12,90.96240997314453,58.31999969482422,53.17500686645508,18.66979217529297
2006-09-13,91.32848358154297,58.619998931884766,53.21784210205078,18.622230529785156
2006-09-14,91.33538818359375,57.189998626708984,53.142906188964844,18.51124382019043
2006-09-15,91.5497817993164,57.400001525878906,53.12687683105469,18.455747604370117
2006-09-18,91.6746826171875,58.22999954223633,53.11616516113281,18.677724838256836
2006-09-19,91.44568634033203,56.91999816894531,53.23930740356445,18.400251388549805
2006-09-20,91.93133544921875,57.2599983215332,53.29816436767578,18.289264678955078
2006-09-21,91.48731231689453,57.95000076293945,53.52833557128906,18.606374740600586
2006-09-22,91.20982360839844,58.5,53.5604133605957,18.392322540283203
2006-09-25,91.91055297851562,58.5,53.667537689208984,18.431964874267578
2006-09-26,92.6736831665039,58.7400016784668,53.66211700439453,18.51124382019043
2006-09-27,92.78469848632812,59.810001373291016,53.640708923339844,18.788713455200195
2006-09-28,92.7500228881836,59.790000915527344,53.65675735473633,18.93933868408203
2006-09-29,92.6736831665039,59.470001220703125,53.61396026611328,18.986907958984375
2006-10-02,92.32679748535156,59.150001525878906,53.66448211669922,18.78078269958496
2006-10-03,92.52104949951172,57.11000061035156,53.653709411621094,18.471599578857422
2006-10-04,93.60333251953125,56.369998931884766,53.86332702636719,18.606374740600586
2006-10-05,93.78372192382812,56.91999816894531,53.69674301147461,18.709436416625977
2006-10-06,93.66575622558594,56.9900016784668,53.49785232543945,18.78078269958496
2006-10-09,93.72127532958984,57.20000076293945,53.610782623291016,19.304012298583984
2006-10-10,93.84612274169922,57.0,53.401084899902344,18.788713455200195
2006-10-11,93.73513793945312,56.880001068115234,53.34194564819336,18.53502655029297
2006-10-12,94.54685974121094,57.4900016784668,53.39574432373047,18.74114227294922
2006-10-13,94.7896728515625,58.56999969482422,53.26130294799805,19.14546012878418
2006-10-16,94.93534851074219,59.16999816894531,53.34736633300781,19.311941146850586
2006-10-17,94.6370620727539,58.650001525878906,53.42796325683594,19.32779884338379
2006-10-18,94.76190185546875,58.59000015258789,53.49250411987305,19.018617630004883
2006-10-19,94.91453552246094,59.40999984741211,53.46558380126953,19.335723876953125
2006-10-20,94.93534851074219,58.779998779296875,53.449485778808594,19.06618309020996
2006-10-23,95.37245178222656,57.7599983215332,53.293582916259766,19.105819702148438
2006-10-24,95.65687561035156,58.16999816894531,53.35272979736328,19.24059295654297
2006-10-25,95.9829330444336,58.7599983215332,53.48171615600586,19.581483840942383
2006-10-26,96.2812728881836,59.290000915527344,53.66448211669922,19.446714401245117
2006-10-27,95.67768096923828,59.400001525878906,53.771995544433594,19.50220489501953
2006-10-30,95.60830688476562,59.900001525878906,53.78271484375,19.29608726501465
2006-10-31,95.59443664550781,60.2400016784668,53.98160934448242,19.17717170715332
2006-11-01,94.94921112060547,61.36000061035156,54.074466705322266,19.422927856445312
2006-11-02,94.8937759399414,61.91999816894531,54.01512908935547,19.280231475830078
2006-11-03,94.72722625732422,62.29999923706055,53.73440933227539,19.518064498901367
2006-11-06,95.7956314086914,61.88999938964844,53.73440933227539,19.85895538330078
2006-11-07,96.16329956054688,62.040000915527344,53.869346618652344,19.811384201049805
2006-11-08,96.37142181396484,61.11000061035156,54.01512908935547,19.787607192993164
2006-11-09,95.86505889892578,62.95000076293945,54.031288146972656,20.049222946166992
2006-11-10,95.90663146972656,62.4900016784668,54.1500244140625,19.629047393798828
2006-11-13,96.14248657226562,62.189998626708984,54.08525085449219,19.486351013183594
2006-11-14,96.86404418945312,61.630001068115234,54.16082000732422,19.541845321655273
2006-11-15,97.14155578613281,61.84000015258789,54.058284759521484,19.692472457885742
2006-11-16,97.39129638671875,61.310001373291016,54.00967025756836,19.200956344604492
2006-11-17,97.41905975341797,61.779998779296875,54.1500244140625,19.438785552978516
2006-11-20,97.47455596923828,61.77000045776367,54.18781280517578,19.36743927001953
2006-11-21,97.57166290283203,62.27000045776367,54.25797653198242,19.549772262573242
2006-11-22,97.76593017578125,62.5,54.33354568481445,19.621124267578125
2006-11-24,97.37052154541016,63.5,54.349761962890625,19.89066505432129
2006-11-27,96.03153991699219,63.70000076293945,54.32279586791992,19.9461612701416
2006-11-28,96.4477767944336,63.56999969482422,54.46851348876953,20.00165367126465
2006-11-29,97.4537582397461,63.15999984741211,54.38752746582031,20.255338668823242
2006-11-30,97.49534606933594,64.38999938964844,54.55482864379883,20.437679290771484
2006-12-01,97.28031158447266,64.12000274658203,54.65673828125,20.429752349853516
2006-12-04,98.02262878417969,64.12000274658203,54.710933685302734,20.33461570739746
2006-12-05,98.44583129882812,63.810001373291016,54.67843246459961,20.398040771484375
2006-12-06,98.36257934570312,62.689998626708984,54.635013580322266,20.128498077392578
2006-12-07,97.93240356445312,62.72999954223633,54.5862922668457,20.057147979736328
2006-12-08,98.11279296875,62.04999923706055,54.472496032714844,19.898595809936523
2006-12-11,98.39726257324219,62.56999969482422,54.46165466308594,19.9303035736084
2006-12-12,98.3209457397461,62.52000045776367,54.613372802734375,19.898595809936523
2006-12-13,98.42500305175781,62.47999954223633,54.44538116455078,19.906524658203125
2006-12-14,99.292236328125,62.119998931884766,54.36955261230469,20.136423110961914
2006-12-15,99.30130767822266,61.0,54.35865783691406,20.23155975341797
2006-12-18,99.02921295166016,61.040000915527344,54.39118957519531,19.874197006225586
2006-12-19,99.21759796142578,61.79999923706055,54.42913055419922,20.109729766845703
2006-12-20,99.16179656982422,61.619998931884766,54.407413482666016,20.15033721923828
2006-12-21,98.79898071289062,61.380001068115234,54.515811920166016,19.94729232788086
2006-12-22,98.19209289550781,61.650001525878906,54.46709060668945,20.101608276367188
2006-12-26,98.7710952758789,61.97999954223633,54.45078659057617,19.792978286743164
2006-12-27,99.41988372802734,62.220001220703125,54.303401947021484,19.73612403869629
2006-12-28,99.21063995361328,62.900001525878906,54.23268508911133,19.8823184967041
2006-12-29,98.79898071289062,63.209999084472656,54.227264404296875,19.963537216186523
2007-01-03,98.62460327148438,62.279998779296875,54.34148025512695,19.33003044128418
2007-01-04,98.83386993408203,61.650001525878906,54.4556884765625,18.82647705078125
2007-01-05,98.04557800292969,60.16999816894531,54.417633056640625,18.761503219604492
2007-01-08,98.49900817871094,60.47999954223633,54.45023727416992,18.85896110534668
2007-01-09,98.41534423828125,60.849998474121094,54.45023727416992,18.69652557373047
2007-01-10,98.74323272705078,60.59000015258789,54.39039993286133,18.42038345336914
2007-01-11,99.17572021484375,60.630001068115234,54.28704071044922,18.39601707458496
2007-01-12,99.92918395996094,62.16999816894531,54.210906982421875,18.82647705078125
2007-01-16,99.73385620117188,61.970001220703125,54.281612396240234,18.39601707458496
2007-01-17,99.775634765625,62.63999938964844,54.24903106689453,18.558456420898438
2007-01-18,99.44082641601562,62.2599983215332,54.32515335083008,18.3635311126709
2007-01-19,99.63616180419922,63.0,54.303401947021484,18.63967514038086
2007-01-22,99.3292236328125,62.720001220703125,54.330623626708984,18.655916213989258
2007-01-23,99.62225341796875,64.2300033569336,54.227264404296875,19.24881362915039
2007-01-24,100.42446899414062,64.33000183105469,54.210906982421875,19.086376190185547
2007-01-25,99.24549102783203,64.05999755859375,54.14023971557617,18.915817260742188
2007-01-26,99.15480041503906,64.16999816894531,54.13478469848633,19.15135383605957
2007-01-29,99.0989990234375,63.77000045776367,54.06406021118164,18.761503219604492
2007-01-30,99.61521911621094,64.22000122070312,54.14570236206055,19.281301498413086
2007-01-31,100.28491973876953,64.83000183105469,54.18919372558594,19.484346389770508
2007-02-01,100.88491821289062,65.22000122070312,54.218135833740234,19.411251068115234
2007-02-02,101.02442932128906,64.27999877929688,54.294593811035156,19.663026809692383
2007-02-05,101.0523681640625,64.30999755859375,54.38191223144531,19.598054885864258
2007-02-06,101.0802230834961,64.79000091552734,54.48571014404297,19.50058937072754
2007-02-07,101.30352020263672,64.62999725341797,54.55121994018555,19.26505470275879
2007-02-08,101.17094421386719,65.5199966430664,54.583980560302734,19.711759567260742
2007-02-09,100.41748809814453,66.12000274658203,54.45842742919922,19.833585739135742
2007-02-12,100.0756607055664,65.66999816894531,54.40382766723633,19.45998191833496
2007-02-13,100.91979217529297,65.83999633789062,54.39832305908203,19.817340850830078
2007-02-14,101.58256530761719,66.37000274658203,54.605812072753906,19.5493221282959
2007-02-15,101.71507263183594,66.41000366210938,54.68230056762695,19.5493221282959
2007-02-16,101.66629028320312,66.36000061035156,54.720481872558594,19.89044189453125
2007-02-20,101.88252258300781,65.30999755859375,54.747779846191406,19.67115020751953
2007-02-21,101.84071350097656,67.3499984741211,54.74236297607422,20.093486785888672
2007-02-22,101.76396942138672,67.1500015258789,54.63311004638672,20.369630813598633
2007-02-23,101.36629486083984,67.72000122070312,54.764190673828125,20.49957847595215
2007-02-26,101.27555847167969,68.0999984741211,54.88433074951172,20.556434631347656
2007-02-27,97.3200454711914,65.41000366210938,55.10822296142578,20.166584014892578
2007-02-28,98.3176040649414,66.4800033569336,55.06999206542969,20.4752140045166
2007-03-01,98.0246353149414,65.81999969482422,55.06126022338867,20.329023361206055
2007-03-02,96.74099731445312,63.709999084472656,55.17633819580078,20.1422176361084
2007-03-05,95.82012176513672,62.93000030517578,55.14337921142578,19.841707229614258
2007-03-06,97.45954132080078,64.1500015258789,55.105072021484375,20.02851104736328
2007-03-07,97.36187744140625,64.30000305175781,55.14889907836914,20.304655075073242
2007-03-08,98.18509674072266,64.4800033569336,55.0995979309082,20.337142944335938
2007-03-09,98.21300506591797,64.25,54.94605255126953,20.06911849975586
2007-03-12,98.35946655273438,64.37000274658203,55.116024017333984,19.8823184967041
2007-03-13,96.447998046875,63.720001220703125,55.258541107177734,19.72800064086914
2007-03-14,97.16649627685547,63.939998626708984,55.19272994995117,19.768613815307617
2007-03-15,97.29910278320312,63.97999954223633,55.132442474365234,19.64678382873535
2007-03-16,97.02665710449219,64.62000274658203,55.137969970703125,19.695512771606445
2007-03-19,98.1963119506836,64.73999786376953,55.0995979309082,19.792978286743164
2007-03-20,98.735595703125,65.2699966430664,55.15439224243164,19.817340850830078
2007-03-21,100.36050415039062,65.81999969482422,55.22562789916992,19.84983253479004
2007-03-22,100.2834701538086,65.76000213623047,55.1214714050293,20.17470359802246
2007-03-23,100.43058013916016,65.1500015258789,55.04475402832031,20.182825088500977
2007-03-26,100.29743194580078,65.83999633789062,55.011863708496094,20.272167205810547
2007-03-27,100.05937194824219,65.69999694824219,55.022850036621094,20.329023361206055
2007-03-28,99.33094787597656,66.05000305175781,55.05022048950195,20.523944854736328
2007-03-29,99.43599700927734,65.6500015258789,54.96251678466797,20.921916961669922
2007-03-30,99.45702362060547,65.73999786376953,54.96251678466797,20.613285064697266
2007-04-02,99.5690689086914,65.8499984741211,55.033546447753906,20.41023826599121
2007-04-03,100.64071655273438,65.83000183105469,54.97846984863281,20.329023361206055
2007-04-04,100.75273895263672,66.80999755859375,55.03895568847656,20.556434631347656
2007-04-05,101.02591705322266,66.86000061035156,54.98948669433594,20.597042083740234
2007-04-09,101.16608428955078,66.52999877929688,54.78034973144531,20.385875701904297
2007-04-10,101.2850570678711,67.16000366210938,54.86293029785156,20.670141220092773
2007-04-11,100.87184143066406,67.08000183105469,54.829933166503906,20.637651443481445
2007-04-12,101.32009887695312,66.98999786376953,54.89592361450195,20.759479522705078
2007-04-13,101.78236389160156,67.83999633789062,54.807823181152344,20.873186111450195
2007-04-16,102.7489242553711,68.4000015258789,54.917972564697266,20.71074867248535
2007-04-17,103.02206420898438,68.0,55.077598571777344,20.49957847595215
2007-04-18,103.14813995361328,68.37999725341797,55.16006088256836,20.507701873779297
2007-04-19,103.12014770507812,67.52999877929688,55.1380615234375,20.450849533081055
2007-04-20,104.09361267089844,68.69999694824219,55.110618591308594,20.73511505126953
2007-04-23,103.70147705078125,68.26000213623047,55.165645599365234,20.873186111450195
2007-04-24,103.74349212646484,67.7300033569336,55.193111419677734,20.588918685913086
2007-04-25,104.69602966308594,67.88999938964844,55.215171813964844,20.995012283325195
2007-04-26,104.81510925292969,66.87000274658203,55.110618591308594,20.84882164001465
2007-04-27,104.73104858398438,67.55999755859375,55.09957504272461,20.954402923583984
2007-04-30,103.8625717163086,67.08999633789062,55.28667449951172,20.76759910583496
2007-05-01,104.12874603271484,66.69000244140625,55.25461959838867,20.808210372924805
2007-05-02,104.73806762695312,66.66000366210938,55.271217346191406,20.645774841308594
2007-05-03,105.30537414550781,67.48999786376953,55.21049880981445,20.74323272705078
2007-05-04,105.7046127319336,68.19000244140625,55.28225326538086,20.702627182006836
2007-05-07,105.72560119628906,68.25,55.33751678466797,20.60516357421875
2007-05-08,105.58548736572266,67.87999725341797,55.27672576904297,20.4752140045166
2007-05-09,105.87271881103516,67.44999694824219,55.21049880981445,20.369630813598633
2007-05-10,104.7660903930664,66.0,55.304351806640625,20.288408279418945
2007-05-11,105.66259002685547,66.44999694824219,55.19389343261719,20.588918685913086
2007-05-14,105.43147277832031,66.27999877929688,55.20488357543945,20.515823364257812
2007-05-15,105.45948791503906,66.54000091552734,55.18284606933594,20.718870162963867
2007-05-16,106.18084716796875,65.5999984741211,55.19389343261719,20.515823364257812
2007-05-17,105.97076416015625,65.05999755859375,55.099971771240234,20.68638038635254
2007-05-18,106.89527130126953,65.5199966430664,54.93973922729492,20.653894424438477
2007-05-21,106.8392562866211,65.66999816894531,55.05023956298828,20.85694122314453
2007-05-22,106.75520324707031,65.19999694824219,54.93973922729492,20.556434631347656
2007-05-23,106.76921081542969,65.54000091552734,54.89558792114258,20.653894424438477
2007-05-24,105.80268096923828,64.75,54.917667388916016,20.540191650390625
2007-05-25,106.2439193725586,64.94000244140625,54.89003372192383,20.791967391967773
2007-05-29,106.62916564941406,65.06999969482422,54.834774017333984,20.337142944335938
2007-05-30,107.49756622314453,64.72000122070312,54.90107727050781,20.53207015991211
2007-05-31,107.38554382324219,65.54000091552734,54.77958679199219,20.718870162963867
2007-06-01,107.9178695678711,66.44000244140625,54.72293472290039,20.873186111450195
2007-06-04,107.931884765625,66.54000091552734,54.789527893066406,21.059988021850586
2007-06-05,107.50458526611328,66.37000274658203,54.63420867919922,20.978769302368164
2007-06-06,106.34896087646484,66.41000366210938,54.65633773803711,20.970645904541016
2007-06-07,104.42989349365234,65.26000213623047,54.27908706665039,21.07623291015625
2007-06-08,105.78864288330078,64.22000122070312,54.21248245239258,20.702627182006836
2007-06-11,105.97076416015625,64.69999694824219,54.25136947631836,21.100597381591797
2007-06-12,104.81510925292969,64.0999984741211,53.92953872680664,21.043745040893555
2007-06-13,106.38398742675781,64.52999877929688,54.012786865234375,21.311767578125
2007-06-14,107.06341552734375,64.5999984741211,54.118194580078125,21.514812469482422
2007-06-15,107.67255401611328,64.8499984741211,54.31239700317383,21.644763946533203
2007-06-18,107.54594421386719,64.94999694824219,54.351226806640625,21.644763946533203
2007-06-19,107.81326293945312,65.4800033569336,54.523197174072266,21.433591842651367
2007-06-20,106.31494903564453,64.70999908447266,54.35679244995117,21.45796012878418
2007-06-21,106.90579223632812,64.55999755859375,54.29019546508789,21.360496520996094
2007-06-22,105.89995574951172,64.77999877929688,54.41783142089844,21.311767578125
2007-06-25,105.39347076416016,64.43000030517578,54.467750549316406,21.230546951293945
2007-06-26,104.3102035522461,63.619998931884766,54.40113067626953,20.986892700195312
2007-06-27,105.79444122314453,63.66999816894531,54.506553649902344,20.954402923583984
2007-06-28,105.78036499023438,64.26000213623047,54.467750549316406,20.88943099975586
2007-06-29,105.81549072265625,64.2699966430664,54.573123931884766,20.873186111450195
2007-07-02,106.77218627929688,65.0199966430664,54.71857833862305,21.00313949584961
2007-07-03,107.15901184082031,64.73999786376953,54.657283782958984,21.02750015258789
2007-07-05,107.04646301269531,64.41999816894531,54.42884063720703,21.222423553466797
2007-07-06,107.60924530029297,64.95999908447266,54.334129333496094,21.401105880737305
2007-07-09,107.69367218017578,65.37999725341797,54.42884063720703,21.352375030517578
2007-07-10,106.16022491455078,65.61000061035156,54.66289138793945,21.50669288635254
2007-07-11,106.9128646850586,65.44000244140625,54.54029083251953,21.555419921875
2007-07-12,108.60108184814453,66.0199966430664,54.484561920166016,21.612274169921875
2007-07-13,108.92462921142578,66.02999877929688,54.551429748535156,21.644763946533203
2007-07-16,108.91055297851562,65.81999969482422,54.66289138793945,21.26303482055664
2007-07-17,108.85425567626953,65.75,54.56253433227539,21.133087158203125
2007-07-18,108.65731048583984,66.62000274658203,54.70185089111328,21.376739501953125
2007-07-19,109.07938385009766,67.01000213623047,54.70185089111328,21.449838638305664
2007-07-20,107.9749755859375,67.58000183105469,54.83006286621094,21.44171714782715
2007-07-23,108.30563354492188,67.47000122070312,54.796573638916016,21.344255447387695
2007-07-24,106.4274673461914,67.47000122070312,54.908042907714844,21.181814193725586
2007-07-25,106.64554595947266,66.9000015258789,54.8746452331543,21.36861801147461
2007-07-26,104.12028503417969,65.6500015258789,55.06960678100586,21.14120864868164
2007-07-27,102.07328033447266,65.41000366210938,55.01388931274414,21.344255447387695
2007-07-30,103.67008972167969,65.7699966430664,54.986026763916016,21.100597381591797
2007-07-31,102.50237274169922,65.79000091552734,55.15876388549805,21.271154403686523
2007-08-01,103.00184631347656,65.93000030517578,55.03058624267578,21.23866844177246
2007-08-02,103.82486724853516,65.88999938964844,55.0026741027832,21.271154403686523
2007-08-03,101.15184020996094,66.69000244140625,55.24332046508789,21.03562355041504
2007-08-06,102.8470458984375,66.5199966430664,55.15373229980469,20.74323272705078
2007-08-07,103.94441223144531,66.4800033569336,55.11456298828125,20.85694122314453
2007-08-08,105.39347076416016,66.7699966430664,55.047420501708984,20.824453353881836
2007-08-09,102.2702407836914,65.45999908447266,55.11456298828125,20.662017822265625
2007-08-10,101.7919921875,66.56999969482422,54.929901123046875,20.73511505126953
2007-08-13,102.15776824951172,66.26000213623047,55.03058624267578,20.588918685913086
2007-08-14,100.59610748291016,66.29000091552734,55.18170166015625,20.653894424438477
2007-08-15,99.21045684814453,66.12999725341797,55.25446701049805,20.808210372924805
2007-08-16,99.95603942871094,64.68000030517578,55.22093200683594,20.450849533081055
2007-08-17,101.7919921875,65.01000213623047,55.344032287597656,20.434602737426758
2007-08-20,101.74271392822266,65.12000274658203,55.29359436035156,20.491455078125
2007-08-21,101.94670104980469,65.06999969482422,55.55108642578125,20.45897102355957
2007-08-22,103.15658569335938,65.4000015258789,55.506343841552734,20.507701873779297
2007-08-23,103.06513977050781,65.30999755859375,55.5734748840332,20.572677612304688
2007-08-24,104.33831787109375,66.11000061035156,55.433570861816406,20.81633186340332
2007-08-27,103.36760711669922,65.9800033569336,55.601497650146484,20.8406982421875
2007-08-28,101.09552764892578,65.58999633789062,55.8253059387207,20.62140655517578
2007-08-29,103.07913970947266,66.06999969482422,55.71342468261719,20.81633186340332
2007-08-30,102.80487060546875,65.80000305175781,55.83092498779297,20.85694122314453
2007-08-31,103.81783294677734,66.5199966430664,55.8644905090332,20.865062713623047
2007-09-04,104.86585235595703,67.44000244140625,55.802101135253906,21.100597381591797
2007-09-05,103.95845794677734,67.55999755859375,55.98197937011719,21.14120864868164
2007-09-06,104.19767761230469,68.86000061035156,55.97072982788086,21.059988021850586
2007-09-07,102.74861907958984,69.38999938964844,56.31916427612305,21.198062896728516
2007-09-10,102.55166625976562,69.62000274658203,56.45409393310547,21.344255447387695
2007-09-11,103.74746704101562,70.5199966430664,56.3529167175293,21.392986297607422
2007-09-12,104.0147476196289,70.45999908447266,56.274253845214844,21.620397567749023
2007-09-13,104.74632263183594,70.08000183105469,56.11125183105469,21.45796012878418
2007-09-14,104.73930358886719,69.98999786376953,56.15060043334961,21.47420310974121
2007-09-17,104.17658996582031,70.97000122070312,56.17304992675781,21.72597885131836
2007-09-18,107.24341583251953,71.69999694824219,56.29109191894531,21.807199478149414
2007-09-19,107.87655639648438,71.43000030517578,56.279815673828125,21.994001388549805
2007-09-20,107.11686706542969,72.72000122070312,55.88078308105469,22.335121154785156
2007-09-21,107.40595245361328,72.33999633789062,56.043800354003906,22.489437103271484
2007-09-24,107.20803833007812,72.27999877929688,56.049400329589844,22.44882583618164
2007-09-25,106.99600219726562,72.33000183105469,56.09441375732422,22.28639030456543
2007-09-26,107.56141662597656,72.0,56.03813934326172,22.31887435913086
2007-09-27,108.19749450683594,72.69999694824219,56.13373565673828,22.903650283813477
2007-09-28,107.83702850341797,73.51000213623047,56.218040466308594,22.830554962158203
2007-10-01,109.05265808105469,73.9000015258789,56.02836990356445,22.595020294189453
2007-10-02,108.90419006347656,72.3499984741211,56.24289321899414,22.140195846557617
2007-10-03,108.68515014648438,71.9000015258789,56.27114486694336,22.16456413269043
2007-10-04,108.85478210449219,72.87000274658203,56.248470306396484,22.473190307617188
2007-10-05,110.14814758300781,73.4000015258789,55.802642822265625,22.538166046142578
2007-10-08,109.56150817871094,72.52999877929688,56.24289321899414,22.067096710205078
2007-10-09,110.59342956542969,73.08999633789062,56.124366760253906,22.22141456604004
2007-10-10,110.40965270996094,73.36000061035156,56.197723388671875,22.481313705444336
2007-10-11,109.87957000732422,73.91000366210938,56.23724365234375,22.733091354370117
2007-10-12,110.48735809326172,74.58999633789062,56.130001068115234,22.838674545288086
2007-10-15,109.55445861816406,75.13999938964844,56.14693069458008,23.228525161743164
2007-10-16,108.68515014648438,75.12000274658203,56.23724365234375,23.25288963317871
2007-10-17,109.01730346679688,74.5,56.429115295410156,23.131061553955078
2007-10-18,108.62153625488281,76.0,56.59281921386719,23.545278549194336
2007-10-19,105.78036499023438,75.69999694824219,56.852439880371094,23.480302810668945
2007-10-22,106.3952407836914,74.5999984741211,56.83549880981445,23.415328979492188
2007-10-23,107.25748443603516,75.2300033569336,56.81853103637695,23.25288963317871
2007-10-24,107.05962371826172,75.5199966430664,57.0669059753418,23.334110260009766
2007-10-25,107.31399536132812,76.02999877929688,56.920143127441406,23.878271102905273
2007-10-26,108.57209014892578,77.69000244140625,56.8693733215332,24.243757247924805
2007-10-29,108.9325180053711,78.12000274658203,56.8693733215332,24.6417293548584
2007-10-30,108.17623138427734,77.3499984741211,56.94272232055664,24.089441299438477
2007-10-31,109.30001068115234,78.62000274658203,56.784706115722656,24.771678924560547
2007-11-01,106.74152374267578,77.93000030517578,56.924720764160156,24.454927444458008
2007-11-02,106.86175537109375,79.83000183105469,56.98703384399414,24.982847213745117
2007-11-05,106.04893493652344,79.75,56.93605041503906,24.82040786743164
2007-11-06,107.47655487060547,81.43000030517578,56.86235809326172,25.47015953063965
2007-11-07,104.53646087646484,82.23999786376953,56.873680114746094,25.340208053588867
2007-11-08,104.00637817382812,82.2300033569336,56.930355072021484,25.27523422241211
2007-11-09,102.5787353515625,82.18000030517578,57.128719329833984,25.267114639282227
2007-11-12,101.56103515625,78.30000305175781,57.049407958984375,24.714824676513672
2007-11-13,104.65664672851562,79.12000274658203,57.055015563964844,24.243757247924805
2007-11-14,104.3668212890625,80.27999877929688,57.03236389160156,24.787925720214844
2007-11-15,102.86148071289062,77.94999694824219,57.276058197021484,24.544265747070312
2007-11-16,103.03814697265625,77.75,57.23640441894531,24.625486373901367
2007-11-19,101.6034164428711,77.23999786376953,57.36104202270508,24.812286376953125
2007-11-20,102.22541046142578,79.47000122070312,57.24212646484375,25.429548263549805
2007-11-21,100.13339233398438,79.36000061035156,57.6784553527832,25.462039947509766
2007-11-23,101.86492156982422,81.25,57.38376998901367,25.697572708129883
2007-11-26,99.6174545288086,81.30000305175781,57.905155181884766,25.380821228027344
2007-11-27,100.76237487792969,80.0999984741211,57.667118072509766,25.177772521972656
2007-11-28,103.98517608642578,79.56999969482422,57.525455474853516,24.869140625
2007-11-29,104.02049255371094,78.27999877929688,57.68983459472656,24.925994873046875
2007-11-30,105.06658172607422,77.31999969482422,57.808807373046875,24.617361068725586
2007-12-03,104.37390899658203,78.27999877929688,58.11434555053711,24.796045303344727
2007-12-04,103.44099426269531,79.4000015258789,57.89247512817383,24.90974998474121
2007-12-05,105.17257690429688,78.62999725341797,57.78437805175781,24.72294807434082
2007-12-06,106.6779556274414,79.37000274658203,57.72178649902344,25.169649124145508
2007-12-07,106.6567153930664,78.5999984741211,57.3917121887207,25.08843231201172
2007-12-10,107.48371124267578,80.0,57.27791213989258,25.072187423706055
2007-12-11,104.53646087646484,78.83999633789062,57.5567741394043,25.29147720336914
2007-12-12,105.56834411621094,80.48999786376953,57.49985885620117,25.981836318969727
2007-12-13,105.34921264648438,78.5,57.27791213989258,25.705692291259766
2007-12-14,104.01353454589844,78.5199966430664,57.11859130859375,25.52701187133789
2007-12-17,102.52928924560547,78.12999725341797,57.20395278930664,25.40216636657715
2007-12-18,103.10179138183594,79.25,57.50555419921875,25.293962478637695
2007-12-19,103.10179138183594,79.23999786376953,57.625022888183594,25.53533363342285
2007-12-20,103.75196075439453,78.66999816894531,57.573795318603516,25.427135467529297
2007-12-21,105.2475814819336,80.0999984741211,57.323455810546875,25.726768493652344
2007-12-24,106.02910614013672,80.13999938964844,57.34052658081055,25.91819953918457
2007-12-26,106.25652313232422,81.5199966430664,57.16410827636719,26.22615623474121
2007-12-27,104.9207534790039,81.55999755859375,57.477806091308594,26.317707061767578
2007-12-28,104.65789031982422,83.0,57.786354064941406,26.23447608947754
2007-12-31,103.8833999633789,82.45999908447266,57.803462982177734,26.26776885986328
2008-01-02,102.9739990234375,84.86000061035156,58.07771301269531,26.99188232421875
2008-01-03,102.92422485351562,85.56999969482422,58.23200225830078,27.19995880126953
2008-01-04,100.40193176269531,85.12999725341797,58.351932525634766,27.04182243347168
2008-01-07,100.3166732788086,84.7699966430664,58.426239013671875,26.55075454711914
2008-01-08,98.69671630859375,86.77999877929688,58.57477951049805,26.792123794555664
2008-01-09,99.73406982421875,86.55000305175781,58.43763732910156,26.525785446166992
2008-01-10,100.38768768310547,88.25,58.3176383972168,26.400936126708984
2008-01-11,99.5777587890625,88.58000183105469,58.56909942626953,26.64230728149414
2008-01-14,100.38062286376953,89.54000091552734,58.614768981933594,26.97523307800293
2008-01-15,98.17095947265625,87.98999786376953,58.826175689697266,26.64230728149414
2008-01-16,97.3254165649414,86.69999694824219,58.64906311035156,26.392616271972656
2008-01-17,94.80313873291016,86.5,59.00331115722656,26.051368713378906
2008-01-18,93.82972717285156,87.41999816894531,58.99187088012695,26.151247024536133
2008-01-22,92.8776626586914,88.16999816894531,59.083290100097656,26.059690475463867
2008-01-23,95.10863494873047,87.88999938964844,58.906185150146484,25.568626403808594
2008-01-24,95.9115219116211,90.08000183105469,58.757606506347656,26.201187133789062
2008-01-25,94.52601623535156,90.30000305175781,58.86050033569336,26.783803939819336
2008-01-28,96.08911895751953,91.75,58.97471237182617,26.908649444580078
2008-01-29,96.56519317626953,91.1500015258789,58.79189682006836,27.133371353149414
2008-01-30,95.85466003417969,92.05999755859375,58.88329315185547,26.900327682495117
2008-01-31,97.60250854492188,91.4000015258789,59.140403747558594,27.033496856689453
2008-02-01,99.17274475097656,89.3499984741211,59.08017349243164,26.559080123901367
2008-02-04,97.92224884033203,89.0999984741211,59.04572677612305,27.025175094604492
2008-02-05,95.30049896240234,87.68000030517578,59.22935485839844,26.800451278686523
2008-02-06,94.53312683105469,88.94999694824219,59.1834602355957,26.675601959228516
2008-02-07,95.15837860107422,89.8499984741211,58.661434173583984,27.00020408630371
2008-02-08,94.5473403930664,91.0,58.9425163269043,27.80754852294922
2008-02-11,95.0304946899414,91.33000183105469,59.068763732910156,27.99065589904785
2008-02-12,95.9115219116211,89.33000183105469,59.04572677612305,27.424686431884766
2008-02-13,96.8919906616211,89.44000244140625,58.69583511352539,27.649410247802734
2008-02-14,96.0394058227539,89.70999908447266,58.512264251708984,28.207056045532227
2008-02-15,96.0180892944336,89.1500015258789,58.48353576660156,28.073888778686523
2008-02-19,96.28807067871094,91.58000183105469,58.20248031616211,28.989431381225586
2008-02-20,96.57230377197266,93.23999786376953,58.1107177734375,29.139244079589844
2008-02-21,95.76941680908203,93.25,58.58688735961914,28.981107711791992
2008-02-22,96.35913848876953,93.38999938964844,58.277095794677734,29.380615234375
2008-02-25,97.57414245605469,92.73999786376953,58.070587158203125,29.66360092163086
2008-02-26,98.30593872070312,93.70999908447266,58.351646423339844,30.296161651611328
2008-02-27,98.20645141601562,94.77999877929688,58.47213363647461,30.254541397094727
2008-02-28,97.24725341796875,95.98999786376953,58.82203674316406,30.545854568481445
2008-02-29,95.08023834228516,96.18000030517578,59.04572677612305,30.046466827392578
2008-03-03,94.85285186767578,97.23999786376953,59.035987854003906,30.487594604492188
2008-03-04,94.49053955078125,95.18000030517578,58.78258514404297,30.379396438598633
2008-03-05,95.08736419677734,97.72000122070312,58.40840148925781,31.04524040222168
2008-03-06,93.11920166015625,96.5,58.322025299072266,31.278289794921875
2008-03-07,92.16004180908203,96.08999633789062,58.5004997253418,30.962013244628906
2008-03-10,90.9450912475586,95.87000274658203,58.811397552490234,31.54463005065918
2008-03-11,94.21343994140625,95.98999786376953,58.454463958740234,32.03569412231445
2008-03-12,93.33236694335938,97.01000213623047,59.05326461791992,32.38526153564453
2008-03-13,93.5384292602539,98.33999633789062,58.7999153137207,32.418556213378906
2008-03-14,92.08897399902344,98.70999908447266,59.04750061035156,32.37694549560547
2008-03-17,91.15819549560547,99.16999816894531,59.30082321166992,31.078535079956055
2008-03-18,94.9452133178711,96.5,59.16265869140625,31.769350051879883
2008-03-19,92.59341430664062,93.04000091552734,59.341148376464844,30.396039962768555
2008-03-20,94.30851745605469,89.91000366210938,59.54844284057617,29.17254066467285
2008-03-24,96.19355010986328,90.0999984741211,59.11082458496094,29.705215454101562
2008-03-25,96.28639221191406,92.7300033569336,59.2202262878418,30.004852294921875
2008-03-26,95.1082534790039,93.80000305175781,59.04750061035156,30.903745651245117
2008-03-27,94.80835723876953,93.45999908447266,59.07054138183594,31.244993209838867
2008-03-28,93.90155029296875,91.87999725341797,59.214481353759766,30.504241943359375
2008-03-31,94.22994995117188,90.41000366210938,59.12234115600586,29.771804809570312
2008-04-01,97.54308319091797,86.86000061035156,58.72052001953125,29.60533905029297
2008-04-02,97.60735321044922,89.2699966430664,58.749412536621094,30.487594604492188
2008-04-03,97.85010528564453,89.41999816894531,58.934471130371094,30.654054641723633
2008-04-04,97.7430191040039,90.25,59.23507308959961,30.87045669555664
2008-04-07,97.79298400878906,91.16999816894531,59.22929000854492,31.203384399414062
2008-04-08,97.69303894042969,90.3499984741211,59.223487854003906,31.328227996826172
2008-04-09,96.98614501953125,92.29000091552734,59.48367691040039,31.852581024169922
2008-04-10,97.12181091308594,91.7699966430664,59.29867935180664,31.711091995239258
2008-04-11,95.23680877685547,91.30000305175781,59.42585372924805,31.58624267578125
2008-04-14,94.9154281616211,91.11000061035156,59.35649871826172,31.802642822265625
2008-04-15,95.13680267333984,91.66000366210938,59.038536071777344,32.185508728027344
2008-04-16,97.71444702148438,93.2699966430664,58.824615478515625,32.493465423583984
2008-04-17,97.85721588134766,92.55999755859375,58.813079833984375,32.34364700317383
2008-04-18,98.87830352783203,90.62000274658203,58.96913146972656,32.360294342041016
2008-04-21,98.92830657958984,90.25,58.97492980957031,32.40190505981445
2008-04-22,98.49270629882812,90.2699966430664,59.061683654785156,32.601661682128906
2008-04-23,98.33564758300781,89.22000122070312,59.00383377075195,32.29370880126953
2008-04-24,98.76407623291016,87.22000122070312,58.78414535522461,31.752704620361328
2008-04-25,99.67800903320312,87.2699966430664,58.726356506347656,32.335323333740234
2008-04-28,99.6994400024414,87.69000244140625,58.87088394165039,32.41022872924805
2008-04-29,99.30672454833984,85.80999755859375,58.95762634277344,31.62786293029785
2008-04-30,98.72122192382812,86.6500015258789,59.31602096557617,31.56960105895996
2008-05-01,100.7633285522461,83.98999786376953,59.215091705322266,30.837162017822266
2008-05-02,101.04180908203125,84.58000183105469,59.11652374267578,31.619537353515625
2008-05-05,100.55628204345703,86.2699966430664,59.139705657958984,32.27706527709961
2008-05-06,101.42736053466797,86.62999725341797,58.948333740234375,32.7015380859375
2008-05-07,99.62088012695312,85.81999969482422,59.11652374267578,32.759803771972656
2008-05-08,99.36380767822266,87.23999786376953,59.267295837402344,33.292484283447266
2008-05-09,99.1781997680664,87.41999816894531,59.29052734375,33.80851364135742
2008-05-12,100.29203796386719,86.98999786376953,59.186153411865234,33.234222412109375
2008-05-13,100.30633544921875,85.38999938964844,58.84972381591797,33.417327880859375
2008-05-14,100.51346588134766,85.19999694824219,58.93670654296875,32.87632369995117
2008-05-15,101.7701187133789,87.0,59.249969482421875,33.25086975097656
2008-05-16,101.86295318603516,89.0999984741211,59.104888916015625,33.733612060546875
2008-05-19,102.14142608642578,89.38999938964844,59.20352554321289,33.78355026245117
2008-05-20,101.3131103515625,90.9000015258789,59.33110809326172,34.2496452331543
2008-05-21,99.59945678710938,91.95999908447266,59.249969482421875,35.248416900634766
2008-05-22,99.61376190185547,90.9800033569336,58.89614486694336,34.7407112121582
2008-05-23,98.27851104736328,91.2300033569336,59.1223258972168,34.807289123535156
2008-05-27,99.0068588256836,89.36000061035156,58.79172897338867,34.2496452331543
2008-05-28,99.46379852294922,89.13999938964844,58.519100189208984,34.466041564941406
2008-05-29,99.96363067626953,86.51000213623047,58.35673141479492,33.52552795410156
2008-05-30,100.21351623535156,87.44999694824219,58.5655403137207,33.7502555847168
2008-06-02,99.1781997680664,87.95999908447266,58.78328323364258,34.19970703125
2008-06-03,98.5998306274414,86.87999725341797,58.89391326904297,33.39236068725586
2008-06-04,98.54985046386719,86.6500015258789,58.68434143066406,32.892974853515625
2008-06-05,100.52057647705078,86.44999694824219,58.46890640258789,34.14144515991211
2008-06-06,97.31456756591797,89.05999755859375,58.79496383666992,35.0153694152832
2008-06-09,97.5501937866211,87.98999786376953,58.497989654541016,35.37326431274414
2008-06-10,97.06466674804688,85.55000305175781,58.189395904541016,35.231773376464844
2008-06-11,95.6365966796875,87.0199966430664,58.265113830566406,36.530181884765625
2008-06-12,96.00079345703125,85.5999984741211,57.904117584228516,36.521854400634766
2008-06-13,97.21459197998047,85.83000183105469,57.75851821899414,36.2888069152832
2008-06-16,97.2717514038086,87.01000213623047,57.82258605957031,36.255516052246094
2008-06-17,96.80047607421875,87.25,58.02056884765625,36.62173080444336
2008-06-18,95.85797882080078,88.27999877929688,58.265113830566406,37.121124267578125
2008-06-19,95.97936248779297,88.41999816894531,57.96812438964844,36.255516052246094
2008-06-20,94.4214096069336,88.94999694824219,58.1428337097168,36.50520324707031
2008-06-23,94.32817077636719,87.08999633789062,58.06715393066406,36.76322555541992
2008-06-24,94.1416244506836,87.47000122070312,58.18364334106445,36.771549224853516
2008-06-25,94.58647918701172,87.41999816894531,58.212677001953125,36.63005447387695
2008-06-26,92.01749420166016,90.61000061035156,58.28839111328125,37.84523391723633
2008-06-27,91.51518249511719,91.47000122070312,58.4280891418457,37.94511032104492
2008-06-30,91.83809661865234,91.4000015258789,58.45722961425781,37.27093505859375
2008-07-01,92.1251449584961,92.66000366210938,58.25502395629883,37.928462982177734
2008-07-02,90.54641723632812,93.16999816894531,58.18486404418945,38.65257263183594
2008-07-03,90.63972473144531,92.05999755859375,58.20242691040039,38.63592529296875
2008-07-07,89.7140121459961,91.2300033569336,58.407012939453125,38.111572265625
2008-07-08,91.30709838867188,90.86000061035156,58.63493347167969,36.72993469238281
2008-07-09,89.54894256591797,91.5,58.862850189208984,36.70496368408203
2008-07-10,89.91490173339844,93.52999877929688,58.915428161621094,37.703739166259766
2008-07-11,88.86723327636719,95.16000366210938,58.582298278808594,38.22809982299805
2008-07-14,88.06352996826172,95.91000366210938,58.66999435424805,38.24474334716797
2008-07-15,86.82205200195312,96.16999816894531,58.89794158935547,37.02956771850586
2008-07-16,88.95333099365234,94.44000244140625,58.44792556762695,36.463600158691406
2008-07-17,89.84318542480469,94.22000122070312,58.19070816040039,35.6063117980957
2008-07-18,90.40293884277344,94.16999816894531,57.851749420166016,34.99872589111328
2008-07-21,90.45310974121094,95.12000274658203,58.15564727783203,35.42320251464844
2008-07-22,91.47929382324219,93.05999755859375,57.95692825317383,34.64915466308594
2008-07-23,91.97444915771484,90.56999969482422,58.02705001831055,33.86677551269531
2008-07-24,90.06561279296875,91.33000183105469,58.43037033081055,33.89175033569336
2008-07-25,90.04408264160156,91.69000244140625,58.13227081298828,33.46726608276367
2008-07-28,88.72372436523438,91.7300033569336,58.39529037475586,33.63373565673828
2008-07-29,90.61817932128906,90.58999633789062,58.32510757446289,33.25086975097656
2008-07-30,92.2327651977539,89.5199966430664,58.38943099975586,33.90839767456055
2008-07-31,91.01287078857422,90.08000183105469,58.68751525878906,33.62540817260742
2008-08-01,90.53206634521484,89.56999969482422,58.618289947509766,33.25086975097656
2008-08-04,89.6924819946289,88.13999938964844,58.44814682006836,32.1522216796875
2008-08-05,92.11077880859375,86.08000183105469,58.34830093383789,31.927488327026367
2008-08-06,92.51980590820312,86.63999938964844,58.28376770019531,31.58624267578125
2008-08-07,91.14205932617188,86.08999633789062,58.58897399902344,31.761030197143555
2008-08-08,92.83556365966797,84.43000030517578,58.50093078613281,30.87045669555664
2008-08-11,93.79713439941406,81.12999725341797,58.35423278808594,30.837162017822266
2008-08-12,92.82123565673828,80.5199966430664,58.6007080078125,30.570819854736328
2008-08-13,92.26151275634766,81.55999755859375,58.50093078613281,31.594562530517578
2008-08-14,92.9575424194336,79.3499984741211,58.6417236328125,31.31990623474121
2008-08-15,93.40962982177734,77.62999725341797,58.811981201171875,30.89542579650879
2008-08-18,92.13230895996094,78.80000305175781,58.911643981933594,31.070209503173828
2008-08-19,91.127685546875,80.43000030517578,58.86475372314453,31.552953720092773
2008-08-20,91.55107879638672,80.05999755859375,58.958621978759766,31.802642822265625
2008-08-21,91.7089614868164,82.30000305175781,58.97037124633789,33.167633056640625
2008-08-22,93.03649139404297,81.08000183105469,58.90581512451172,32.04401397705078
2008-08-25,91.14921569824219,80.93000030517578,59.08773422241211,31.86090660095215
2008-08-26,91.41470336914062,81.2300033569336,59.017333984375,31.877553939819336
2008-08-27,92.30455017089844,81.36000061035156,59.08773422241211,32.177181243896484
2008-08-28,93.42396545410156,82.18000030517578,59.14057922363281,31.54463005065918
2008-08-29,92.41936492919922,81.70999908447266,59.12291717529297,31.428102493286133
2008-09-02,91.84528350830078,79.19999694824219,59.319705963134766,30.612436294555664
2008-09-03,91.76632690429688,78.88999938964844,59.30796432495117,30.43765640258789
2008-09-04,89.00357818603516,78.38999938964844,59.52593231201172,30.004852294921875
2008-09-05,89.28343200683594,78.9800033569336,59.349185943603516,29.705215454101562
2008-09-08,91.127685546875,78.86000061035156,59.72034454345703,29.638633728027344
2008-09-09,88.42230987548828,76.48999786376953,59.985435485839844,28.556629180908203
2008-09-10,88.78114318847656,74.22000122070312,59.944210052490234,28.598243713378906
2008-09-11,90.06561279296875,73.08000183105469,59.86760330200195,28.356874465942383
2008-09-12,90.48182678222656,75.55000305175781,59.62605667114258,28.54830551147461
2008-09-15,86.1762466430664,77.55999755859375,59.86172103881836,27.424686431884766
2008-09-16,87.61865997314453,76.79000091552734,59.254947662353516,26.867034912109375
2008-09-17,83.67903900146484,85.45999908447266,59.402191162109375,27.67437744140625
2008-09-18,86.1618881225586,82.80000305175781,59.23724365234375,27.72431755065918
2008-09-19,89.58373260498047,85.9800033569336,59.5023307800293,28.639860153198242
2008-09-22,87.55558776855469,89.18000030517578,58.57154846191406,29.63031005859375
2008-09-23,85.5635757446289,88.31999969482422,58.48318862915039,29.339004516601562
2008-09-24,85.83786010742188,86.70999908447266,58.553855895996094,29.097631454467773
2008-09-25,87.18028259277344,86.44999694824219,58.44780349731445,29.60533905029297
2008-09-26,87.22358703613281,86.63999938964844,58.15322494506836,29.255769729614258
2008-09-29,80.3886489868164,89.56999969482422,57.88808822631836,27.44133186340332
2008-09-30,83.71583557128906,85.06999969482422,58.0825309753418,28.207056045532227
2008-10-01,83.76638793945312,85.97000122070312,57.668514251708984,27.549528121948242
2008-10-02,80.72785186767578,82.33000183105469,57.89326858520508,26.026397705078125
2008-10-03,79.63796997070312,82.58999633789062,58.330963134765625,25.418811798095703
2008-10-06,75.5817642211914,84.27999877929688,58.348670959472656,24.336807250976562
2008-10-07,72.19673919677734,87.2699966430664,57.14206314086914,24.636438369750977
2008-10-08,70.37796020507812,89.41999816894531,55.994651794433594,24.994333267211914
2008-10-09,65.46279907226562,89.9000015258789,56.12477111816406,23.8290958404541
2008-10-10,63.87497329711914,83.22000122070312,52.286136627197266,22.77206039428711
2008-10-13,73.14945983886719,81.98999786376953,54.308963775634766,24.03717041015625
2008-10-14,72.06681060791016,82.19999694824219,55.45052719116211,23.596050262451172
2008-10-15,64.9720230102539,83.30999755859375,56.33770751953125,22.522363662719727
2008-10-16,67.67861938476562,79.29000091552734,55.45052719116211,22.097885131835938
2008-10-17,67.27439880371094,77.20999908447266,55.65163803100586,22.347579956054688
2008-10-20,71.31616973876953,78.5,56.645294189453125,22.79703140258789
2008-10-21,69.18705749511719,76.02999877929688,57.14206314086914,21.981365203857422
2008-10-22,65.4195327758789,71.70999908447266,57.80455017089844,20.94097137451172
2008-10-23,66.17733764648438,70.6500015258789,56.78724670410156,21.02420425415039
2008-10-24,62.82119369506836,72.20999908447266,56.30813217163086,20.18356704711914
2008-10-27,60.59100341796875,72.18000030517578,55.746238708496094,20.033750534057617
2008-10-28,67.67138671875,73.79000091552734,55.941402435302734,20.58307647705078
2008-10-29,67.18058013916016,74.0,57.006065368652344,21.798254013061523
2008-10-30,69.5046157836914,72.70999908447266,56.935123443603516,20.899356842041016
2008-10-31,69.88713073730469,71.33999633789062,56.75765609741211,21.132402420043945
2008-11-03,70.08920288085938,71.0999984741211,55.8548469543457,20.899356842041016
2008-11-04,72.47101593017578,75.4800033569336,56.75172424316406,21.84819221496582
2008-11-05,69.42520141601562,72.80000305175781,57.612911224365234,21.2822208404541
2008-11-06,65.5783462524414,72.22000122070312,57.37533950805664,20.35003089904785
2008-11-07,67.74354553222656,72.5,57.6663703918457,20.375
2008-11-10,66.85577392578125,73.58000183105469,57.29814529418945,20.508169174194336
2008-11-11,64.79159545898438,72.05000305175781,57.73174285888672,20.11698341369629
2008-11-12,61.94065475463867,70.0,57.232852935791016,19.52604103088379
2008-11-13,65.80203247070312,72.1500015258789,57.42885208129883,19.892257690429688
2008-11-14,62.518062591552734,73.30000305175781,57.60101318359375,19.767412185668945
2008-11-17,61.68804931640625,72.6500015258789,57.7554817199707,19.317962646484375
2008-11-18,62.85005569458008,72.51000213623047,57.67234420776367,19.026655197143555
2008-11-19,58.82269287109375,72.26000213623047,57.838623046875,18.810253143310547
2008-11-20,54.45609664916992,73.44999694824219,57.850502014160156,17.85309410095215
2008-11-21,57.39363479614258,78.8499984741211,57.387237548828125,18.161052703857422
2008-11-24,61.37049865722656,80.91000366210938,57.38127517700195,19.409515380859375
2008-11-25,61.82518005371094,80.87000274658203,58.812721252441406,18.760313034057617
2008-11-26,64.21417999267578,80.37999725341797,58.58701705932617,19.35957908630371
2008-11-28,65.0225601196289,80.30999755859375,58.47413635253906,18.518945693969727
2008-12-01,59.26295471191406,75.6500015258789,59.298927307128906,17.944650650024414
2008-12-02,61.54371643066406,76.94999694824219,59.358619689941406,17.952972412109375
2008-12-03,63.02328872680664,76.18000030517578,59.364585876464844,17.74489402770996
2008-12-04,61.56533432006836,75.5,59.561336517333984,16.81270408630371
2008-12-05,63.463531494140625,74.5199966430664,59.23336410522461,16.396549224853516
2008-12-08,65.67933654785156,76.19999694824219,59.155853271484375,17.153953552246094
2008-12-09,64.59669494628906,76.33000183105469,59.710445404052734,16.779409408569336
2008-12-10,65.0369644165039,79.75,59.60314178466797,17.28712272644043
2008-12-11,63.47079849243164,80.6500015258789,59.913272857666016,17.836448669433594
2008-12-12,64.22862243652344,80.80999755859375,59.9311637878418,18.22763442993164
2008-12-15,63.33364486694336,82.5999984741211,60.07430648803711,17.711915969848633
2008-12-16,66.31448364257812,84.45999908447266,60.31285095214844,17.965547561645508
2008-12-17,65.67210388183594,85.43000030517578,60.634883880615234,17.72037124633789
2008-12-18,64.44514465332031,83.87000274658203,61.01658248901367,17.449831008911133
2008-12-19,64.16788482666016,82.62999725341797,60.81974411010742,17.331472396850586
2008-12-22,63.34571838378906,83.45999908447266,61.147743225097656,16.84111785888672
2008-12-23,62.690887451171875,82.62999725341797,61.74414825439453,16.908750534057617
2008-12-24,63.054664611816406,83.45999908447266,62.03639602661133,16.64666748046875
2008-12-26,63.418460845947266,85.5999984741211,61.82762908935547,16.908750534057617
2008-12-29,63.236595153808594,86.3499984741211,62.30409622192383,17.09474754333496
2008-12-30,64.73545837402344,85.9000015258789,62.32804489135742,17.19620132446289
2008-12-31,65.6595230102539,86.5199966430664,62.369998931884766,17.914823532104492
2009-01-02,67.63855743408203,86.2300033569336,61.980918884277344,18.54044532775879
2009-01-05,67.55859375,84.4800033569336,62.968467712402344,18.73489761352539
2009-01-06,68.00970458984375,85.12999725341797,62.61538314819336,19.225252151489258
2009-01-07,65.97241973876953,82.75,62.04076385498047,18.244543075561523
2009-01-08,66.24159240722656,84.45999908447266,61.5678596496582,18.312179565429688
2009-01-09,64.82276916503906,83.91999816894531,61.35838317871094,18.100820541381836
2009-01-12,63.26564025878906,80.76000213623047,61.68162155151367,17.280746459960938
2009-01-13,63.38209915161133,80.87999725341797,61.78334426879883,17.568193435668945
2009-01-14,61.388450622558594,79.79000091552734,61.699562072753906,17.323015213012695
2009-01-15,61.41028594970703,80.38999938964844,61.69355773925781,17.306108474731445
2009-01-16,61.8904914855957,82.70999908447266,62.010807037353516,17.3821964263916
2009-01-20,58.62351989746094,84.5199966430664,61.68758773803711,16.84111785888672
2009-01-21,61.15562057495117,84.1500015258789,61.3643913269043,16.908750534057617
2009-01-22,60.2097053527832,84.58000183105469,61.10102462768555,16.68893814086914
2009-01-23,60.471675872802734,88.52999877929688,61.0052604675293,17.466737747192383
2009-01-26,60.886409759521484,88.94999694824219,60.94535446166992,17.50055694580078
2009-01-27,61.50486373901367,88.37999725341797,61.25661087036133,17.027111053466797
2009-01-28,63.58584213256836,87.41999816894531,61.29254150390625,17.43292236328125
2009-01-29,61.51942443847656,89.5,60.747806549072266,17.22156524658203
2009-01-30,60.2679328918457,91.30999755859375,61.13093948364258,17.1201114654541
2009-02-02,60.08604049682617,88.83999633789062,61.02642822265625,16.790390014648438
2009-02-03,60.930057525634766,88.47000122070312,60.75605010986328,16.59593963623047
2009-02-04,60.63172149658203,89.18000030517578,60.67198181152344,16.68893814086914
2009-02-05,61.533958435058594,90.12000274658203,60.479774475097656,17.060932159423828
2009-02-06,63.28750228881836,89.58999633789062,60.64194869995117,17.187747955322266
2009-02-09,63.37480926513672,88.31999969482422,60.64796829223633,17.09474754333496
2009-02-10,60.471675872802734,90.20999908447266,61.02043533325195,16.87493324279785
2009-02-11,60.828189849853516,92.29000091552734,61.00838088989258,16.773483276367188
2009-02-12,60.87187194824219,93.16999816894531,61.33274841308594,16.798847198486328
2009-02-13,60.21698760986328,92.55000305175781,61.146575927734375,16.49448585510254
2009-02-17,57.641273498535156,95.44999694824219,61.194580078125,15.57296085357666
2009-02-18,57.503013610839844,96.91000366210938,61.06846618652344,15.479961395263672
2009-02-19,56.88452911376953,95.7699966430664,60.97233963012695,15.860410690307617
2009-02-20,56.331565856933594,97.80000305175781,60.65998840332031,15.682867050170898
2009-02-23,54.31607437133789,97.7300033569336,60.97233963012695,15.530689239501953
2009-02-24,56.37521743774414,94.7300033569336,60.852203369140625,15.826590538024902
2009-02-25,55.9313850402832,93.1500015258789,60.79814910888672,16.012590408325195
2009-02-26,55.0218391418457,93.05999755859375,60.479774475097656,16.35076332092285
2009-02-27,53.792213439941406,92.62999725341797,60.48578643798828,16.156312942504883
2009-03-02,51.369258880615234,90.93000030517578,60.688838958740234,15.344693183898926
2009-03-03,50.98362731933594,90.04000091552734,60.610595703125,15.446146011352539
2009-03-04,52.19144821166992,88.98999786376953,60.327239990234375,15.987226486206055
2009-03-05,50.059574127197266,91.98999786376953,60.52613830566406,15.851956367492676
2009-03-06,50.146873474121094,92.29000091552734,60.688838958740234,16.232404708862305
2009-03-09,49.55750274658203,90.56999969482422,60.27301788330078,16.139402389526367
2009-03-10,52.5115966796875,88.13999938964844,60.41162872314453,16.09713363647461
2009-03-11,52.853580474853516,89.22000122070312,60.55628204345703,15.589868545532227
2009-03-12,54.93453598022461,91.0999984741211,60.610595703125,16.316946029663086
2009-03-13,55.363853454589844,91.30000305175781,60.67075729370117,16.173219680786133
2009-03-16,55.19648742675781,90.80000305175781,60.48393630981445,16.52830696105957
2009-03-17,56.88452911376953,90.04000091552734,60.30316162109375,16.88338851928711
2009-03-18,58.15787887573242,93.08999633789062,61.261417388916016,17.09474754333496
2009-03-19,57.43751525878906,94.3499984741211,61.412052154541016,17.449831008911133
2009-03-20,56.21446228027344,93.58999633789062,61.06854248046875,17.686555862426758
2009-03-23,60.25228500366211,92.08000183105469,61.06854248046875,18.058547973632812
2009-03-24,59.065120697021484,90.94999694824219,60.65273666381836,17.762643814086914
2009-03-25,59.68801498413086,91.9800033569336,60.387535095214844,17.49210548400879
2009-03-26,60.90448760986328,91.93000030517578,60.5080451965332,17.796459197998047
2009-03-27,59.80525588989258,90.69000244140625,60.55628204345703,17.466737747192383
2009-03-30,57.73871612548828,89.9800033569336,60.83949279785156,16.83266258239746
2009-03-31,58.27366256713867,90.27999877929688,61.152950286865234,16.908750534057617
2009-04-01,59.402217864990234,91.02999877929688,61.12328338623047,16.86648178100586
2009-04-02,61.138973236083984,88.80000305175781,60.92979049682617,17.517467498779297
2009-04-03,61.74724197387695,87.58999633789062,60.730186462402344,17.788005828857422
2009-04-06,61.26355743408203,85.2699966430664,60.718082427978516,17.568193435668945
2009-04-07,59.834571838378906,86.73999786376953,60.621334075927734,17.25537872314453
2009-04-08,60.47944259643555,86.61000061035156,60.82097625732422,17.3821964263916
2009-04-09,62.883087158203125,86.30999755859375,60.730186462402344,17.635828018188477
2009-04-13,62.89777374267578,87.87999725341797,61.171661376953125,17.711915969848633
2009-04-14,61.813175201416016,87.37000274658203,61.1595573425293,17.39065170288086
2009-04-15,62.472694396972656,87.5,61.32892608642578,17.280746459960938
2009-04-16,63.38875198364258,85.80999755859375,61.2200813293457,17.204654693603516
2009-04-17,63.813758850097656,85.22000122070312,60.8813591003418,17.077842712402344
2009-04-20,61.138973236083984,86.94999694824219,61.2321891784668,16.4353084564209
2009-04-21,62.33348083496094,86.88999938964844,61.03861999511719,16.49448585510254
2009-04-22,61.95241928100586,87.37999725341797,61.201881408691406,16.519853591918945
2009-04-23,62.56065368652344,88.80000305175781,61.28053665161133,16.739665985107422
2009-04-24,63.505977630615234,89.72000122070312,61.34701919555664,16.993295669555664
2009-04-27,62.90506362915039,89.01000213623047,61.443843841552734,16.57057762145996
2009-04-28,62.707244873046875,87.75,61.42565155029297,16.45221519470215
2009-04-29,64.04093170166016,88.33000183105469,61.171661376953125,16.83266258239746
2009-04-30,64.06294250488281,87.2699966430664,61.468021392822266,16.891841888427734
2009-05-01,64.40736389160156,86.94999694824219,61.230777740478516,17.399106979370117
2009-05-04,66.59849548339844,88.63999938964844,61.27931213378906,17.737279891967773
2009-05-05,66.37130737304688,88.25,61.40672302246094,17.483652114868164
2009-05-06,67.52182006835938,89.54000091552734,61.546241760253906,17.948638916015625
2009-05-07,66.58384704589844,89.44000244140625,61.27322006225586,17.982458114624023
2009-05-08,68.13741302490234,89.9800033569336,61.38856887817383,18.430538177490234
2009-05-11,66.86229705810547,89.69000244140625,61.431026458740234,18.27836036682129
2009-05-12,66.66441345214844,90.69999694824219,61.77081298828125,18.464357376098633
2009-05-13,64.98628234863281,91.08999633789062,61.825416564941406,18.25299644470215
2009-05-14,65.54322814941406,91.02999877929688,61.861785888671875,18.371360778808594
2009-05-15,65.00824737548828,91.55000305175781,62.001312255859375,17.906370162963867
2009-05-18,66.85496520996094,90.36000061035156,61.81929397583008,18.37981414794922
2009-05-19,66.77436828613281,90.95999908447266,61.8739013671875,18.37981414794922
2009-05-20,66.32735443115234,92.25,62.06197738647461,18.675716400146484
2009-05-21,65.37468719482422,93.8499984741211,61.86780548095703,18.523536682128906
2009-05-22,65.2354507446289,94.1500015258789,61.7039794921875,18.794078826904297
2009-05-26,66.90628051757812,93.76000213623047,61.56442642211914,18.836349487304688
2009-05-27,65.7117691040039,93.44999694824219,61.224700927734375,18.9208927154541
2009-05-28,66.62774658203125,94.23999786376953,61.24897003173828,19.26752471923828
2009-05-29,67.80764770507812,96.19999694824219,61.90424728393555,19.63951301574707
2009-06-01,69.44912719726562,95.7300033569336,61.136226654052734,20.18059539794922
2009-06-02,69.50774383544922,96.36000061035156,61.55616760253906,20.265138626098633
2009-06-03,68.62838745117188,94.41000366210938,61.7265739440918,19.588788986206055
2009-06-04,69.27328491210938,96.2300033569336,61.21533966064453,20.307411193847656
2009-06-05,69.28789520263672,93.70999908447266,60.898860931396484,20.1975040435791
2009-06-08,69.00211334228516,93.55999755859375,60.73456954956055,20.146778106689453
2009-06-09,69.35387420654297,93.83000183105469,61.00846481323242,20.341228485107422
2009-06-10,69.17799377441406,93.86000061035156,60.838008880615234,20.265138626098633
2009-06-11,69.48578643798828,93.69999694824219,61.050994873046875,20.451135635375977
2009-06-12,69.67633819580078,92.16999816894531,61.349273681640625,20.163686752319336
2009-06-15,68.07878875732422,91.0999984741211,61.58049011230469,19.7747859954834
2009-06-16,67.15544128417969,91.93000030517578,61.66566848754883,19.698694229125977
2009-06-17,67.08951568603516,92.3499984741211,61.787322998046875,19.757877349853516
2009-06-18,67.58042907714844,91.61000061035156,61.385780334472656,19.783239364624023
2009-06-19,67.82957458496094,91.9000015258789,61.610923767089844,19.614151000976562
2009-06-22,65.7955551147461,90.54000091552734,61.702232360839844,18.954710006713867
2009-06-23,65.84712219238281,90.91999816894531,61.90304183959961,19.2844295501709
2009-06-24,66.41458129882812,91.44999694824219,61.73871994018555,19.275976181030273
2009-06-25,67.8590316772461,92.30999755859375,62.02473068237305,19.445066452026367
2009-06-26,67.68216705322266,92.29000091552734,62.20732498168945,19.2844295501709
2009-06-29,68.31591033935547,92.04000091552734,62.15254211425781,19.470430374145508
2009-06-30,67.76322937011719,91.18000030517578,62.164730072021484,19.12380027770996
2009-07-01,68.04326629638672,92.38999938964844,62.14149856567383,19.04770851135254
2009-07-02,66.18614196777344,91.25,62.28805160522461,18.624990463256836
2009-07-06,66.17877960205078,90.76000213623047,62.239173889160156,18.067001342773438
2009-07-07,64.89643859863281,90.70999908447266,62.44069290161133,17.779552459716797
2009-07-08,64.8522720336914,89.2699966430664,62.78260803222656,17.55974006652832
2009-07-09,64.9775161743164,89.51000213623047,62.6055908203125,17.66964340209961
2009-07-10,64.82278442382812,89.58000183105469,62.81926345825195,17.534374237060547
2009-07-13,66.39983367919922,90.19000244140625,62.788780212402344,17.627376556396484
2009-07-14,66.77569580078125,90.80999755859375,62.59944534301758,17.627376556396484
2009-07-15,68.72864532470703,92.23999786376953,62.19036102294922,18.092363357543945
2009-07-16,68.61810302734375,91.9800033569336,62.385711669921875,18.1346378326416
2009-07-17,69.36978149414062,91.93000030517578,62.385711669921875,18.40517807006836
2009-07-20,70.10674285888672,93.27999877929688,62.458984375,18.70953369140625
2009-07-21,70.43101501464844,93.12999725341797,62.89257049560547,18.64189910888672
2009-07-22,70.41627502441406,93.44000244140625,62.67884063720703,18.743350982666016
2009-07-23,71.97124481201172,93.26000213623047,62.52008819580078,19.132251739501953
2009-07-24,72.26603698730469,93.41000366210938,62.52008819580078,19.14916229248047
2009-07-27,72.47974395751953,93.70999908447266,62.330772399902344,19.225252151489258
2009-07-28,72.1407470703125,92.11000061035156,62.44680404663086,19.013891220092773
2009-07-29,71.9638900756836,91.19999694824219,62.556739807128906,18.523536682128906
2009-07-30,72.71558380126953,91.62000274658203,62.636077880859375,19.098434448242188
2009-07-31,72.81871032714844,93.3499984741211,62.9536018371582,19.478883743286133
2009-08-03,74.02001190185547,93.87000274658203,62.82130813598633,20.02841567993164
2009-08-04,74.21160888671875,94.68000030517578,62.63134765625,20.0368709564209
2009-08-05,73.99788665771484,94.77999877929688,62.57625961303711,20.24822998046875
2009-08-06,73.61467742919922,94.5999984741211,62.60690689086914,19.783239364624023
2009-08-07,74.58011627197266,93.75,62.23322296142578,19.690242767333984
2009-08-10,74.4253158569336,92.93000030517578,62.717166900634766,19.681785583496094
2009-08-11,73.49676513671875,92.79000091552734,62.9377326965332,19.385883331298828
2009-08-12,74.28533172607422,92.94999694824219,62.90705108642578,19.487335205078125
2009-08-13,74.85279083251953,93.72000122070312,63.066314697265625,19.749422073364258
2009-08-14,74.27791595458984,93.0,63.176612854003906,19.191436767578125
2009-08-17,72.45027160644531,91.61000061035156,63.44002151489258,18.903987884521484
2009-08-18,73.02510070800781,92.05999755859375,63.23173522949219,19.275976181030273
2009-08-19,73.66626739501953,92.52999877929688,63.360374450683594,19.41124725341797
2009-08-20,74.4253158569336,92.2699966430664,63.46449279785156,19.250614166259766
2009-08-21,75.88448333740234,93.6500015258789,63.096988677978516,19.394338607788086
2009-08-24,75.87711334228516,92.33999633789062,63.354248046875,19.42815399169922
2009-08-25,76.02449798583984,92.76000213623047,63.45841598510742,19.14916229248047
2009-08-26,76.0318832397461,92.79000091552734,63.550270080566406,19.098434448242188
2009-08-27,76.20140838623047,93.19000244140625,63.501258850097656,19.259069442749023
2009-08-28,76.18663787841797,93.87000274658203,63.45841598510742,19.216794967651367
2009-08-31,75.50863647460938,93.4000015258789,63.721832275390625,18.692626953125
2009-09-01,73.8431167602539,93.9000015258789,63.61238479614258,18.40517807006836
2009-09-02,73.56307220458984,96.19000244140625,63.95039749145508,18.447450637817383
2009-09-03,74.17477416992188,97.45999908447266,63.833675384521484,18.354450225830078
2009-09-04,75.21387481689453,97.52999877929688,63.71072769165039,18.27836036682129
2009-09-08,75.86238098144531,97.43000030517578,63.61854553222656,18.61653709411621
2009-09-09,76.4445571899414,97.08000183105469,63.74149703979492,18.692626953125
2009-09-10,77.22576141357422,97.69999694824219,64.06719207763672,18.794078826904297
2009-09-11,77.2110366821289,98.77999877929688,64.06107330322266,18.54890251159668
2009-09-14,77.58686828613281,97.95999908447266,63.968849182128906,18.447450637817383
2009-09-15,77.91111755371094,98.9000015258789,63.870513916015625,18.87862205505371
2009-09-16,79.09027862548828,99.91000366210938,63.919708251953125,19.12380027770996
2009-09-17,78.97235107421875,99.33999633789062,64.22079467773438,19.132251739501953
2009-09-18,79.02267456054688,98.66999816894531,64.06107330322266,18.963165283203125
2009-09-21,78.8227767944336,98.36000061035156,64.0118637084961,18.54890251159668
2009-09-22,79.2818603515625,99.66999816894531,63.968849182128906,18.85325813293457
2009-09-23,78.62284088134766,98.83000183105469,64.12860107421875,18.430538177490234
2009-09-24,77.75653076171875,97.55000305175781,64.20853424072266,18.193819046020508
2009-09-25,77.34182739257812,97.0,64.3990707397461,18.050092697143555
2009-09-28,78.72650909423828,97.05000305175781,64.39290618896484,18.210723876953125
2009-09-29,78.48955535888672,97.43000030517578,64.3621597290039,18.143091201782227
2009-09-30,78.18597412109375,98.8499984741211,64.47893524169922,18.650354385375977
2009-10-01,76.24594116210938,97.88999938964844,64.62818145751953,18.53199005126953
2009-10-02,75.8905258178711,98.37000274658203,64.50482177734375,18.345996856689453
2009-10-05,77.0234146118164,99.81999969482422,64.5479965209961,18.937803268432617
2009-10-06,78.126708984375,102.27999877929688,64.45549011230469,18.70953369140625
2009-10-07,78.34147644042969,102.36000061035156,64.71443939208984,18.743350982666016
2009-10-08,78.94125366210938,103.63999938964844,64.6712875366211,19.115346908569336
2009-10-09,79.42255401611328,102.83999633789062,64.22119903564453,19.191436767578125
2009-10-12,79.7335205078125,103.55999755859375,64.36917877197266,19.580333709716797
2009-10-13,79.57066345214844,104.26000213623047,64.52950286865234,19.80014991760254
2009-10-14,80.94047546386719,104.18000030517578,64.3753662109375,19.952329635620117
2009-10-15,81.2366943359375,102.86000061035156,64.27671813964844,20.155235290527344
2009-10-16,80.62950897216797,103.18000030517578,64.27057647705078,20.205957412719727
2009-10-19,81.2959213256836,104.2300033569336,64.4000015258789,20.493408203125
2009-10-20,80.86649322509766,103.41999816894531,64.5541000366211,20.366592407226562
2009-10-21,80.14080810546875,103.75,64.51100158691406,20.797765731811523
2009-10-22,80.95532989501953,103.91999816894531,64.41230773925781,20.96685028076172
2009-10-23,80.02973937988281,103.48999786376953,64.33219146728516,20.89076042175293
2009-10-26,79.16340637207031,101.86000061035156,64.15953063964844,20.510316848754883
2009-10-27,78.80052947998047,101.8499984741211,64.41230773925781,20.366592407226562
2009-10-28,77.31221008300781,100.7300033569336,64.50482177734375,19.842418670654297
2009-10-29,78.97090148925781,102.69000244140625,64.3753662109375,20.4595890045166
2009-10-30,76.68280792236328,102.52999877929688,64.62193298339844,19.943876266479492
2009-11-02,77.24559020996094,103.94999694824219,64.51927185058594,20.290504455566406
2009-11-03,77.48992919921875,106.45999908447266,64.4327163696289,20.577951431274414
2009-11-04,77.68983459472656,107.0999984741211,64.32754516601562,20.56104278564453
2009-11-05,79.11894226074219,106.9800033569336,64.49456024169922,20.451135635375977
2009-11-06,79.3262939453125,107.43000030517578,64.55021667480469,20.08759880065918
2009-11-09,81.13304138183594,108.19000244140625,64.63680267333984,20.41731834411621
2009-11-10,81.14781951904297,108.38999938964844,64.65533447265625,20.315866470336914
2009-11-11,81.56250762939453,109.5999984741211,64.68013000488281,20.451135635375977
2009-11-12,80.73316955566406,108.20999908447266,64.80998229980469,20.146778106689453
2009-11-13,81.1700668334961,109.73999786376953,64.87803649902344,20.129867553710938
2009-11-16,82.34737396240234,111.62999725341797,65.0326156616211,20.713218688964844
2009-11-17,82.44364929199219,111.97000122070312,65.08828735351562,20.81467628479004
2009-11-18,82.39183807373047,112.25,64.95221710205078,20.83158302307129
2009-11-19,81.31816101074219,112.30000305175781,65.02024841308594,20.53567886352539
2009-11-20,81.02936553955078,112.94000244140625,65.04501342773438,20.510316848754883
2009-11-23,82.05863952636719,114.29000091552734,65.0326156616211,20.603317260742188
2009-11-24,82.18449401855469,114.7300033569336,65.22438049316406,20.366592407226562
2009-11-25,82.47332000732422,116.62000274658203,65.28619384765625,20.856945037841797
2009-11-27,81.13304138183594,115.05999755859375,65.34188079833984,20.620223999023438
2009-11-30,81.4070053100586,115.63999938964844,65.45320129394531,20.84848976135254
2009-12-01,82.41400909423828,117.37999725341797,65.29376983642578,21.000667572021484
2009-12-02,82.37699890136719,119.18000030517578,65.16963195800781,20.856945037841797
2009-12-03,81.73278045654297,118.69999694824219,65.17581939697266,20.840038299560547
2009-12-04,82.19931030273438,113.75,65.04551696777344,20.670948028564453
2009-12-07,82.07341003417969,113.11000061035156,65.10755157470703,20.484954833984375
2009-12-08,81.16263580322266,110.94999694824219,65.1944580078125,20.28204917907715
2009-12-09,81.46624755859375,110.83999633789062,65.12615203857422,20.02841567993164
2009-12-10,81.92532348632812,110.81999969482422,65.07655334472656,19.918508529663086
2009-12-11,82.27335357666016,109.31999969482422,64.92141723632812,20.01996421813965
2009-12-14,82.83610534667969,110.23999786376953,64.95866394042969,20.129867553710938
2009-12-15,82.45105743408203,110.20999908447266,64.77864074707031,20.0368709564209
2009-12-16,82.57691192626953,111.58999633789062,64.89656829833984,20.383499145507812
2009-12-17,81.58470916748047,107.33999633789062,65.00210571289062,20.070690155029297
2009-12-18,82.0462875366211,108.94999694824219,65.00210571289062,20.155235290527344
2009-12-21,82.88007354736328,106.94999694824219,64.72904205322266,19.96078109741211
2009-12-22,83.1778793334961,106.16999816894531,64.54288482666016,20.10450553894043
2009-12-23,83.34163665771484,106.55000305175781,64.56766510009766,20.4595890045166
2009-12-24,83.73619079589844,108.36000061035156,64.45598602294922,20.577951431274414
2009-12-28,83.91486358642578,108.55000305175781,64.06507110595703,20.941490173339844
2009-12-29,83.79576873779297,107.47000122070312,64.1409683227539,20.899219512939453
2009-12-30,83.76594543457031,106.93000030517578,64.30278015136719,20.873855590820312
2009-12-31,82.96198272705078,107.30999755859375,64.22187042236328,20.81467628479004
2010-01-04,84.36894989013672,109.80000305175781,64.29653930664062,21.33884620666504
2010-01-05,84.59231567382812,109.69999694824219,64.58905792236328,21.36421012878418
2010-01-06,84.65187072753906,111.51000213623047,64.55176544189453,21.744651794433594
2010-01-07,85.00922393798828,110.81999969482422,64.47705078125,21.47411346435547
2010-01-08,85.29214477539062,111.37000274658203,64.514404296875,21.457204818725586
2010-01-11,85.41120910644531,112.8499984741211,64.46461486816406,21.389568328857422
2010-01-12,84.61466217041016,110.48999786376953,64.87539672851562,20.933034896850586
2010-01-13,85.32933044433594,111.54000091552734,64.60149383544922,20.94994354248047
2010-01-14,85.56011962890625,112.02999877929688,64.7695083618164,20.840038299560547
2010-01-15,84.59977722167969,110.86000061035156,64.89405822753906,20.603317260742188
2010-01-19,85.65689849853516,111.5199966430664,64.78821563720703,20.738584518432617
2010-01-20,84.78589630126953,108.94000244140625,64.95628356933594,20.349681854248047
2010-01-21,83.15545654296875,107.37000274658203,64.9749755859375,20.096050262451172
2010-01-22,81.30184173583984,107.16999816894531,65.01229858398438,19.88469123840332
2010-01-25,81.71871948242188,107.4800033569336,65.00607299804688,19.977691650390625
2010-01-26,81.37626647949219,107.55999755859375,65.08695983886719,19.757877349853516
2010-01-27,81.76338195800781,106.52999877929688,65.03717041015625,19.470430374145508
2010-01-28,80.82537841796875,106.4800033569336,64.98116302490234,19.402793884277344
2010-01-29,79.9468994140625,105.95999908447266,65.13053131103516,19.182979583740234
2010-02-01,81.1901626586914,108.3499984741211,65.04129791259766,19.647972106933594
2010-02-02,82.1728286743164,109.12999725341797,65.11617279052734,20.070690155029297
2010-02-03,81.76338195800781,108.69999694824219,64.99752807617188,19.825511932373047
2010-02-04,79.23966979980469,104.37000274658203,65.15367889404297,19.16606903076172
2010-02-05,79.4034652709961,104.68000030517578,65.17860412597656,18.9208927154541
2010-02-08,78.83024597167969,104.04000091552734,65.30345153808594,18.929346084594727
2010-02-09,79.82038879394531,105.41000366210938,65.18482208251953,19.26752471923828
2010-02-10,79.6640396118164,105.12000274658203,65.03498840332031,19.343608856201172
2010-02-11,80.49777221679688,107.12999725341797,64.92889404296875,19.57187843322754
2010-02-12,80.43082427978516,107.04000091552734,64.94134521484375,19.461973190307617
2010-02-16,81.69639587402344,109.62000274658203,65.1036605834961,20.05377960205078
2010-02-17,82.08350372314453,109.25,64.90389251708984,19.952329635620117
2010-02-18,82.56743621826172,109.9800033569336,64.87895965576172,20.129867553710938
2010-02-19,82.73861694335938,109.47000122070312,64.92889404296875,20.24822998046875
2010-02-22,82.75349426269531,109.06999969482422,64.81647491455078,20.138320922851562
2010-02-23,81.7485122680664,107.88999938964844,65.0475082397461,19.808603286743164
2010-02-24,82.50041961669922,107.36000061035156,65.11617279052734,19.969236373901367
2010-02-25,82.38872528076172,108.30999755859375,65.2472915649414,19.631059646606445
2010-02-26,82.44084167480469,109.43000030517578,65.2597427368164,19.977691650390625
2010-03-01,83.29695892333984,109.43000030517578,65.35556030273438,19.7747859954834
2010-03-02,83.52774047851562,111.0199966430664,65.38065338134766,19.98614501953125
2010-03-03,83.6021957397461,111.62999725341797,65.38065338134766,20.18059539794922
2010-03-04,83.85531616210938,110.83000183105469,65.49962615966797,20.003053665161133
2010-03-05,85.05387878417969,110.80999755859375,65.37437438964844,20.239776611328125
2010-03-08,85.06877136230469,109.87999725341797,65.4182357788086,20.214412689208984
2010-03-09,85.21022033691406,109.72000122070312,65.49335479736328,19.994598388671875
2010-03-10,85.58988189697266,108.47000122070312,65.44950866699219,20.05377960205078
2010-03-11,85.9472427368164,108.5999984741211,65.44950866699219,20.003053665161133
2010-03-12,85.95464324951172,107.94999694824219,65.45576477050781,19.88469123840332
2010-03-15,85.97698974609375,108.36000061035156,65.5372085571289,19.647972106933594
2010-03-16,86.6618881225586,110.4000015258789,65.65616607666016,19.910053253173828
2010-03-17,87.1755599975586,109.58999633789062,65.706298828125,20.08759880065918
2010-03-18,87.13088989257812,110.33999633789062,65.64989471435547,20.045326232910156
2010-03-19,86.68985748291016,108.27999877929688,65.599853515625,19.80014991760254
2010-03-22,87.15332794189453,107.75,65.64989471435547,19.80014991760254
2010-03-23,87.76629638671875,108.31999969482422,65.66248321533203,19.71560287475586
2010-03-24,87.34022521972656,106.30000305175781,65.33049011230469,19.495790481567383
2010-03-25,87.19818115234375,106.77999877929688,65.16146850585938,19.385883331298828
2010-03-26,87.14586639404297,108.58999633789062,65.26795959472656,19.419700622558594
2010-03-29,87.69900512695312,108.75,65.19279479980469,19.859329223632812
2010-03-30,87.7588119506836,107.97000122070312,65.21782684326172,19.901601791381836
2010-03-31,87.45980834960938,108.94999694824219,65.25537872314453,19.88469123840332
2010-04-01,88.05780029296875,110.26000213623047,65.23088836669922,20.273595809936523
2010-04-05,88.77545928955078,110.88999938964844,64.82887268066406,20.594860076904297
2010-04-06,88.98477172851562,111.02999877929688,64.9105224609375,20.577951431274414
2010-04-07,88.47643280029297,112.48999786376953,65.1869125366211,20.501859664916992
2010-04-08,88.78292083740234,112.6500015258789,65.12410736083984,20.468042373657227
2010-04-09,89.36595916748047,113.63999938964844,65.19316864013672,20.510316848754883
2010-04-12,89.50800323486328,113.01000213623047,65.34395599365234,20.493408203125
2010-04-13,89.57528686523438,112.69000244140625,65.45075225830078,20.569496154785156
2010-04-14,90.5919189453125,113.02999877929688,65.3753662109375,20.80622100830078
2010-04-15,90.66666412353516,113.6500015258789,65.49473571777344,20.882308959960938
2010-04-16,89.22393035888672,111.23999786376953,65.5951919555664,20.501859664916992
2010-04-19,89.56034851074219,111.1500015258789,65.47588348388672,20.239776611328125
2010-04-20,90.36018371582031,111.45999908447266,65.58267974853516,20.400409698486328
2010-04-21,90.1957015991211,112.30999755859375,65.69574737548828,20.501859664916992
2010-04-22,90.46483612060547,111.83999633789062,65.56383514404297,20.552587509155273
2010-04-23,91.05534362792969,113.19000244140625,65.48217010498047,20.6878604888916
2010-04-26,90.7115249633789,112.75,65.47588348388672,20.586406707763672
2010-04-27,88.566162109375,114.62999725341797,65.68315887451172,20.273595809936523
2010-04-28,89.23890686035156,114.30999755859375,65.58267974853516,20.341228485107422
2010-04-29,90.3452377319336,114.27999877929688,65.60783386230469,20.501859664916992
2010-04-30,88.81283569335938,115.36000061035156,65.8904800415039,20.662494659423828
2010-05-03,89.96400451660156,115.7300033569336,65.76571655273438,20.763946533203125
2010-05-04,87.8485107421875,114.87000274658203,66.03040313720703,20.205957412719727
2010-05-05,87.32525634765625,115.08999633789062,65.9799575805664,19.749422073364258
2010-05-06,84.42486572265625,118.48999786376953,66.074462890625,19.360519409179688
2010-05-07,83.16905212402344,118.2699966430664,65.78461456298828,19.259069442749023
2010-05-10,86.83187103271484,117.56999969482422,65.7783203125,19.631059646606445
2010-05-11,86.58521270751953,120.66000366210938,66.02406311035156,19.59724235534668
2010-05-12,87.79618835449219,121.4000015258789,65.95475006103516,19.757877349853516
2010-05-13,86.70482635498047,120.55999755859375,66.04926300048828,19.588788986206055
2010-05-14,85.135009765625,120.37000274658203,66.28868103027344,19.089981079101562
2010-05-17,85.17985534667969,119.36000061035156,66.23824310302734,18.54890251159668
2010-05-18,84.021240234375,119.48999786376953,66.4651107788086,18.523536682128906
2010-05-19,83.54280853271484,116.62999725341797,66.4966049194336,18.354450225830078
2010-05-20,80.38829040527344,115.83999633789062,66.43990325927734,17.9740047454834
2010-05-21,81.56189727783203,115.22000122070312,66.7234115600586,18.160001754760742
2010-05-24,80.51534271240234,116.83999633789062,66.68559265136719,18.143091201782227
2010-05-25,80.59757995605469,117.36000061035156,66.76753234863281,17.999364852905273
2010-05-26,80.1116943359375,118.47000122070312,66.69196319580078,18.193819046020508
2010-05-27,82.79529571533203,118.69000244140625,66.53437805175781,18.726444244384766
2010-05-28,81.75623321533203,118.87999725341797,66.60366821289062,18.56580924987793
2010-06-01,80.38079833984375,119.91000366210938,66.71363830566406,18.219179153442383
2010-06-02,82.47382354736328,119.77999877929688,66.6441421508789,18.438995361328125
2010-06-03,82.75792694091797,117.95999908447266,66.61253356933594,18.54044532775879
2010-06-04,79.85008239746094,119.19000244140625,66.78319549560547,17.965547561645508
2010-06-07,78.85585021972656,121.48999786376953,66.9791030883789,17.999364852905273
2010-06-08,79.70055389404297,121.0,66.90328216552734,18.143091201782227
2010-06-09,79.27446746826172,120.55999755859375,66.94117736816406,18.227636337280273
2010-06-10,81.591796875,118.97000122070312,66.73895263671875,18.53199005126953
2010-06-11,81.98797607421875,120.01000213623047,66.77692413330078,18.557355880737305
2010-06-14,81.86088562011719,119.5999984741211,66.87169647216797,18.608081817626953
2010-06-15,83.72222137451172,120.98999786376953,66.87169647216797,18.9208927154541
2010-06-16,83.6922836303711,120.33000183105469,66.97279357910156,18.963165283203125
2010-06-17,83.82686614990234,121.9000015258789,67.13079833984375,18.971620559692383
2010-06-18,83.917724609375,122.83000183105469,67.0232925415039,18.937803268432617
2010-06-21,83.67736053466797,120.38999938964844,67.16875457763672,18.861713409423828
2010-06-22,82.29541778564453,121.44999694824219,67.23821258544922,18.819440841674805
2010-06-23,82.04004669189453,120.94999694824219,67.40882873535156,18.506628036499023
2010-06-24,80.68061065673828,121.30000305175781,67.35199737548828,18.54890251159668
2010-06-25,81.01860046386719,122.76000213623047,67.4467544555664,18.887075424194336
2010-06-28,80.76321411132812,121.08999633789062,67.5732192993164,18.684173583984375
2010-06-29,78.2696304321289,121.2699966430664,67.77542114257812,18.168455123901367
2010-06-30,77.5261001586914,121.68000030517578,67.78174591064453,18.2360897064209
2010-07-01,77.18058776855469,117.04000091552734,67.74632263183594,17.957094192504883
2010-07-02,76.75997161865234,118.48999786376953,67.65119171142578,17.92327880859375
2010-07-06,77.26322174072266,116.51000213623047,67.8603515625,17.9740047454834
2010-07-07,79.69670104980469,117.7300033569336,67.77164459228516,18.37981414794922
2010-07-08,80.4853286743164,117.20999908447266,67.75896453857422,18.54890251159668
2010-07-09,81.086181640625,118.36000061035156,67.6574935913086,18.582719802856445
2010-07-12,81.13876342773438,117.33999633789062,67.73360443115234,18.371360778808594
2010-07-13,82.36302947998047,118.36000061035156,67.56242370605469,18.66726303100586
2010-07-14,82.35551452636719,118.30000305175781,67.79061126708984,18.63344383239746
2010-07-15,82.37803649902344,118.2300033569336,67.88571166992188,18.810985565185547
2010-07-16,80.10978698730469,116.66999816894531,68.09492492675781,18.574262619018555
2010-07-19,80.58294677734375,115.7300033569336,68.03148651123047,18.557355880737305
2010-07-20,81.47675323486328,116.6500015258789,67.98080444335938,18.70953369140625
2010-07-21,80.41773986816406,115.8499984741211,68.27873229980469,18.658809661865234
2010-07-22,82.21278381347656,116.86000061035156,68.21530151367188,19.030799865722656
2010-07-23,82.92630767822266,116.08999633789062,68.09492492675781,18.971620559692383
2010-07-26,83.79008483886719,115.5199966430664,68.08220672607422,18.954710006713867
2010-07-27,83.78256225585938,113.51000213623047,68.05685424804688,18.751802444458008
2010-07-28,83.24178314208984,113.77999877929688,68.18357849121094,18.827896118164062
2010-07-29,82.83618927001953,114.29000091552734,68.24701690673828,19.098434448242188
2010-07-30,82.8211669921875,115.48999786376953,68.36105346679688,19.352066040039062
2010-08-02,84.69137573242188,115.54000091552734,68.26825714111328,19.72406005859375
2010-08-03,84.2857437133789,115.98999786376953,68.31278991699219,19.79169464111328
2010-08-04,84.84906768798828,116.72000122070312,68.19200897216797,19.96078109741211
2010-08-05,84.75896453857422,116.9800033569336,68.27464294433594,19.86778450012207
2010-08-06,84.41345977783203,117.83999633789062,68.40813446044922,19.690242767333984
2010-08-09,84.86410522460938,117.4000015258789,68.40813446044922,19.757877349853516
2010-08-10,84.4059829711914,117.7300033569336,68.5225601196289,19.546518325805664
2010-08-11,82.09262084960938,117.33999633789062,68.58614349365234,19.106889724731445
2010-08-12,81.58939361572266,118.7699966430664,68.47803497314453,18.963165283203125
2010-08-13,81.34906768798828,118.73999786376953,68.63689422607422,18.946256637573242
2010-08-16,81.31155395507812,119.7300033569336,68.8657455444336,18.887075424194336
2010-08-17,82.31041717529297,119.75,68.78314208984375,19.157615661621094
2010-08-18,82.46065521240234,120.22000122070312,68.7068862915039,19.081527709960938
2010-08-19,81.02610778808594,120.38999938964844,68.92929077148438,18.887075424194336
2010-08-20,80.76321411132812,119.97000122070312,68.83403015136719,18.76871681213379
2010-08-23,80.45529174804688,119.77999877929688,68.90391540527344,18.64189910888672
2010-08-24,79.26106262207031,120.36000061035156,69.17718505859375,18.430538177490234
2010-08-25,79.56901550292969,121.36000061035156,69.01830291748047,18.523536682128906
2010-08-26,79.0357437133789,120.95999908447266,69.10725402832031,18.73489761352539
2010-08-27,80.25999450683594,121.01000213623047,68.72592163085938,19.056163787841797
2010-08-30,79.0958023071289,120.91000366210938,69.18993377685547,19.02234649658203
2010-08-31,79.0958023071289,122.08000183105469,69.24075317382812,18.76871681213379
2010-09-01,81.46170806884766,121.69000244140625,69.09288024902344,19.140705108642578
2010-09-02,82.2203140258789,122.29000091552734,69.00369262695312,19.275976181030273
2010-09-03,83.28684997558594,121.86000061035156,68.84434509277344,19.377429962158203
2010-09-07,82.34799194335938,122.69999694824219,69.04190063476562,19.478883743286133
2010-09-08,82.92630767822266,122.70999908447266,68.99090576171875,19.521156311035156
2010-09-09,83.30935668945312,121.55999755859375,68.65951538085938,19.41124725341797
2010-09-10,83.72994995117188,121.7300033569336,68.51290130615234,19.614151000976562
2010-09-13,84.66129302978516,121.62000274658203,68.66586303710938,19.757877349853516
2010-09-14,84.60874938964844,124.0199966430664,68.9144515991211,19.81705665588379
2010-09-15,84.93170928955078,123.94000244140625,68.78692626953125,19.783239364624023
2010-09-16,84.90914916992188,124.62999725341797,68.6722183227539,19.681785583496094
2010-09-17,84.94085693359375,124.54000091552734,68.76148986816406,19.749422073364258
2010-09-20,86.23966217041016,124.87000274658203,68.78692626953125,19.910053253173828
2010-09-21,86.06597137451172,126.01000213623047,69.08009338378906,19.698694229125977
2010-09-22,85.64311218261719,126.19999694824219,69.0992660522461,19.81705665588379
2010-09-23,84.94840240478516,126.30000305175781,69.17572021484375,19.833965301513672
2010-09-24,86.70024108886719,126.69000244140625,68.92082214355469,20.138320922851562
2010-09-27,86.28495788574219,126.72000122070312,69.15665435791016,20.003053665161133
2010-09-28,86.58696746826172,127.8499984741211,69.32232666015625,20.003053665161133
2010-09-29,86.43599700927734,127.94999694824219,69.2713394165039,20.265138626098633
2010-09-30,86.17923736572266,127.91000366210938,69.24584197998047,20.383499145507812
2010-10-01,86.54169464111328,128.91000366210938,69.16602325439453,20.425771713256836
2010-10-04,85.89227294921875,128.4600067138672,69.28096008300781,20.358137130737305
2010-10-05,87.62147521972656,130.99000549316406,69.28096008300781,20.772401809692383
2010-10-06,87.61392211914062,131.80999755859375,69.35128784179688,20.780855178833008
2010-10-07,87.50820922851562,130.3699951171875,69.38323974609375,20.569496154785156
2010-10-08,87.99903106689453,131.66000366210938,69.52375030517578,21.254301071166992
2010-10-11,88.08206176757812,132.2899932861328,69.48540496826172,21.152851104736328
2010-10-12,88.35391998291016,131.9600067138672,69.41512298583984,21.254301071166992
2010-10-13,89.04106903076172,134.07000732421875,69.40876007080078,21.355754852294922
2010-10-14,88.69371795654297,134.75,69.15320587158203,21.32193374633789
2010-10-15,88.87494659423828,133.67999267578125,69.01264190673828,21.085214614868164
2010-10-18,89.31289672851562,134.27999877929688,69.2554931640625,21.296573638916016
2010-10-19,88.14249420166016,130.11000061035156,69.31293487548828,20.670948028564453
2010-10-20,89.00331115722656,131.32000732421875,69.3960189819336,21.161304473876953
2010-10-21,89.1996078491211,129.47000122070312,69.28742980957031,20.899219512939453
2010-10-22,89.36573791503906,129.72999572753906,69.31930541992188,21.07676124572754
2010-10-25,89.63004302978516,130.85000610351562,69.32572174072266,21.186664581298828
2010-10-26,89.64512634277344,130.8800048828125,69.16602325439453,21.296573638916016
2010-10-27,89.3884048461914,129.52000427246094,69.03180694580078,21.228939056396484
2010-10-28,89.40351867675781,131.24000549316406,69.204345703125,21.33884620666504
2010-10-29,89.47142791748047,132.6199951171875,69.35128784179688,21.288118362426758
2010-11-01,89.50166320800781,131.9199981689453,69.32302856445312,21.42338752746582
2010-11-02,90.21146392822266,132.49000549316406,69.44478607177734,21.617839813232422
2010-11-03,90.57386779785156,131.57000732421875,69.43203735351562,21.71929168701172
2010-11-04,92.31819915771484,136.02999877929688,69.76502990722656,22.235010147094727
2010-11-05,92.66551208496094,136.3800048828125,69.57291412353516,22.3280086517334
2010-11-08,92.4918441772461,137.77999877929688,69.54085540771484,22.38718605041504
2010-11-09,91.82737731933594,135.58999633789062,69.20142364501953,22.235010147094727
2010-11-10,92.19738006591797,137.24000549316406,69.14375305175781,22.47173309326172
2010-11-11,91.8499984741211,137.66000366210938,69.1373291015625,22.28573226928711
2010-11-12,90.76268768310547,133.69000244140625,68.86186218261719,21.355754852294922
2010-11-15,90.63429260253906,132.4199981689453,68.48397827148438,21.389568328857422
2010-11-16,89.22229766845703,130.97000122070312,68.65054321289062,20.7554931640625
2010-11-17,89.267578125,130.3800048828125,68.66974639892578,20.594860076904297
2010-11-18,90.58145904541016,132.08999633789062,68.65054321289062,21.152851104736328
2010-11-19,90.83062744140625,132.1999969482422,68.7273941040039,20.84848976135254
2010-11-22,90.7551498413086,133.47999572753906,68.89391326904297,20.91612434387207
2010-11-23,89.44125366210938,134.41000366210938,68.96442413330078,20.865402221679688
2010-11-24,90.76268768310547,134.17999267578125,68.63134002685547,21.254301071166992
2010-11-26,89.7055435180664,133.11000061035156,68.772216796875,21.355754852294922
2010-11-29,89.97737884521484,133.50999450683594,68.81706237792969,21.398027420043945
2010-11-30,89.47142791748047,135.4199981689453,68.772216796875,21.195119857788086
2010-12-01,91.37433624267578,135.3800048828125,68.4135971069336,21.820743560791016
2010-12-02,92.54472351074219,135.1999969482422,68.27845764160156,22.00674057006836
2010-12-03,92.79386901855469,138.07000732421875,68.4135971069336,22.28573226928711
2010-12-06,92.69571685791016,139.11000061035156,68.66477966308594,22.260372161865234
2010-12-07,92.7485580444336,136.5,68.13029479980469,22.108192443847656
2010-12-08,93.0884017944336,134.7899932861328,67.80196380615234,22.277278900146484
2010-12-09,93.4508285522461,135.3699951171875,67.92427825927734,22.218101501464844
2010-12-10,93.99449920654297,135.41000366210938,67.79547882080078,22.184284210205078
2010-12-13,94.05489349365234,136.0500030517578,67.840576171875,22.404098510742188
2010-12-14,94.1379623413086,136.17999267578125,67.46080017089844,22.344913482666016
2010-12-15,93.70758056640625,134.6999969482422,67.34484100341797,22.28573226928711
2010-12-16,94.251220703125,133.80999755859375,67.47364044189453,22.209646224975586
2010-12-17,94.35218811035156,134.1999969482422,67.840576171875,22.378732681274414
2010-12-20,94.57990264892578,135.11000061035156,67.88572692871094,22.581636428833008
2010-12-21,95.17955780029297,135.32000732421875,68.01447296142578,22.72536277770996
2010-12-22,95.4756088256836,135.0500030517578,67.93721008300781,22.84372329711914
2010-12-23,95.33894348144531,134.66000366210938,67.80843353271484,22.928266525268555
2010-12-27,95.37692260742188,135.02000427246094,68.00154876708984,22.885995864868164
2010-12-28,95.51356506347656,137.22000122070312,67.6036605834961,23.13117218017578
2010-12-29,95.58187103271484,137.7100067138672,68.08168029785156,23.139625549316406
2010-12-30,95.4300765991211,137.02999877929688,68.02999877929688,22.86063575744629
2010-12-31,95.45281219482422,138.72000122070312,68.30776977539062,23.291807174682617
2011-01-03,96.43962860107422,138.0,68.23023223876953,23.39325714111328
2011-01-04,96.38650512695312,134.75,68.2496337890625,23.080446243286133
2011-01-05,96.88746643066406,134.3699951171875,67.92017364501953,23.325624465942383
2011-01-06,96.69768524169922,133.8300018310547,67.93311309814453,23.0128116607666
2011-01-07,96.5079345703125,133.5800018310547,68.15274810791016,22.928266525268555
2011-01-10,96.38650512695312,134.1199951171875,68.33360290527344,23.198808670043945
2011-01-11,96.72807312011719,134.91000366210938,68.19793701171875,23.460891723632812
2011-01-12,97.60099792480469,135.4600067138672,68.19152069091797,23.613073348999023
2011-01-13,97.44161987304688,134.0500030517578,68.4369125366211,23.579256057739258
2011-01-14,98.14755249023438,132.69000244140625,68.29483032226562,23.689163208007812
2011-01-18,98.31454467773438,133.42999267578125,68.2496337890625,23.66379737854004
2011-01-19,97.35051727294922,133.72000122070312,68.26249694824219,23.6384334564209
2011-01-20,97.22145080566406,131.1999969482422,68.00415802001953,23.401714324951172
2011-01-21,97.44161987304688,131.02999877929688,68.21732330322266,23.6384334564209
2011-01-24,97.99571990966797,130.36000061035156,68.17854309082031,23.435527801513672
2011-01-25,98.04884338378906,130.10000610351562,68.39173126220703,23.139625549316406
2011-01-26,98.42839050292969,131.16000366210938,68.16566467285156,23.655344009399414
2011-01-27,98.67127227783203,127.93000030517578,68.28192138671875,23.452438354492188
2011-01-28,96.9482192993164,130.27999877929688,68.37882995605469,23.748342514038086
2011-01-31,97.67691040039062,129.8699951171875,68.2496337890625,24.120336532592773
2011-02-01,99.24057006835938,130.8000030517578,68.10447692871094,24.297876358032227
2011-02-02,99.05082702636719,130.4499969482422,68.02680206298828,24.53459930419922
2011-02-03,99.27094268798828,132.1999969482422,67.77408599853516,24.37396812438965
2011-02-04,99.5517807006836,131.66000366210938,67.5473403930664,24.238697052001953
2011-02-07,100.17424011230469,131.67999267578125,67.57319641113281,24.17106056213379
2011-02-08,100.62969207763672,133.13999938964844,67.37886047363281,24.331695556640625
2011-02-09,100.40193176269531,133.07000732421875,67.50198364257812,24.450056076049805
2011-02-10,100.43988800048828,132.85000610351562,67.30760192871094,24.30632972717285
2011-02-11,101.03958129882812,132.32000732421875,67.57319641113281,24.22178840637207
2011-02-14,101.282470703125,132.9499969482422,67.6056137084961,24.340150833129883
2011-02-15,100.96365356445312,133.97000122070312,67.6898422241211,24.0273380279541
2011-02-16,101.60130310058594,134.10000610351562,67.6898422241211,24.204875946044922
2011-02-17,101.90492248535156,135.0399932861328,67.85184478759766,24.280967712402344
2011-02-18,102.11744689941406,135.41000366210938,67.8259048461914,24.255605697631836
2011-02-22,100.06797790527344,136.2899932861328,68.07209014892578,24.22178840637207
2011-02-23,99.45315551757812,137.50999450683594,68.1239013671875,24.762868881225586
2011-02-24,99.38480377197266,136.47999572753906,68.13691711425781,24.543054580688477
2011-02-25,100.44750213623047,137.3800048828125,68.31829833984375,25.084135055541992
2011-02-28,101.06993865966797,137.66000366210938,68.44789123535156,25.126405715942383
2011-03-01,99.38480377197266,140.02999877929688,68.39265441894531,25.506853103637695
2011-03-02,99.59737396240234,139.9199981689453,68.28221893310547,25.608306884765625
2011-03-03,101.31287384033203,138.08999633789062,68.04187774658203,25.599849700927734
2011-03-04,100.55377960205078,139.35000610351562,68.2237777709961,25.726667404174805
2011-03-07,99.76432800292969,139.72000122070312,68.25621032714844,25.608306884765625
2011-03-08,100.63727569580078,139.36000061035156,68.20425415039062,25.388490676879883
2011-03-09,100.4930419921875,139.41000366210938,68.36664581298828,25.489940643310547
2011-03-10,98.63335418701172,137.77000427246094,68.60699462890625,25.075679779052734
2011-03-11,99.31649017333984,138.22000122070312,68.61998748779297,24.931957244873047
2011-03-14,98.71683502197266,138.86000061035156,68.65898132324219,24.999589920043945
2011-03-15,97.58580017089844,136.27000427246094,68.68498992919922,24.086517333984375
2011-03-16,95.77922058105469,136.24000549316406,68.87982940673828,24.230241775512695
2011-03-17,97.04688262939453,136.97000122070312,68.83441162109375,24.98267936706543
2011-03-18,97.39986419677734,138.3699951171875,68.80842590332031,25.126405715942383
2011-03-21,98.90936279296875,139.13999938964844,68.64595031738281,25.244766235351562
2011-03-22,98.5662612915039,139.0500030517578,68.6524658203125,25.430763244628906
2011-03-23,98.84835815429688,140.33999633789062,68.61998748779297,25.481487274169922
2011-03-24,99.79366302490234,139.22000122070312,68.43157196044922,25.566030502319336
2011-03-25,100.09864807128906,139.25999450683594,68.37313842773438,25.6336669921875
2011-03-28,99.85466766357422,138.5399932861328,68.34065246582031,25.28704071044922
2011-03-29,100.5255355834961,138.2100067138672,68.25621032714844,25.430763244628906
2011-03-30,101.21932220458984,138.6699981689453,68.37313842773438,25.396947860717773
2011-03-31,101.08206939697266,139.86000061035156,68.295166015625,25.794301986694336
2011-04-01,101.50897216796875,139.1999969482422,68.38835144042969,25.971843719482422
2011-04-04,101.59284210205078,139.83999633789062,68.49909973144531,26.208566665649414
2011-04-05,101.57760620117188,142.0500030517578,68.35578918457031,26.23392677307129
2011-04-06,101.89783477783203,142.3800048828125,68.15380096435547,26.310016632080078
2011-04-07,101.63862609863281,142.50999450683594,68.25806427001953,26.360746383666992
2011-04-08,101.28791809082031,143.66000366210938,68.12773895263672,26.986366271972656
2011-04-11,100.98298645019531,142.63999938964844,68.1928939819336,26.487560272216797
2011-04-12,100.22823333740234,141.61000061035156,68.45350646972656,25.946481704711914
2011-04-13,100.22061920166016,141.89999389648438,68.52523803710938,26.14938735961914
2011-04-14,100.29686737060547,143.80999755859375,68.46005249023438,26.217021942138672
2011-04-15,100.66277313232422,145.0500030517578,68.70764923095703,26.3522891998291
2011-04-18,99.53445434570312,145.92999267578125,68.82489776611328,26.1916561126709
2011-04-19,100.10626983642578,145.92999267578125,68.96176147460938,26.200111389160156
2011-04-20,101.47089385986328,146.5,68.864013671875,26.614376068115234
2011-04-21,101.9892807006836,146.74000549316406,68.90963745117188,26.808826446533203
2011-04-25,101.8825454711914,146.8699951171875,68.94866943359375,26.732736587524414
2011-04-26,102.75929260253906,146.3800048828125,69.20283508300781,26.72428321838379
2011-04-27,103.43013763427734,149.1999969482422,69.1441650390625,26.88491439819336
2011-04-28,103.76560974121094,149.82000732421875,69.30708312988281,26.690465927124023
2011-04-29,104.00956726074219,152.3699951171875,69.36573028564453,26.969459533691406
2011-05-02,103.84947967529297,150.41000366210938,69.40235137939453,26.69892120361328
2011-05-03,103.47588348388672,149.8800048828125,69.42192840576172,26.419925689697266
2011-05-04,102.78975677490234,147.72999572753906,69.55261993408203,25.99720573425293
2011-05-05,101.85973358154297,143.47000122070312,69.7094955444336,24.255605697631836
2011-05-06,102.30946350097656,145.3000030517578,69.70292663574219,24.179515838623047
2011-05-09,102.7059326171875,147.3800048828125,69.78135681152344,25.067222595214844
2011-05-10,103.58264923095703,147.89999389648438,69.65718078613281,25.295494079589844
2011-05-11,102.49246978759766,146.5399932861328,69.78135681152344,24.483869552612305
2011-05-12,102.9803466796875,146.58999633789062,69.67678833007812,24.509235382080078
2011-05-13,102.18749237060547,145.6300048828125,69.78787231445312,24.551509857177734
2011-05-16,101.53948974609375,145.3699951171875,69.93819427490234,24.230241775512695
2011-05-17,101.52426147460938,144.74000549316406,70.01660919189453,24.2894229888916
2011-05-18,102.43146514892578,145.60000610351562,69.905517578125,24.779775619506836
2011-05-19,102.67540740966797,145.64999389648438,69.85323333740234,24.5853271484375
2011-05-20,101.85973358154297,147.49000549316406,69.91861724853516,24.8135929107666
2011-05-23,100.67799377441406,147.8300018310547,69.9773941040039,24.416234970092773
2011-05-24,100.59417724609375,148.58999633789062,70.0035629272461,24.745956420898438
2011-05-25,100.92960357666016,148.5800018310547,69.99047088623047,25.194040298461914
2011-05-26,101.39468383789062,148.22000122070312,70.14077758789062,25.28704071044922
2011-05-27,101.7834701538086,149.6999969482422,70.20611572265625,25.430763244628906
2011-05-31,102.84317016601562,149.63999938964844,70.22569274902344,25.574487686157227
2011-06-01,100.53315734863281,149.91000366210938,70.52919006347656,25.25322151184082
2011-06-02,100.42644500732422,149.5,70.247314453125,25.47303581237793
2011-06-03,99.42777252197266,150.22000122070312,70.33910369873047,25.574487686157227
2011-06-06,98.37568664550781,150.47999572753906,70.35221862792969,25.278581619262695
2011-06-07,98.31471252441406,150.4199981689453,70.49645233154297,25.51530647277832
2011-06-08,97.90300750732422,149.80999755859375,70.555419921875,25.726667404174805
2011-06-09,98.65010833740234,150.55999755859375,70.4505386352539,25.870391845703125
2011-06-10,97.27786254882812,149.24000549316406,70.4439926147461,25.599849700927734
2011-06-13,97.3541030883789,147.77000427246094,70.35221862792969,25.430763244628906
2011-06-14,98.58914947509766,148.6699981689453,70.16216278076172,25.608306884765625
2011-06-15,96.83568572998047,149.1199951171875,70.33910369873047,24.923500061035156
2011-06-16,97.0491714477539,148.97000122070312,70.3850326538086,24.822050094604492
2011-06-17,97.33879089355469,149.94000244140625,70.4505386352539,24.712139129638672
2011-06-20,97.83675384521484,150.02999877929688,70.35873413085938,24.576873779296875
2011-06-21,99.17750549316406,150.75999450683594,70.42433166503906,24.593778610229492
2011-06-22,98.57991790771484,150.99000549316406,70.37844848632812,24.703685760498047
2011-06-23,98.29643249511719,148.33999633789062,70.60786437988281,24.179515838623047
2011-06-24,97.15489196777344,146.25999450683594,70.54230499267578,23.892065048217773
2011-06-27,98.02061462402344,145.72999572753906,70.41779327392578,23.883609771728516
2011-06-28,99.30010223388672,146.24000549316406,70.13590240478516,24.30632972717285
2011-06-29,100.15049743652344,147.17999267578125,69.92620086669922,24.745956420898438
2011-06-30,101.10819244384766,146.0,69.9130859375,24.483869552612305
2011-07-01,102.60214233398438,144.92999267578125,69.9354019165039,24.517690658569336
2011-07-05,102.5179214477539,147.6300048828125,70.2049560546875,24.847410202026367
2011-07-06,102.6404800415039,148.91000366210938,70.24439239501953,24.83895492553711
2011-07-07,103.70543670654297,149.14999389648438,70.04718017578125,25.363128662109375
2011-07-08,102.96992492675781,150.25,70.40869140625,25.337764739990234
2011-07-11,101.10819244384766,151.58999633789062,70.59927368164062,25.143314361572266
2011-07-12,100.67151641845703,152.77000427246094,70.65845489501953,25.363128662109375
2011-07-13,101.00860595703125,154.13999938964844,70.7965316772461,25.70975685119629
2011-07-14,100.31140899658203,154.5399932861328,70.61909484863281,25.566030502319336
2011-07-15,100.8936767578125,155.1999969482422,70.71760559082031,25.794301986694336
2011-07-18,100.06623077392578,156.57000732421875,70.61245727539062,25.650577545166016
2011-07-19,101.69048309326172,154.66000366210938,70.76365661621094,25.8281192779541
2011-07-20,101.62921142578125,156.02000427246094,70.65188598632812,25.912662506103516
2011-07-21,103.03887939453125,154.8300018310547,70.54013061523438,25.785846710205078
2011-07-22,103.10784912109375,156.1199951171875,70.69135284423828,25.99720573425293
2011-07-25,102.53323364257812,157.33999633789062,70.48760986328125,25.870391845703125
2011-07-26,102.15013122558594,157.77000427246094,70.65188598632812,26.07329750061035
2011-07-27,100.0585708618164,157.19000244140625,70.53356170654297,25.895751953125
2011-07-28,99.7674560546875,157.32000732421875,70.67161560058594,25.811208724975586
2011-07-29,99.08557891845703,158.2899932861328,71.09226989746094,25.599849700927734
2011-08-01,98.66417694091797,157.72000122070312,71.26365661621094,25.599849700927734
2011-08-02,96.14356231689453,161.52000427246094,71.56684112548828,25.599849700927734
2011-08-03,96.66454315185547,161.49000549316406,71.63938903808594,25.219402313232422
2011-08-04,92.13665008544922,160.63999938964844,72.0216293334961,24.26405906677246
2011-08-05,91.99876403808594,161.75,71.54705810546875,24.36551284790039
2011-08-08,86.0074691772461,167.1199951171875,71.57999420166016,23.460891723632812
2011-08-09,90.00675201416016,168.61000061035156,72.00180053710938,23.689163208007812
2011-08-10,86.03047180175781,174.5800018310547,72.58850860595703,23.79061508178711
2011-08-11,89.89183807373047,170.75,71.68547821044922,24.30632972717285
2011-08-12,90.4970932006836,169.97000122070312,72.00180053710938,24.272510528564453
2011-08-15,92.41246032714844,171.8000030517578,72.1139144897461,24.56841468811035
2011-08-16,91.62333679199219,173.9199981689453,72.26554107666016,24.56841468811035
2011-08-17,91.68462371826172,174.4199981689453,72.38417053222656,24.779775619506836
2011-08-18,87.73133087158203,177.72000122070312,72.4896011352539,24.17106056213379
2011-08-19,86.29863739013672,179.9499969482422,72.52251434326172,24.602231979370117
2011-08-22,86.36756134033203,184.58999633789062,72.43028259277344,24.644508361816406
2011-08-23,89.20997619628906,177.6699981689453,72.2588882446289,24.89813804626465
2011-08-24,90.46643829345703,171.64999389648438,71.85026550292969,24.644508361816406
2011-08-25,89.0873794555664,172.36000061035156,71.99527740478516,24.75441551208496
2011-08-26,90.38218688964844,177.47000122070312,72.09410095214844,25.03340721130371
2011-08-29,92.97937774658203,173.88999938964844,72.0150375366211,25.117952346801758
2011-08-30,93.22455596923828,179.10000610351562,72.2391586303711,25.456127166748047
2011-08-31,93.6382827758789,177.72000122070312,72.1731948852539,25.498397827148438
2011-09-01,92.6576156616211,177.8699951171875,72.40575408935547,25.320858001708984
2011-09-02,90.29022216796875,183.24000549316406,72.62372589111328,25.185588836669922
2011-09-06,89.63134002685547,182.89999389648438,72.81522369384766,25.101041793823242
2011-09-07,92.15960693359375,177.0800018310547,72.6435317993164,25.32931137084961
2011-09-08,91.20195007324219,181.80999755859375,72.66329956054688,25.16022300720215
2011-09-09,88.81157684326172,180.6999969482422,72.76241302490234,24.762868881225586
2011-09-12,89.38617706298828,176.6699981689453,72.61709594726562,24.703685760498047
2011-09-13,90.20596313476562,178.5399932861328,72.6435317993164,24.627595901489258
2011-09-14,91.45475769042969,177.2100067138672,72.65674591064453,24.509235382080078
2011-09-15,93.03306579589844,174.39999389648438,72.4453353881836,24.610689163208008
2011-09-16,93.5836410522461,176.02999877929688,72.55103302001953,24.500782012939453
2011-09-19,92.65180969238281,173.30999755859375,72.7096176147461,24.086517333984375
2011-09-20,92.54402160644531,175.77999877929688,72.85490417480469,24.044248580932617
2011-09-21,89.81782531738281,173.58999633789062,72.97377014160156,23.689163208007812
2011-09-22,86.91451263427734,169.0500030517578,73.18512725830078,22.852176666259766
2011-09-23,87.43819427490234,159.8000030517578,72.80865478515625,22.446369171142578
2011-09-26,89.51747131347656,157.5800018310547,72.6435317993164,22.522457122802734
2011-09-27,90.51861572265625,160.6300048828125,72.54436492919922,22.902904510498047
2011-09-28,88.67036437988281,156.22000122070312,72.48497009277344,22.28573226928711
2011-09-29,89.37115478515625,157.6999969482422,72.45857238769531,22.547819137573242
2011-09-30,87.13785552978516,158.05999755859375,72.72940826416016,21.770017623901367
2011-10-03,84.65808868408203,160.9600067138672,73.02654266357422,21.660112380981445
2011-10-04,86.5140609741211,157.63999938964844,72.80152893066406,21.617839813232422
2011-10-05,88.11589050292969,159.4600067138672,72.556640625,21.922197341918945
2011-10-06,89.71001434326172,160.49000549316406,72.4375228881836,22.378732681274414
2011-10-07,89.10929870605469,159.17999267578125,72.29191589355469,22.277278900146484
2011-10-10,92.08966064453125,163.27000427246094,72.14628601074219,22.776090621948242
2011-10-11,92.18206024169922,162.10000610351562,72.31839752197266,22.945178985595703
2011-10-12,92.99070739746094,163.25999450683594,72.17939758300781,22.987449645996094
2011-10-13,92.80583953857422,162.3000030517578,72.2191162109375,23.038177490234375
2011-10-14,94.39225769042969,163.39999389648438,72.09999084472656,23.562345504760742
2011-10-17,92.59021759033203,162.6199951171875,72.38459014892578,23.224170684814453
2011-10-18,94.39996337890625,161.83999633789062,72.30516052246094,23.350984573364258
2011-10-19,93.28331756591797,159.8699951171875,72.41107940673828,22.89444923400879
2011-10-20,93.69148254394531,157.77000427246094,72.37135314941406,22.86063575744629
2011-10-21,95.47038269042969,159.52000427246094,72.41107940673828,22.978994369506836
2011-10-24,96.64098358154297,161.02000427246094,72.2984848022461,23.342531204223633
2011-10-25,94.76192474365234,165.58999633789062,72.66914367675781,23.418622970581055
2011-10-26,95.7245864868164,167.39999389648438,72.47054290771484,23.283353805541992
2011-10-27,99.05913543701172,169.5500030517578,72.19263458251953,23.900522232055664
2011-10-28,99.0360336303711,169.6199951171875,72.4771957397461,23.799068450927734
2011-10-31,96.648681640625,167.33999633789062,72.82134246826172,23.435527801513672
2011-11-01,93.95329284667969,167.3800048828125,73.17105102539062,23.156538009643555
2011-11-02,95.48583984375,169.05999755859375,73.17105102539062,23.300260543823242
2011-11-03,97.2262954711914,171.72000122070312,73.01176452636719,23.587709426879883
2011-11-04,96.63331604003906,170.85000610351562,72.99190521240234,23.66379737854004
2011-11-07,97.23399353027344,174.97999572753906,73.05162811279297,24.01042938232422
2011-11-08,98.48155212402344,173.52999877929688,72.95211791992188,24.1287899017334
2011-11-09,94.84667205810547,172.07000732421875,73.07817077636719,23.596162796020508
2011-11-10,95.7399673461914,171.13999938964844,72.93883514404297,23.570798873901367
2011-11-11,97.5420150756836,173.9600067138672,72.85254669189453,23.799068450927734
2011-11-14,96.61787414550781,173.1999969482422,72.9122543334961,23.545438766479492
2011-11-15,97.09536743164062,173.36000061035156,72.81938171386719,23.714523315429688
2011-11-16,95.55513763427734,171.50999450683594,72.79283905029297,23.655344009399414
2011-11-17,94.03801727294922,167.10000610351562,72.75300598144531,23.105806350708008
2011-11-18,93.93792724609375,167.6199951171875,72.73974609375,23.071992874145508
2011-11-21,92.15126037597656,163.5,72.72645568847656,22.902904510498047
2011-11-22,91.7892837524414,165.30999755859375,72.77954864501953,23.055084228515625
2011-11-23,89.76393127441406,164.8300018310547,72.84593963623047,22.708454132080078
2011-11-25,89.594482421875,163.39999389648438,72.74639129638672,22.522457122802734
2011-11-28,92.18978118896484,166.6300048828125,72.73974609375,22.801450729370117
2011-11-29,92.45158386230469,166.8800048828125,72.76629638671875,23.097352981567383
2011-11-30,96.25593566894531,170.1300048828125,72.58047485351562,23.367895126342773
2011-12-01,96.24054718017578,169.6300048828125,72.60585021972656,23.283353805541992
2011-12-02,96.15583801269531,169.82000732421875,72.79264068603516,23.48625946044922
2011-12-05,97.20316314697266,167.32000732421875,72.87266540527344,23.35944366455078
2011-12-06,97.23399353027344,168.17999267578125,72.80590057373047,23.48625946044922
2011-12-07,97.5959243774414,169.39999389648438,72.93933868408203,23.283353805541992
2011-12-08,95.45504760742188,165.97999572753906,73.01277160644531,22.987449645996094
2011-12-09,97.07222747802734,166.39999389648438,72.97274017333984,23.071992874145508
2011-12-12,95.6552505493164,161.99000549316406,72.99271392822266,22.776090621948242
2011-12-13,94.76192474365234,158.4499969482422,73.13948059082031,22.86908721923828
2011-12-14,93.75308990478516,152.88999938964844,73.31962585449219,22.057466506958008
2011-12-15,94.09194946289062,152.3300018310547,73.16621398925781,21.947559356689453
2011-12-16,94.23143768310547,155.22999572753906,73.41302490234375,22.125102996826172
2011-12-19,93.22392272949219,154.8699951171875,73.48638916015625,22.023649215698242
2011-12-20,96.044921875,156.97999572753906,73.38636779785156,22.530912399291992
2011-12-21,96.23091888427734,157.16000366210938,73.19953155517578,22.691545486450195
2011-12-22,97.08340454101562,156.0399932861328,73.31294250488281,22.71691131591797
2011-12-23,97.95140838623047,156.30999755859375,73.22623443603516,22.82681655883789
2011-12-27,98.02888488769531,154.91000366210938,73.35834503173828,22.928266525268555
2011-12-28,96.74242401123047,151.02999877929688,73.48516845703125,22.65772819519043
2011-12-29,97.7421646118164,150.33999633789062,73.65863037109375,22.72536277770996
2011-12-30,97.26165771484375,151.99000549316406,73.56522369384766,22.691545486450195
2012-01-03,98.81165313720703,155.9199981689453,73.4183578491211,23.367895126342773
2012-01-04,98.96662902832031,156.7100067138672,73.31832885742188,23.545438766479492
2012-01-05,99.2301254272461,157.77999877929688,73.4183578491211,23.224170684814453
2012-01-06,98.9743881225586,157.1999969482422,73.47843933105469,23.325624465942383
2012-01-09,99.21465301513672,156.5,73.4183578491211,23.350984573364258
2012-01-10,100.07488250732422,158.63999938964844,73.39838409423828,23.52007293701172
2012-01-11,100.12913513183594,159.6699981689453,73.65863037109375,23.452438354492188
2012-01-12,100.36934661865234,160.3800048828125,73.59859466552734,23.122718811035156
2012-01-13,99.85012817382812,159.25999450683594,73.765380859375,23.071992874145508
2012-01-17,100.2376480102539,160.5,73.78539276123047,23.232624053955078
2012-01-18,101.34589385986328,161.60000610351562,73.69198608398438,23.241079330444336
2012-01-19,101.88060760498047,161.22000122070312,73.57186126708984,23.342531204223633
2012-01-20,102.2603759765625,162.07000732421875,73.38504791259766,23.173442840576172
2012-01-23,101.99687957763672,163.16000366210938,73.32496643066406,23.44398307800293
2012-01-24,101.88060760498047,162.00999450683594,73.38504791259766,23.48625946044922
2012-01-25,102.7331314086914,166.4199981689453,73.4918212890625,23.680707931518555
2012-01-26,102.20612335205078,167.27000427246094,73.63860321044922,23.748342514038086
2012-01-27,102.15962982177734,168.97000122070312,73.75873565673828,23.832889556884766
2012-01-30,101.81085205078125,168.02999877929688,73.97223663330078,23.587709426879883
2012-01-31,101.77213287353516,169.30999755859375,74.0989990234375,23.528528213500977
2012-02-01,102.66336059570312,169.55999755859375,73.96855926513672,23.604616165161133
2012-02-02,102.82608795166016,171.0500030517578,73.98863983154297,23.66379737854004
2012-02-03,104.26757049560547,167.63999938964844,73.9552230834961,23.942792892456055
2012-02-06,104.19784545898438,167.17999267578125,74.00872039794922,24.0611515045166
2012-02-07,104.46134185791016,169.6999969482422,73.93511962890625,24.044248580932617
2012-02-08,104.77132415771484,168.5,73.87493133544922,24.154151916503906
2012-02-09,104.90308380126953,168.02000427246094,73.7544937133789,24.280967712402344
2012-02-10,104.12806701660156,167.13999938964844,73.8548583984375,24.05270004272461
2012-02-13,104.90308380126953,167.50999450683594,73.88157653808594,24.11188507080078
2012-02-14,104.77132415771484,167.1199951171875,73.94183349609375,24.103425979614258
2012-02-15,104.28308868408203,168.11000061035156,73.91505432128906,24.18796730041504
2012-02-16,105.43785095214844,168.0,73.90169525146484,24.297876358032227
2012-02-17,105.71683502197266,167.35000610351562,73.80805969238281,24.255605697631836
2012-02-21,105.76327514648438,171.02000427246094,73.69434356689453,24.636051177978516
2012-02-22,105.42230224609375,172.94000244140625,73.90169525146484,24.864322662353516
2012-02-23,105.8873519897461,173.02000427246094,73.96187591552734,24.94040870666504
2012-02-24,106.11981964111328,172.22999572753906,73.98197174072266,25.092588424682617
2012-02-27,106.29806518554688,171.6999969482422,74.21605682373047,24.88968276977539
2012-02-28,106.60810089111328,173.49000549316406,74.16259002685547,24.881229400634766
2012-02-29,106.1895980834961,164.2899932861328,74.08897399902344,24.788232803344727
2012-03-01,106.73979187011719,166.61000061035156,73.93943786621094,25.177133560180664
2012-03-02,106.41434478759766,166.33999633789062,74.10038757324219,24.923500061035156
2012-03-05,105.98030853271484,165.64999389648438,73.9930648803711,24.805137634277344
2012-03-06,104.43035888671875,162.6999969482422,74.140625,24.399330139160156
2012-03-07,105.15885925292969,163.6300048828125,74.07356262207031,24.509235382080078
2012-03-08,106.20506286621094,165.27999877929688,73.90593719482422,24.712139129638672
2012-03-09,106.61581420898438,166.3800048828125,73.89250183105469,24.779775619506836
2012-03-12,106.62356567382812,165.07000732421875,73.95955657958984,24.745956420898438
2012-03-13,108.54557037353516,162.3000030517578,73.71142578125,24.855865478515625
2012-03-14,108.42928314208984,159.57000732421875,73.30906677246094,24.686777114868164
2012-03-15,109.05701446533203,161.0800018310547,73.27555847167969,24.703685760498047
2012-03-16,109.20808410644531,161.3000030517578,73.2822494506836,25.00804328918457
2012-03-19,109.63618469238281,161.58999633789062,73.04755401611328,24.965774536132812
2012-03-20,109.31700134277344,160.1300048828125,73.15484619140625,24.66141700744629
2012-03-21,109.13801574707031,160.2100067138672,73.32918548583984,24.602231979370117
2012-03-22,108.35182189941406,159.57000732421875,73.39625549316406,24.40778350830078
2012-03-23,108.70207214355469,161.52999877929688,73.56389617919922,24.644508361816406
2012-03-26,110.22772979736328,164.39999389648438,73.51025390625,24.75441551208496
2012-03-27,109.88523864746094,163.24000549316406,73.59075927734375,24.652963638305664
2012-03-28,109.34038543701172,161.50999450683594,73.57734680175781,24.416234970092773
2012-03-29,109.153564453125,161.27999877929688,73.77848052978516,24.07806396484375
2012-03-30,109.60501861572266,162.1199951171875,73.66451263427734,24.348602294921875
2012-04-02,110.40678405761719,162.94000244140625,73.67321014404297,24.66141700744629
2012-04-03,109.95531463623047,159.88999938964844,73.35733032226562,24.551509857177734
2012-04-04,108.86556243896484,157.2100067138672,73.5119400024414,24.17106056213379
2012-04-05,108.81106567382812,158.30999755859375,73.679931640625,24.26405906677246
2012-04-09,107.58900451660156,159.3699951171875,74.00254821777344,24.154151916503906
2012-04-10,105.78312683105469,161.10000610351562,74.00926971435547,23.832889556884766
2012-04-11,106.6393814086914,161.07000732421875,74.01600646972656,23.892065048217773
2012-04-12,108.03266143798828,162.6999969482422,73.94207763671875,24.204875946044922
2012-04-13,106.74833679199219,160.85000610351562,74.1705322265625,23.959701538085938
2012-04-16,106.67828369140625,160.4600067138672,74.18399810791016,23.722978591918945
2012-04-17,108.2583999633789,160.25,74.1974105834961,23.832889556884766
2012-04-18,107.8926010131836,159.30999755859375,74.29157257080078,23.604616165161133
2012-04-19,107.19983673095703,159.42999267578125,74.23778533935547,23.613073348999023
2012-04-20,107.37882995605469,159.5399932861328,74.25125885009766,23.706069946289062
2012-04-23,106.47593688964844,159.07000732421875,74.32515716552734,23.66379737854004
2012-04-24,106.88069152832031,159.3000030517578,74.21761322021484,23.66379737854004
2012-04-25,108.34405517578125,159.6199951171875,74.25125885009766,23.799068450927734
2012-04-26,109.09906005859375,161.02999877929688,74.36548614501953,23.84979248046875
2012-04-27,109.27812957763672,161.3800048828125,74.35872650146484,23.92588233947754
2012-04-30,108.87334442138672,161.8800048828125,74.33187866210938,24.018882751464844
2012-05-01,109.55058288574219,161.32000732421875,74.30493927001953,24.018882751464844
2012-05-02,109.22364044189453,160.58999633789062,74.37904357910156,23.706069946289062
2012-05-03,108.39073944091797,158.97000122070312,74.45983123779297,23.44398307800293
2012-05-04,106.6393814086914,159.47000122070312,74.53392791748047,23.02971839904785
2012-05-07,106.7171859741211,159.0800018310547,74.5608901977539,22.978994369506836
2012-05-08,106.28907012939453,156.0,74.61475372314453,22.89444923400879
2012-05-09,105.65863800048828,154.47000122070312,74.63492584228516,22.71691131591797
2012-05-10,105.87653350830078,154.77000427246094,74.5608901977539,22.72536277770996
2012-05-11,105.55741119384766,153.55999755859375,74.61475372314453,22.5562744140625
2012-05-14,104.38982391357422,151.3300018310547,74.7830810546875,22.260372161865234
2012-05-15,103.79044342041016,149.74000549316406,74.74270629882812,22.302642822265625
2012-05-16,103.39351654052734,149.4600067138672,74.7292251586914,22.277278900146484
2012-05-17,101.86004638671875,152.8000030517578,74.77639770507812,22.22655487060547
2012-05-18,100.98824310302734,154.5500030517578,74.75616455078125,22.209646224975586
2012-05-21,102.72405242919922,154.64999389648438,74.74270629882812,22.505552291870117
2012-05-22,102.90312194824219,152.0800018310547,74.5608901977539,22.184284210205078
2012-05-23,102.95756530761719,151.6199951171875,74.6483383178711,21.93910789489746
2012-05-24,103.15998840332031,151.41000366210938,74.58777618408203,21.947559356689453
2012-05-25,102.82526397705078,152.67999267578125,74.70228576660156,22.023649215698242
2012-05-29,104.0706787109375,151.02000427246094,74.6618423461914,21.93065071105957
2012-05-30,102.56061553955078,151.91000366210938,74.91105651855469,21.524839401245117
2012-05-31,102.33487701416016,151.6199951171875,75.1332778930664,21.33884620666504
2012-06-01,99.75840759277344,157.5,75.32091522216797,20.899219512939453
2012-06-04,99.71167755126953,157.32000732421875,75.14546203613281,21.017580032348633
2012-06-05,100.46674346923828,157.13999938964844,74.99022674560547,20.941490173339844
2012-06-06,102.72405242919922,157.2100067138672,74.76752471923828,21.33039093017578
2012-06-07,102.78633880615234,154.5,74.88219451904297,21.186664581298828
2012-06-08,103.6036605834961,154.72999572753906,74.84846496582031,21.254301071166992
2012-06-11,102.28817749023438,155.36000061035156,74.91600036621094,20.865402221679688
2012-06-12,103.46357727050781,156.4600067138672,74.85529327392578,20.96685028076172
2012-06-13,102.80189514160156,157.1199951171875,75.05094146728516,20.80622100830078
2012-06-14,103.89166259765625,157.75,74.99695587158203,21.051395416259766
2012-06-15,104.9542007446289,157.83999633789062,75.1724853515625,21.017580032348633
2012-06-18,105.15760803222656,157.92999267578125,75.15222930908203,21.034486770629883
2012-06-19,106.1747817993164,157.16000366210938,75.06446075439453,21.212026596069336
2012-06-20,106.00263214111328,155.97000122070312,74.94976043701172,20.865402221679688
2012-06-21,103.62406921386719,152.02000427246094,75.05094146728516,20.41731834411621
2012-06-22,104.42216491699219,152.63999938964844,74.94297790527344,20.620223999023438
2012-06-25,102.74777221679688,153.75999450683594,75.17919921875,20.83158302307129
2012-06-26,103.26412200927734,152.6199951171875,75.0982437133789,20.975305557250977
2012-06-27,104.19524383544922,152.8300018310547,75.13196563720703,21.09366798400879
2012-06-28,103.89793395996094,151.0500030517578,75.21969604492188,20.865402221679688
2012-06-29,106.48776245117188,155.19000244140625,75.11843872070312,21.770017623901367
2012-07-02,106.8085708618164,155.08999633789062,75.26251983642578,21.727745056152344
2012-07-03,107.51272583007812,157.4600067138672,75.20841979980469,22.336462020874023
2012-07-05,107.02764129638672,155.67999267578125,75.40453338623047,22.421005249023438
2012-07-06,106.01045989990234,153.7100067138672,75.4585952758789,21.905290603637695
2012-07-09,105.87745666503906,154.0399932861328,75.60739135742188,22.294191360473633
2012-07-10,104.9542007446289,152.14999389648438,75.6412353515625,22.00674057006836
2012-07-11,104.96983337402344,152.99000549316406,75.63449096679688,22.251916885375977
2012-07-12,104.46126556396484,152.58999633789062,75.76966857910156,22.302642822265625
2012-07-13,106.2138671875,154.13999938964844,75.7967529296875,22.573183059692383
2012-07-16,105.9635238647461,154.2100067138672,75.85758972167969,22.852176666259766
2012-07-17,106.69115447998047,153.47000122070312,75.83061218261719,22.877540588378906
2012-07-18,107.48140716552734,153.0500030517578,75.97933959960938,23.080446243286133
2012-07-19,107.7630615234375,153.3800048828125,75.91849517822266,23.35944366455078
2012-07-20,106.77720642089844,153.6699981689453,76.02667999267578,23.35944366455078
2012-07-23,105.69747924804688,153.02999877929688,76.09432220458984,22.86908721923828
2012-07-24,104.78987121582031,153.52000427246094,76.18899536132812,22.73381996154785
2012-07-25,104.81336975097656,155.6699981689453,76.21605682373047,22.902904510498047
2012-07-26,106.54251098632812,156.77000427246094,76.16866302490234,22.945178985595703
2012-07-27,108.50640106201172,157.5399932861328,75.93878173828125,23.181900024414062
2012-07-30,108.50640106201172,157.42999267578125,76.0672836303711,23.317169189453125
2012-07-31,107.7474594116211,156.49000549316406,76.14168548583984,23.038177490234375
2012-08-01,107.65351104736328,155.13999938964844,76.05357360839844,23.071992874145508
2012-08-02,106.91026306152344,154.1300048828125,76.0671615600586,22.877540588378906
2012-08-03,109.03057861328125,155.5500030517578,75.88416290283203,23.266443252563477
2012-08-06,109.24185180664062,156.3000030517578,75.99937438964844,23.401714324951172
2012-08-07,109.7895736694336,156.27999877929688,75.79605865478516,23.579256057739258
2012-08-08,109.92262268066406,156.47999572753906,75.70121765136719,23.646886825561523
2012-08-09,110.01646423339844,156.99000549316406,75.68086242675781,23.841341018676758
2012-08-10,110.19641876220703,157.17999267578125,75.80288696289062,23.714523315429688
2012-08-13,110.14167785644531,155.99000549316406,75.79605865478516,23.528528213500977
2012-08-14,110.15730285644531,155.1300048828125,75.61990356445312,23.553892135620117
2012-08-15,110.282470703125,155.6300048828125,75.37598419189453,23.756797790527344
2012-08-16,111.09622192382812,156.55999755859375,75.28108215332031,23.84979248046875
2012-08-17,111.244873046875,156.72000122070312,75.36920928955078,23.883609771728516
2012-08-20,111.25269317626953,157.25999450683594,75.34209442138672,23.99351692199707
2012-08-21,110.91625213623047,158.8300018310547,75.44371795654297,24.21333122253418
2012-08-22,110.96319580078125,160.5399932861328,75.76900482177734,24.340150833129883
2012-08-23,110.05562591552734,161.88999938964844,75.82312774658203,24.22178840637207
2012-08-24,110.72064208984375,161.97000122070312,75.76900482177734,24.11188507080078
2012-08-27,110.74410247802734,161.36000061035156,75.87060546875,24.00197410583496
2012-08-28,110.63459014892578,161.63999938964844,75.93163299560547,24.018882751464844
2012-08-29,110.72064208984375,160.58999633789062,75.85707092285156,24.0611515045166
2012-08-30,109.92262268066406,160.52000427246094,75.90452575683594,24.086517333984375
2012-08-31,110.44681549072266,164.22000122070312,76.14168548583984,24.340150833129883
2012-09-04,110.34508514404297,164.47999572753906,76.12741088867188,24.348602294921875
2012-09-05,110.2511978149414,164.30999755859375,76.12741088867188,24.230241775512695
2012-09-06,112.48896026611328,164.88999938964844,75.9509048461914,24.22178840637207
2012-09-07,112.92709350585938,168.44000244140625,75.96443939208984,24.492326736450195
2012-09-10,112.28544616699219,167.2899932861328,75.97799682617188,24.526142120361328
2012-09-11,112.59846496582031,167.89999389648438,75.88978576660156,24.576873779296875
2012-09-12,112.97404479980469,167.9199981689453,75.74722290039062,24.703685760498047
2012-09-13,114.6953353881836,171.30999755859375,75.9237289428711,24.87277603149414
2012-09-14,115.20394134521484,171.8000030517578,75.6114273071289,25.134859085083008
2012-09-17,114.812744140625,170.39999389648438,75.73362731933594,24.441600799560547
2012-09-18,114.71881103515625,171.72000122070312,75.7811279296875,24.26405906677246
2012-09-19,114.78144073486328,171.74000549316406,75.93050384521484,23.908977508544922
2012-09-20,114.78922271728516,171.47000122070312,75.88297271728516,24.044248580932617
2012-09-21,114.74126434326172,171.9600067138672,76.00519561767578,24.204875946044922
2012-09-24,114.56827545166016,171.0500030517578,76.08663940429688,23.951248168945312
2012-09-25,113.34900665283203,170.77000427246094,76.20889282226562,23.97661018371582
2012-09-26,112.7118148803711,169.80999755859375,76.28356170654297,23.807523727416992
2012-09-27,113.77373504638672,172.33999633789062,76.23603057861328,24.103425979614258
2012-09-28,113.24671173095703,171.88999938964844,76.34463500976562,24.247150421142578
2012-10-01,113.54561614990234,172.2899932861328,76.31542205810547,24.280967712402344
2012-10-02,113.66361236572266,172.10000610351562,76.3766098022461,24.154151916503906
2012-10-03,114.12774658203125,172.41000366210938,76.34944152832031,23.739887237548828
2012-10-04,114.9457778930664,173.61000061035156,76.24061584472656,24.255605697631836
2012-10-05,114.95362854003906,172.6199951171875,76.0841064453125,24.1287899017334
2012-10-08,114.56041717529297,172.0500030517578,76.19976043701172,24.0611515045166
2012-10-09,113.4276351928711,170.99000549316406,76.11812591552734,24.238697052001953
2012-10-10,112.7039794921875,170.83999633789062,76.24061584472656,24.19642448425293
2012-10-11,112.76689147949219,171.32000732421875,76.33580780029297,24.475418090820312
2012-10-12,112.39718627929688,170.05999755859375,76.39702606201172,24.137243270874023
2012-10-15,113.33324432373047,168.35000610351562,76.43785095214844,24.018882751464844
2012-10-16,114.4816665649414,169.4199981689453,76.31542205810547,24.035791397094727
2012-10-17,115.00079345703125,169.5399932861328,76.07733917236328,24.044248580932617
2012-10-18,114.70198822021484,168.7899932861328,76.05014038085938,24.035791397094727
2012-10-19,112.79046630859375,166.97000122070312,76.14537811279297,23.672250747680664
2012-10-22,112.80619812011719,167.5800018310547,76.04332733154297,23.562345504760742
2012-10-23,111.24089050292969,165.42999267578125,76.21337127685547,23.274898529052734
2012-10-24,110.92627716064453,164.86000061035156,76.15895080566406,23.20726203918457
2012-10-25,111.24876403808594,166.02000427246094,75.99573516845703,23.266443252563477
2012-10-26,111.18582153320312,165.92999267578125,76.19976043701172,23.317169189453125
2012-10-31,111.18582153320312,166.8300018310547,76.30862426757812,23.300260543823242
2012-11-01,112.35000610351562,166.07000732421875,76.20836639404297,23.342531204223633
2012-11-02,111.35101318359375,162.60000610351562,76.2561264038086,22.945178985595703
2012-11-05,111.57915496826172,163.22999572753906,76.38568115234375,23.139625549316406
2012-11-06,112.4522705078125,166.3000030517578,76.16751861572266,23.553892135620117
2012-11-07,109.90369415283203,166.49000549316406,76.34473419189453,23.1142635345459
2012-11-08,108.5821762084961,167.99000549316406,76.44019317626953,23.148080825805664
2012-11-09,108.67658996582031,167.82000732421875,76.39928436279297,23.334077835083008
2012-11-12,108.76309204101562,167.4499969482422,76.3788070678711,23.224170684814453
2012-11-13,108.38553619384766,167.10000610351562,76.51512908935547,23.181900024414062
2012-11-14,106.9224624633789,167.13999938964844,76.5356216430664,23.24953269958496
2012-11-15,106.74156188964844,166.08999633789062,76.46063995361328,23.156538009643555
2012-11-16,107.26856994628906,165.8800048828125,76.4878921508789,23.25798988342285
2012-11-19,109.43959045410156,167.8699951171875,76.54240417480469,23.69761848449707
2012-11-20,109.48678588867188,167.38999938964844,76.39928436279297,23.536983489990234
2012-11-21,109.69129943847656,167.55999755859375,76.269775390625,23.6384334564209
2012-11-23,111.18582153320312,169.61000061035156,76.31745910644531,23.722978591918945
2012-11-26,110.94987487792969,169.42999267578125,76.34473419189453,23.689163208007812
2012-11-27,110.38347625732422,168.7100067138672,76.44695281982422,23.655344009399414
2012-11-28,111.27234649658203,166.5500030517578,76.46063995361328,23.579256057739258
2012-11-29,111.79151916503906,167.17999267578125,76.55609893798828,23.739887237548828
2012-11-30,111.81510925292969,166.0500030517578,76.51512908935547,23.756797790527344
2012-12-03,111.26447296142578,166.1300048828125,76.52615356445312,23.815977096557617
2012-12-04,111.107177734375,164.4199981689453,76.57413482666016,23.604616165161133
2012-12-05,111.3038330078125,164.1199951171875,76.6426773071289,23.579256057739258
2012-12-06,111.68138885498047,164.5,76.63587951660156,23.367895126342773
2012-12-07,112.0196533203125,165.16000366210938,76.56725311279297,23.342531204223633
2012-12-10,112.06681823730469,165.8000030517578,76.58096313476562,23.291807174682617
2012-12-11,112.8298110961914,165.64999389648438,76.5535659790039,23.24953269958496
2012-12-12,112.8848648071289,165.77000427246094,76.34093475341797,23.35944366455078
2012-12-13,112.19268035888672,164.3699951171875,76.21759033203125,23.148080825805664
2012-12-14,111.77578735351562,164.1300048828125,76.35468292236328,23.291807174682617
2012-12-17,113.08943939208984,164.44000244140625,76.16952514648438,23.274898529052734
2012-12-18,114.3479995727539,162.0800018310547,75.99125671386719,23.334077835083008
2012-12-19,113.49844360351562,161.69000244140625,76.12154388427734,23.418622970581055
2012-12-20,114.15131378173828,159.72999572753906,76.12843322753906,23.308713912963867
2012-12-21,113.11511993408203,160.3300018310547,76.1969985961914,23.266443252563477
2012-12-24,112.76658630371094,160.6199951171875,76.20381164550781,23.190353393554688
2012-12-26,112.29126739501953,160.77999877929688,76.30690002441406,23.427074432373047
2012-12-27,112.1407699584961,161.16000366210938,76.3481674194336,23.427074432373047
2012-12-28,110.92874908447266,160.5399932861328,76.46495056152344,23.35944366455078
2012-12-31,112.8141860961914,162.02000427246094,76.3275146484375,23.48625946044922
2013-01-02,115.70558166503906,163.1699981689453,76.23817443847656,23.570798873901367
2013-01-03,115.44418334960938,161.1999969482422,76.04576873779297,23.3763484954834
2013-01-04,115.95113372802734,160.44000244140625,76.12825012207031,23.274898529052734
2013-01-07,115.63430786132812,159.42999267578125,76.0870361328125,23.317169189453125
2013-01-08,115.30155181884766,160.55999755859375,76.15576171875,23.3763484954834
2013-01-09,115.59467315673828,160.49000549316406,76.10078430175781,23.342531204223633
2013-01-10,116.51363372802734,161.97999572753906,76.09387969970703,23.427074432373047
2013-01-11,116.50568389892578,161.05999755859375,76.16947174072266,23.325624465942383
2013-01-14,116.42645263671875,161.5399932861328,76.23817443847656,23.47780418395996
2013-01-15,116.50568389892578,162.55999755859375,76.25879669189453,23.3763484954834
2013-01-16,116.4898681640625,162.64999389648438,76.30001068115234,23.401714324951172
2013-01-17,117.24243927001953,163.35000610351562,76.13509368896484,23.50316619873047
2013-01-18,117.50382995605469,163.08999633789062,76.22447204589844,23.655344009399414
2013-01-22,118.13751983642578,163.6699981689453,76.18318939208984,23.722978591918945
2013-01-23,118.32769012451172,163.2100067138672,76.26567077636719,23.748342514038086
2013-01-24,118.35936737060547,161.4199981689453,76.16259765625,23.73143196105957
2013-01-25,119.02477264404297,160.64999389648438,75.97708892822266,23.680707931518555
2013-01-28,118.88214874267578,160.2899932861328,75.86717987060547,23.672250747680664
2013-01-29,119.34960174560547,160.99000549316406,75.81900787353516,23.807523727416992
2013-01-30,118.88214874267578,162.19000244140625,75.78470611572266,24.07806396484375
2013-01-31,118.589111328125,161.1999969482422,75.85337829589844,24.069608688354492
2013-02-01,119.80903625488281,161.4499969482422,75.68887329101562,24.162607192993164
2013-02-04,118.46236419677734,162.0,75.90228271484375,24.07806396484375
2013-02-05,119.6585464477539,161.9600067138672,75.74392700195312,24.17106056213379
2013-02-06,119.74571228027344,162.38999938964844,75.87474822998047,24.137243270874023
2013-02-07,119.58727264404297,161.83999633789062,75.90228271484375,24.044248580932617
2013-02-08,120.2527084350586,161.57000732421875,75.92293548583984,24.137243270874023
2013-02-11,120.22891235351562,159.6999969482422,75.8471908569336,24.05270004272461
2013-02-12,120.42694854736328,159.88999938964844,75.83343505859375,24.094970703125
2013-02-13,120.52997589111328,159.0500030517578,75.75769805908203,24.103425979614258
2013-02-14,120.64080047607422,158.35000610351562,75.89537048339844,24.069608688354492
2013-02-15,120.49826049804688,155.75999450683594,75.90228271484375,23.968156814575195
2013-02-19,121.40133666992188,155.3300018310547,75.81275177001953,23.87515640258789
2013-02-20,119.88827514648438,151.44000244140625,75.8609848022461,23.604616165161133
2013-02-21,119.15943908691406,152.6199951171875,75.90228271484375,23.334077835083008
2013-02-22,120.32401275634766,152.97000122070312,75.94354248046875,23.334077835083008
2013-02-25,118.03457641601562,154.33999633789062,76.23275756835938,23.224170684814453
2013-02-26,118.84261322021484,156.22000122070312,76.21204376220703,23.181900024414062
2013-02-27,120.33977508544922,154.57000732421875,76.23275756835938,23.038177490234375
2013-02-28,120.10218811035156,153.0,76.30162048339844,22.936721801757812
2013-03-01,120.49826049804688,152.44000244140625,76.3284683227539,22.776090621948242
2013-03-04,121.13994598388672,152.3000030517578,76.27326965332031,22.691545486450195
2013-03-05,122.2251968383789,152.3800048828125,76.21124267578125,22.902904510498047
2013-03-06,122.3915023803711,153.22999572753906,76.12841796875,22.776090621948242
2013-03-07,122.61337280273438,152.69000244140625,75.96977996826172,22.928266525268555
2013-03-08,123.13623046875,152.7100067138672,75.74908447265625,22.99590301513672
2013-03-11,123.60362243652344,152.99000549316406,75.79046630859375,23.0128116607666
2013-03-12,123.32635498046875,154.19000244140625,75.9284439086914,23.06353759765625
2013-03-13,123.50060272216797,153.66000366210938,75.86632537841797,22.945178985595703
2013-03-14,124.15814208984375,153.67999267578125,75.9491195678711,23.1142635345459
2013-03-15,123.99420166015625,154.0,76.01811218261719,23.164989471435547
2013-03-18,123.30990600585938,155.3800048828125,76.0870590209961,23.02971839904785
2013-03-19,123.02342224121094,156.0800018310547,76.1974105834961,22.86063575744629
2013-03-20,123.88280487060547,155.3699951171875,76.11469268798828,23.021265029907227
2013-03-21,122.82447814941406,156.25,76.12841796875,22.91981315612793
2013-03-22,123.81118774414062,155.5500030517578,76.15605163574219,22.96208381652832
2013-03-25,123.29396057128906,155.24000549316406,76.12841796875,22.978994369506836
2013-03-26,124.28071594238281,154.72000122070312,76.21813201904297,23.190353393554688
2013-03-27,124.28071594238281,155.36000061035156,76.37677764892578,23.308713912963867
2013-03-28,124.6625747680664,154.4499969482422,76.37677764892578,23.088899612426758
2013-04-01,124.16919708251953,154.6699981689453,76.4459228515625,23.088899612426758
2013-04-02,124.78192901611328,152.42999267578125,76.36296844482422,22.978994369506836
2013-04-03,123.51673126220703,150.72999572753906,76.4459228515625,22.590091705322266
2013-04-04,124.01810455322266,150.2899932861328,76.66023254394531,22.564727783203125
2013-04-05,123.46109008789062,152.80999755859375,76.88143920898438,22.547819137573242
2013-04-08,124.2965087890625,152.16000366210938,76.75011444091797,22.61545753479004
2013-04-09,124.7262191772461,153.33999633789062,76.77775573730469,22.759180068969727
2013-04-10,126.25402069091797,150.75,76.61871337890625,22.708454132080078
2013-04-11,126.66777801513672,151.0500030517578,76.632568359375,22.61545753479004
2013-04-12,126.3574447631836,143.9499969482422,76.88143920898438,22.336462020874023
2013-04-15,123.42924499511719,131.30999755859375,76.91604614257812,21.66856575012207
2013-04-16,125.25141906738281,132.8000030517578,76.91604614257812,21.896835327148438
2013-04-17,123.4212875366211,132.8699951171875,76.91604614257812,21.575571060180664
2013-04-18,122.64952850341797,134.3000030517578,76.90222930908203,21.803834915161133
2013-04-19,123.71569061279297,135.47000122070312,76.90910339355469,21.753108978271484
2013-04-22,124.26473999023438,137.89999389648438,77.00590515136719,21.820743560791016
2013-04-23,125.5457992553711,136.8800048828125,76.97135925292969,21.685474395751953
2013-04-24,125.6253662109375,138.3699951171875,76.95751953125,21.922197341918945
2013-04-25,126.1346664428711,141.6300048828125,76.92292785644531,22.209646224975586
2013-04-26,125.9118423461914,140.91000366210938,77.08197784423828,22.08283233642578
2013-04-29,126.75529479980469,142.3000030517578,77.13040161132812,22.378732681274414
2013-04-30,127.05763244628906,142.77000427246094,77.11654663085938,22.209646224975586
2013-05-01,125.94366455078125,141.11000061035156,77.15254974365234,21.812288284301758
2013-05-02,127.11338806152344,141.9199981689453,77.15948486328125,22.091283798217773
2013-05-03,128.4024200439453,142.08999633789062,76.87550354003906,22.336462020874023
2013-05-06,128.72865295410156,142.14999389648438,76.75082397460938,22.361825942993164
2013-05-07,129.3811492919922,140.3800048828125,76.70928955078125,22.28573226928711
2013-05-08,129.9699249267578,142.4600067138672,76.77854919433594,22.38718605041504
2013-05-09,129.60394287109375,140.80999755859375,76.67462921142578,22.378732681274414
2013-05-10,130.02561950683594,139.60000610351562,76.52229309082031,22.277278900146484
2013-05-13,130.1291046142578,138.42999267578125,76.4530029296875,22.175827026367188
2013-05-14,131.4738006591797,137.80999755859375,76.27290344238281,22.0997371673584
2013-05-15,132.18191528320312,134.6300048828125,76.38370513916016,22.04901123046875
2013-05-16,131.56130981445312,134.08999633789062,76.59150695800781,22.023649215698242
2013-05-17,132.83444213867188,131.07000732421875,76.40450286865234,22.133556365966797
2013-05-20,132.82650756835938,135.1199951171875,76.32832336425781,22.277278900146484
2013-05-21,133.01744079589844,132.8800048828125,76.39065551757812,22.150466918945312
2013-05-22,132.03082275390625,131.94000244140625,76.1343994140625,22.04901123046875
2013-05-23,131.6488800048828,134.61000061035156,76.10669708251953,22.150466918945312
2013-05-24,131.5374298095703,133.75999450683594,76.10669708251953,22.065921783447266
2013-05-28,132.32521057128906,133.49000549316406,75.63570404052734,22.26882553100586
2013-05-29,131.46583557128906,134.8300018310547,75.7396011352539,22.125102996826172
2013-05-30,131.9512176513672,136.6999969482422,75.71883392333984,22.125102996826172
2013-05-31,130.05740356445312,133.9199981689453,75.57337951660156,21.863019943237305
2013-06-03,130.7736053466797,136.50999450683594,75.61150360107422,22.133556365966797
2013-06-04,130.14495849609375,135.22999572753906,75.44499969482422,22.218101501464844
2013-06-05,128.3228302001953,135.52000427246094,75.40339660644531,22.116649627685547
2013-06-06,129.4845428466797,136.52999877929688,75.59762573242188,22.201194763183594
2013-06-07,131.13169860839844,133.27999877929688,75.3616943359375,22.251916885375977
2013-06-10,131.13169860839844,133.94000244140625,75.20906829833984,22.16737174987793
2013-06-11,129.7789764404297,133.25,75.21601867675781,21.972925186157227
2013-06-12,128.70472717285156,134.25,75.09111022949219,21.998287200927734
2013-06-13,130.6621551513672,133.74000549316406,75.45889282226562,22.142009735107422
2013-06-14,129.8426055908203,134.42999267578125,75.47966766357422,22.235010147094727
2013-06-17,130.84519958496094,133.77000427246094,75.4241714477539,22.28573226928711
2013-06-18,131.87962341308594,132.1300048828125,75.39643859863281,22.3280086517334
2013-06-19,130.05740356445312,130.58999633789062,74.88984680175781,22.361825942993164
2013-06-20,126.83480834960938,123.5999984741211,74.39027404785156,21.634748458862305
2013-06-21,127.24199676513672,125.05000305175781,73.97396087646484,21.49947738647461
2013-06-24,125.63419342041016,123.93000030517578,73.67557525634766,21.40648078918457
2013-06-25,126.84202575683594,123.47000122070312,73.75887298583984,21.42338752746582
2013-06-26,128.0979461669922,118.27999877929688,74.07109832763672,21.36421012878418
2013-06-27,128.84982299804688,115.94000244140625,74.38330841064453,21.355754852294922
2013-06-28,128.32192993164062,119.11000061035156,74.39027404785156,21.245845794677734
2013-07-01,129.07382202148438,121.12999725341797,74.49317932128906,21.381118774414062
2013-07-02,128.95379638671875,120.05000305175781,74.49317932128906,21.46565818786621
2013-07-03,129.00978088378906,120.73999786376953,74.38890075683594,21.660112380981445
2013-07-05,130.40164184570312,118.08999633789062,73.57556915283203,21.609384536743164
2013-07-08,131.14559936523438,119.51000213623047,73.9579086303711,21.71929168701172
2013-07-09,132.08950805664062,120.62000274658203,74.03437805175781,21.85456085205078
2013-07-10,132.13746643066406,120.94999694824219,73.83971405029297,21.922197341918945
2013-07-11,133.93728637695312,124.23999786376953,74.3332748413086,22.032102584838867
2013-07-12,133.9932861328125,124.12999725341797,74.24987030029297,22.116649627685547
2013-07-15,134.50518798828125,124.18000030517578,74.4097900390625,22.057466506958008
2013-07-16,134.0012664794922,124.88999938964844,74.52792358398438,22.08283233642578
2013-07-17,134.34519958496094,123.31999969482422,74.6878433227539,22.065921783447266
2013-07-18,135.0811004638672,124.01000213623047,74.54877471923828,22.158918380737305
2013-07-19,135.3211669921875,125.11000061035156,74.74337768554688,22.175827026367188
2013-07-22,135.5850830078125,128.83999633789062,74.84075164794922,22.158918380737305
2013-07-23,135.29713439941406,129.7100067138672,74.79904174804688,22.192739486694336
2013-07-24,134.8011932373047,127.4800033569336,74.55574035644531,22.015193939208984
2013-07-25,135.12913513183594,128.6699981689453,74.5835952758789,21.989831924438477
2013-07-26,135.2731475830078,128.77999877929688,74.56269073486328,21.85456085205078
2013-07-29,134.85716247558594,128.47000122070312,74.56269073486328,21.846107482910156
2013-07-30,134.85716247558594,128.1199951171875,74.53485107421875,21.770017623901367
2013-07-31,134.953125,127.95999908447266,74.59052276611328,21.922197341918945
2013-08-01,136.5129852294922,126.61000061035156,74.16909790039062,21.972925186157227
2013-08-02,136.7449951171875,126.36000061035156,74.41985321044922,21.888378143310547
2013-08-05,136.54498291015625,125.69999694824219,74.45464324951172,21.778472900390625
2013-08-06,135.76904296875,123.97000122070312,74.37804412841797,21.600927352905273
2013-08-07,135.32916259765625,124.1500015258789,74.47553253173828,21.457204818725586
2013-08-08,135.82504272460938,126.86000061035156,74.5800552368164,21.567113876342773
2013-08-09,135.43316650390625,126.86000061035156,74.6288070678711,21.71929168701172
2013-08-12,135.2731475830078,129.1300048828125,74.5800552368164,21.98137855529785
2013-08-13,135.673095703125,127.73999786376953,74.28059387207031,21.972925186157227
2013-08-14,134.97723388671875,129.0,74.18305969238281,22.150466918945312
2013-08-15,133.08935546875,131.69000244140625,73.91837310791016,22.361825942993164
2013-08-16,132.6494598388672,132.5800018310547,73.70938873291016,22.370277404785156
2013-08-19,131.80149841308594,132.00999450683594,73.47958374023438,22.344913482666016
2013-08-20,132.44940185546875,132.4499969482422,73.69551086425781,22.302642822265625
2013-08-21,131.63352966308594,132.07000732421875,73.42385864257812,22.277278900146484
2013-08-22,132.8333740234375,132.80999755859375,73.51445770263672,22.28573226928711
2013-08-23,133.2812957763672,134.89999389648438,73.75814056396484,22.463275909423828
2013-08-26,132.78536987304688,135.4499969482422,73.89059448242188,22.590091705322266
2013-08-27,130.64962768554688,136.75,74.08549499511719,22.809904098510742
2013-08-28,131.11358642578125,136.7100067138672,73.94624328613281,22.84372329711914
2013-08-29,131.32151794433594,135.8699951171875,74.0925064086914,22.60700035095215
2013-08-30,130.90560913085938,134.6199951171875,73.97410583496094,22.53936767578125
2013-09-03,131.49754333496094,136.4199981689453,73.79129028320312,22.65772819519043
2013-09-04,132.5854034423828,134.66000366210938,73.68660736083984,22.463275909423828
2013-09-05,132.7533721923828,132.1999969482422,73.191162109375,22.412551879882812
2013-09-06,132.81739807128906,134.14999389648438,73.46330261230469,22.53936767578125
2013-09-09,134.08920288085938,133.91000366210938,73.60987854003906,22.39564323425293
2013-09-10,135.0811004638672,131.74000549316406,73.4772720336914,22.192739486694336
2013-09-11,135.50514221191406,131.6999969482422,73.728515625,22.22655487060547
2013-09-12,135.14515686035156,127.66999816894531,73.6447525024414,22.336462020874023
2013-09-13,135.44912719726562,127.81999969482422,73.74940490722656,22.26882553100586
2013-09-16,136.23306274414062,126.44999694824219,73.90294647216797,21.989831924438477
2013-09-17,136.8409423828125,126.5,73.9727554321289,21.761564254760742
2013-09-18,138.4248046875,132.00999450683594,74.59368133544922,22.235010147094727
2013-09-19,138.1927947998047,131.75,74.50304412841797,22.150466918945312
2013-09-20,137.22665405273438,127.95999908447266,74.50304412841797,21.947559356689453
2013-09-23,136.5915985107422,127.55000305175781,74.55887603759766,21.786928176879883
2013-09-24,136.2700958251953,127.66000366210938,74.7332763671875,21.778472900390625
2013-09-25,135.87620544433594,128.7899932861328,74.83798217773438,21.812288284301758
2013-09-26,136.398681640625,127.79000091552734,74.82400512695312,21.98137855529785
2013-09-27,135.77174377441406,128.97000122070312,74.86587524414062,21.871471405029297
2013-09-30,135.0482940673828,128.17999267578125,74.80309295654297,21.778472900390625
2013-10-01,136.1173553466797,124.58999633789062,74.74781036376953,21.634748458862305
2013-10-02,135.9888153076172,127.05999755859375,74.84574890136719,21.846107482910156
2013-10-03,134.73480224609375,127.18000030517578,74.90165710449219,21.812288284301758
2013-10-04,135.75564575195312,126.52999877929688,74.8387451171875,21.879924774169922
2013-10-07,134.58209228515625,127.63999938964844,74.8247299194336,22.032102584838867
2013-10-08,133.01466369628906,127.4000015258789,74.7898178100586,22.108192443847656
2013-10-09,133.1111602783203,126.11000061035156,74.73384857177734,21.947559356689453
2013-10-10,135.9807891845703,124.2699966430664,74.81773376464844,22.22655487060547
2013-10-11,136.8568878173828,122.5999984741211,74.84574890136719,22.108192443847656
2013-10-14,137.40347290039062,122.83000183105469,74.7059097290039,22.0997371673584
2013-10-15,136.40673828125,123.7300033569336,74.67095184326172,22.023649215698242
2013-10-16,138.311767578125,123.54000091552734,74.99252319335938,22.192739486694336
2013-10-17,139.2361297607422,127.41999816894531,75.20222473144531,22.074377059936523
2013-10-18,140.1765594482422,126.8499984741211,75.32807922363281,22.201194763183594
2013-10-21,140.1846160888672,126.9800033569336,75.25814819335938,22.150466918945312
2013-10-22,140.9965057373047,129.33999633789062,75.52375793457031,22.125102996826172
2013-10-23,140.3212890625,128.69000244140625,75.50279235839844,21.786928176879883
2013-10-24,140.7874755859375,129.89999389648438,75.47486114501953,21.795381546020508
2013-10-25,141.4305419921875,130.4600067138672,75.50279235839844,21.863019943237305
2013-10-28,141.6556396484375,130.55999755859375,75.46783447265625,21.947559356689453
2013-10-29,142.41116333007812,129.77000427246094,75.55876159667969,21.888378143310547
2013-10-30,141.70388793945312,129.60000610351562,75.41891479492188,21.956012725830078
2013-10-31,141.30198669433594,127.73999786376953,75.42591094970703,21.770017623901367
2013-11-01,141.63958740234375,126.94999694824219,75.24385070800781,21.49947738647461
2013-11-04,142.137939453125,126.80999755859375,75.32088470458984,21.40648078918457
2013-11-05,141.6877899169922,126.55999755859375,75.09675598144531,21.347299575805664
2013-11-06,142.41116333007812,127.19999694824219,75.21580505371094,21.36421012878418
2013-11-07,140.61073303222656,126.16000366210938,75.27191162109375,21.212026596069336
2013-11-08,142.5076446533203,124.27999877929688,74.80269622802734,21.33039093017578
2013-11-11,142.53179931640625,123.87000274658203,74.76067352294922,21.42338752746582
2013-11-12,142.24241638183594,122.44999694824219,74.732666015625,21.279664993286133
2013-11-13,143.3838348388672,122.8499984741211,74.92871856689453,21.372665405273438
2013-11-14,144.0991668701172,124.2699966430664,75.15980529785156,21.46565818786621
2013-11-15,144.7261962890625,124.31999969482422,75.18085479736328,21.43184471130371
2013-11-18,144.21986389160156,122.9000015258789,75.327880859375,21.288118362426758
2013-11-19,143.90628051757812,122.94999694824219,75.12479400634766,21.254301071166992
2013-11-20,143.45620727539062,120.12000274658203,74.91472625732422,21.271209716796875
2013-11-21,144.6136474609375,119.94000244140625,74.99175262451172,21.541749954223633
2013-11-22,145.33714294433594,119.91999816894531,75.09675598144531,21.609384536743164
2013-11-25,145.1923828125,120.45999908447266,75.15280151367188,21.58402442932129
2013-11-26,145.2325897216797,119.81999969482422,75.1738510131836,21.575571060180664
2013-11-27,145.5862579345703,119.45999908447266,75.20886993408203,21.575571060180664
2013-11-29,145.4897918701172,120.69999694824219,75.2368392944336,21.567113876342773
2013-12-02,145.1120147705078,117.58000183105469,74.95136260986328,21.541749954223633
2013-12-03,144.4850616455078,117.95999908447266,75.04257202148438,21.66856575012207
2013-12-04,144.46897888183594,119.95999908447266,74.8460693359375,21.71083641052246
2013-12-05,143.833984375,118.30000305175781,74.68470764160156,21.685474395751953
2013-12-06,145.4416046142578,118.55000305175781,74.81094360351562,21.761564254760742
2013-12-09,145.811279296875,119.72000122070312,74.90219116210938,21.685474395751953
2013-12-10,145.28884887695312,121.81999969482422,75.02146911621094,21.753108978271484
2013-12-11,143.65708923339844,120.86000061035156,74.90219116210938,21.753108978271484
2013-12-12,143.18287658691406,118.29000091552734,74.78993225097656,21.55020523071289
2013-12-13,143.16677856445312,119.37999725341797,74.82500457763672,21.46565818786621
2013-12-16,144.05905151367188,119.69000244140625,74.88117980957031,21.533292770385742
2013-12-17,143.60079956054688,118.6500015258789,75.0074691772461,21.43184471130371
2013-12-18,146.052490234375,117.61000061035156,74.9723129272461,21.47411346435547
2013-12-19,145.88368225097656,114.81999969482422,74.8460693359375,21.524839401245117
2013-12-20,146.7322540283203,115.94000244140625,74.9723129272461,21.693931579589844
2013-12-23,147.5161895751953,115.56999969482422,74.9372787475586,21.693931579589844
2013-12-24,147.8394317626953,116.0999984741211,74.83203125,21.761564254760742
2013-12-26,148.59104919433594,116.73999786376953,74.78984069824219,21.795381546020508
2013-12-27,148.58297729492188,117.12000274658203,74.81793975830078,21.85456085205078
2013-12-30,148.55873107910156,115.38999938964844,74.88821411132812,21.727745056152344
2013-12-31,149.2618408203125,116.12000274658203,74.81793975830078,21.693931579589844
2014-01-02,147.8313446044922,118.0,74.86720275878906,21.381118774414062
2014-01-03,147.80715942382812,119.29000091552734,74.89527130126953,21.245845794677734
2014-01-06,147.3788299560547,119.5,74.99369812011719,21.271209716796875
2014-01-07,148.28399658203125,118.81999969482422,75.02888488769531,21.254301071166992
2014-01-08,148.31625366210938,118.12000274658203,74.80390930175781,21.051395416259766
2014-01-09,148.4132537841797,118.45999908447266,74.90933227539062,20.882308959960938
2014-01-10,148.8173828125,120.26000213623047,75.28899383544922,21.017580032348633
2014-01-13,146.83731079101562,121.0199966430664,75.35922241210938,21.009124755859375
2014-01-14,148.4375,119.88999938964844,75.24674987792969,21.009124755859375
2014-01-15,149.23757934570312,119.66000366210938,75.18350219726562,21.06830406188965
2014-01-16,149.0436553955078,119.79000091552734,75.35922241210938,21.034486770629883
2014-01-17,148.4132537841797,120.93000030517578,75.39440155029297,21.05984878540039
2014-01-21,148.8496856689453,119.69999694824219,75.42957305908203,21.110578536987305
2014-01-22,148.94662475585938,119.19000244140625,75.26787567138672,21.212026596069336
2014-01-23,147.72628784179688,121.79000091552734,75.46468353271484,21.195119857788086
2014-01-24,144.5744171142578,122.29000091552734,75.62640380859375,21.20357322692871
2014-01-27,143.86325073242188,120.95999908447266,75.46468353271484,21.05984878540039
2014-01-28,144.7198486328125,120.94999694824219,75.59121704101562,21.161304473876953
2014-01-29,143.329833984375,122.47000122070312,75.81620788574219,21.144393920898438
2014-01-30,144.84922790527344,119.7699966430664,75.83026885986328,21.05984878540039
2014-01-31,144.00059509277344,120.08999633789062,75.9708480834961,21.034486770629883
2014-02-03,140.75982666015625,121.31999969482422,76.2286376953125,21.034486770629883
2014-02-04,141.74581909179688,120.98999786376953,76.0455322265625,21.195119857788086
2014-02-05,141.56802368164062,121.29000091552734,75.85533142089844,21.237394332885742
2014-02-06,143.43490600585938,121.23999786376953,75.82012176513672,21.32193374633789
2014-02-07,145.21290588378906,122.16999816894531,75.9398422241211,21.567113876342773
2014-02-10,145.4795684814453,122.91999816894531,76.017333984375,21.448753356933594
2014-02-11,147.07167053222656,124.36000061035156,75.86942291259766,21.558658599853516
2014-02-12,147.14437866210938,124.43000030517578,75.74267578125,21.600927352905273
2014-02-13,147.9040985107422,125.48999786376953,75.90469360351562,21.71929168701172
2014-02-14,148.72042846679688,127.1500015258789,75.90469360351562,21.795381546020508
2014-02-18,148.898193359375,127.4000015258789,75.95394134521484,22.108192443847656
2014-02-19,147.91220092773438,126.2699966430664,75.89759063720703,22.16737174987793
2014-02-20,148.78501892089844,127.5999984741211,75.85533142089844,22.209646224975586
2014-02-21,148.61534118652344,127.58000183105469,75.92577362060547,22.150466918945312
2014-02-24,149.4396514892578,128.99000549316406,75.85533142089844,22.24346351623535
2014-02-25,149.38302612304688,129.2100067138672,76.05961608886719,22.142009735107422
2014-02-26,149.3911590576172,128.11000061035156,76.22157287597656,22.08283233642578
2014-02-27,150.17514038085938,128.1999969482422,76.29906463623047,22.015193939208984
2014-02-28,150.554931640625,127.62000274658203,76.25678253173828,22.091283798217773
2014-03-03,149.49623107910156,130.2899932861328,76.4543685913086,22.39564323425293
2014-03-04,151.59750366210938,128.67999267578125,76.1720962524414,22.31109619140625
2014-03-05,151.73484802246094,128.88999938964844,76.2144775390625,22.125102996826172
2014-03-06,152.0823974609375,130.1699981689453,76.04513549804688,22.3280086517334
2014-03-07,152.14698791503906,129.08999633789062,75.83345031738281,22.22655487060547
2014-03-10,152.06622314453125,129.1300048828125,75.83345031738281,22.040557861328125
2014-03-11,151.31459045410156,129.86000061035156,75.82638549804688,22.04901123046875
2014-03-12,151.35501098632812,131.75999450683594,75.99568939208984,21.989831924438477
2014-03-13,149.6578826904297,132.2100067138672,76.19328308105469,21.888378143310547
2014-03-14,149.23757934570312,133.10000610351562,76.15802764892578,22.00674057006836
2014-03-17,150.5872802734375,131.63999938964844,76.11567687988281,21.761564254760742
2014-03-18,151.66213989257812,130.6199951171875,76.20744323730469,21.871471405029297
2014-03-19,150.85397338867188,128.08999633789062,75.86870574951172,21.863019943237305
2014-03-20,151.73484802246094,127.86000061035156,75.81226348876953,21.761564254760742
2014-03-21,151.14634704589844,128.47000122070312,75.91809844970703,21.778472900390625
2014-03-24,150.5212860107422,126.18000030517578,76.03102111816406,21.770017623901367
2014-03-25,151.23570251464844,126.41000366210938,75.9533920288086,21.91374397277832
2014-03-26,150.14796447753906,125.41000366210938,76.19328308105469,21.896835327148438
2014-03-27,149.83131408691406,124.58999633789062,76.24971771240234,22.091283798217773
2014-03-28,150.57000732421875,124.55999755859375,76.1368408203125,22.0997371673584
2014-03-31,151.80392456054688,123.61000061035156,76.14390563964844,22.08283233642578
2014-04-01,152.8104248046875,123.38999938964844,76.0272445678711,21.812288284301758
2014-04-02,153.32180786132812,124.31999969482422,75.9000015258789,21.761564254760742
2014-04-03,153.1188507080078,123.91999816894531,75.9565658569336,21.93910789489746
2014-04-04,151.3087158203125,125.56999969482422,76.19691467285156,22.040557861328125
2014-04-07,149.63650512695312,124.91000366210938,76.31004333496094,21.989831924438477
2014-04-08,150.25344848632812,126.08999633789062,76.40192413330078,22.24346351623535
2014-04-09,151.86880493164062,126.31999969482422,76.40898132324219,22.302642822265625
2014-04-10,148.67868041992188,127.01000213623047,76.58574676513672,22.31109619140625
2014-04-11,147.3392791748047,126.93000030517578,76.65644073486328,22.209646224975586
2014-04-14,148.50003051757812,127.8499984741211,76.68470001220703,22.412551879882812
2014-04-15,149.5228729248047,125.48999786376953,76.69182586669922,22.429458618164062
2014-04-16,151.0895538330078,125.54000091552734,76.73421478271484,22.47173309326172
2014-04-17,151.30059814453125,124.75,76.48677825927734,22.522457122802734
2014-04-21,151.8282012939453,124.23999786376953,76.47968292236328,22.446369171142578
2014-04-22,152.51820373535156,123.77999877929688,76.46556091308594,22.437915802001953
2014-04-23,152.16104125976562,123.76000213623047,76.5433578491211,22.421005249023438
2014-04-24,152.46949768066406,124.55999755859375,76.6139907836914,22.5562744140625
2014-04-25,151.21939086914062,125.43000030517578,76.62814331054688,22.463275909423828
2014-04-28,151.6983642578125,124.87999725341797,76.57869720458984,22.38718605041504
2014-04-29,152.404541015625,124.86000061035156,76.6139907836914,22.446369171142578
2014-04-30,152.859130859375,124.22000122070312,76.76958465576172,22.3280086517334
2014-05-01,152.8753662109375,123.80000305175781,76.88147735595703,22.158918380737305
2014-05-02,152.65615844726562,125.05999755859375,76.97352600097656,22.218101501464844
2014-05-05,152.94839477539062,126.22000122070312,76.9452133178711,22.16737174987793
2014-05-06,151.61717224121094,125.9800033569336,77.00188446044922,22.184284210205078
2014-05-07,152.5100860595703,124.16999816894531,77.00188446044922,22.24346351623535
2014-05-08,152.34774780273438,124.16999816894531,77.05142974853516,22.175827026367188
2014-05-09,152.5749969482422,124.0999984741211,76.9806137084961,22.065921783447266
2014-05-12,154.0604705810547,124.94000244140625,76.9168472290039,22.116649627685547
2014-05-13,154.19847106933594,124.5999984741211,77.04438781738281,22.218101501464844
2014-05-14,153.46795654296875,125.80999755859375,77.26390075683594,22.31955337524414
2014-05-15,152.12042236328125,124.7699966430664,77.42684936523438,22.184284210205078
2014-05-16,152.64805603027344,124.5,77.34183502197266,22.209646224975586
2014-05-19,153.20819091796875,124.58000183105469,77.31346130371094,22.192739486694336
2014-05-20,152.2421875,124.69000244140625,77.34893798828125,22.235010147094727
2014-05-21,153.52474975585938,124.38999938964844,77.32058715820312,22.277278900146484
2014-05-22,153.89813232421875,124.66999816894531,77.28520202636719,22.294191360473633
2014-05-23,154.5150604248047,124.51000213623047,77.36307525634766,22.344913482666016
2014-05-27,155.46484375,121.8499984741211,77.43395233154297,22.158918380737305
2014-05-28,155.35118103027344,121.19999694824219,77.64640808105469,22.16737174987793
2014-05-29,156.15487670898438,120.94000244140625,77.60383605957031,22.175827026367188
2014-05-30,156.40646362304688,120.43000030517578,77.67475128173828,22.00674057006836
2014-06-02,156.58497619628906,119.69999694824219,77.4384536743164,21.98137855529785
2014-06-03,156.50381469726562,120.01000213623047,77.23263549804688,21.964468002319336
2014-06-04,156.82041931152344,119.76000213623047,77.20428466796875,21.905290603637695
2014-06-05,157.84323120117188,120.66000366210938,77.30360412597656,21.93065071105957
2014-06-06,158.5980987548828,120.61000061035156,77.26103210449219,22.023649215698242
2014-06-09,158.76046752929688,120.6500015258789,77.19007873535156,22.116649627685547
2014-06-10,158.77676391601562,121.38999938964844,77.07654571533203,22.057466506958008
2014-06-11,158.22470092773438,121.41000366210938,77.13325500488281,21.998287200927734
2014-06-12,157.1044921875,122.63999938964844,77.28233337402344,22.31109619140625
2014-06-13,157.58346557617188,122.95999908447266,77.26103210449219,22.31109619140625
2014-06-16,157.71328735351562,122.41999816894531,77.21839141845703,22.378732681274414
2014-06-17,158.1516876220703,122.27999877929688,77.07654571533203,22.404098510742188
2014-06-18,159.3124542236328,122.66999816894531,77.28233337402344,22.497095108032227
2014-06-19,159.4910125732422,126.94000244140625,77.16876983642578,22.71691131591797
2014-06-20,159.81480407714844,126.5,77.30360412597656,22.759180068969727
2014-06-23,159.76589965820312,126.8499984741211,77.23263549804688,22.674636840820312
2014-06-24,158.80348205566406,126.9800033569336,77.36746978759766,22.708454132080078
2014-06-25,159.52122497558594,126.98999786376953,77.47388458251953,22.742273330688477
2014-06-26,159.4070587158203,126.7300033569336,77.62291717529297,22.649276733398438
2014-06-27,159.71697998046875,126.66000366210938,77.62291717529297,22.60700035095215
2014-06-30,159.6354522705078,128.0399932861328,77.6300277709961,22.47173309326172
2014-07-01,160.70391845703125,127.69999694824219,77.53471374511719,22.404098510742188
2014-07-02,160.86700439453125,127.69999694824219,77.26463317871094,22.361825942993164
2014-07-03,161.65818786621094,127.16000366210938,77.21482849121094,22.31955337524414
2014-07-07,161.09539794921875,127.0199966430664,77.23616790771484,22.142009735107422
2014-07-08,160.05953979492188,127.06999969482422,77.3926010131836,22.08283233642578
2014-07-09,160.7772979736328,127.83999633789062,77.45658874511719,21.93065071105957
2014-07-10,160.14111328125,128.5399932861328,77.49212646484375,21.964468002319336
2014-07-11,160.361328125,128.77999877929688,77.59872436523438,21.770017623901367
2014-07-14,161.16880798339844,125.72000122070312,77.53471374511719,21.85456085205078
2014-07-15,160.86700439453125,124.52999877929688,77.43524169921875,21.651660919189453
2014-07-16,161.46246337890625,124.97000122070312,77.49918365478516,21.685474395751953
2014-07-17,159.62733459472656,127.08999633789062,77.72669982910156,21.73619842529297
2014-07-18,161.258544921875,126.12999725341797,77.64141082763672,21.59247589111328
2014-07-21,160.9567108154297,126.33999633789062,77.66979217529297,21.693931579589844
2014-07-22,161.65818786621094,125.73999786376953,77.79779052734375,21.600927352905273
2014-07-23,162.01705932617188,125.62000274658203,77.81200408935547,21.660112380981445
2014-07-24,162.02517700195312,124.3499984741211,77.5703125,21.634748458862305
2014-07-25,161.26663208007812,125.79000091552734,77.7196273803711,21.71929168701172
2014-07-28,161.33187866210938,125.58000183105469,77.73377990722656,21.677019119262695
2014-07-29,160.638671875,125.19999694824219,77.81200408935547,21.609384536743164
2014-07-30,160.66310119628906,124.83000183105469,77.53471374511719,21.516387939453125
2014-07-31,157.49034118652344,123.38999938964844,77.43524169921875,21.40648078918457
2014-08-01,157.0091094970703,124.37999725341797,77.72722625732422,21.237394332885742
2014-08-04,158.14280700683594,123.98999786376953,77.71299743652344,21.398027420043945
2014-08-05,156.60940551757812,123.87000274658203,77.71299743652344,21.296573638916016
2014-08-06,156.65835571289062,125.66999816894531,77.72010040283203,21.43184471130371
2014-08-07,155.81008911132812,126.18000030517578,77.86967468261719,21.47411346435547
2014-08-08,157.61268615722656,126.19000244140625,77.89813232421875,21.372665405273438
2014-08-11,158.06942749023438,125.95999908447266,77.90526580810547,21.40648078918457
2014-08-12,157.84918212890625,125.98999786376953,77.86967468261719,21.271209716796875
2014-08-13,158.9176025390625,126.19999694824219,78.02635955810547,21.254301071166992
2014-08-14,159.6680908203125,126.30999755859375,78.069091796875,21.000667572021484
2014-08-15,159.6354522705078,125.4800033569336,78.26138305664062,21.085214614868164
2014-08-18,160.9730224609375,124.95999908447266,78.09757232666016,20.907672882080078
2014-08-19,161.81312561035156,124.68000030517578,77.99077606201172,20.94994354248047
2014-08-20,162.24542236328125,124.22000122070312,77.90526580810547,21.009124755859375
2014-08-21,162.71844482421875,122.87999725341797,78.04058074951172,21.05984878540039
2014-08-22,162.4656982421875,123.19000244140625,78.02635955810547,21.02603530883789
2014-08-25,163.28944396972656,122.73999786376953,78.0904312133789,21.05984878540039
2014-08-26,163.39547729492188,123.3499984741211,78.09757232666016,21.06830406188965
2014-08-27,163.33023071289062,123.31999969482422,78.197265625,21.102121353149414
2014-08-28,163.2405242919922,124.0,78.35397338867188,21.11903190612793
2014-08-29,163.70541381835938,123.86000061035156,78.32547760009766,21.161304473876953
2014-09-02,163.6238250732422,121.6500015258789,78.08644104003906,20.856945037841797
2014-09-03,163.53414916992188,122.1500015258789,78.17205810546875,20.941490173339844
2014-09-04,163.29766845703125,121.4800033569336,78.07221221923828,20.856945037841797
2014-09-05,164.03170776367188,122.05999755859375,78.02935028076172,20.82312774658203
2014-09-08,163.6074981689453,120.7300033569336,77.95088195800781,20.721675872802734
2014-09-09,162.57174682617188,120.87000274658203,77.8438720703125,20.552587509155273
2014-09-10,163.18344116210938,120.26000213623047,77.73687744140625,20.408863067626953
2014-09-11,163.3710174560547,119.47000122070312,77.65841674804688,20.307411193847656
2014-09-12,162.41671752929688,118.37999725341797,77.50146484375,20.146778106689453
2014-09-15,162.29437255859375,118.63999938964844,77.4871597290039,20.17214012145996
2014-09-16,163.517822265625,118.83000183105469,77.4871597290039,20.358137130737305
2014-09-17,163.73806762695312,117.54000091552734,77.40156555175781,20.273595809936523
2014-09-18,164.6107635498047,117.77999877929688,77.4086685180664,20.079145431518555
2014-09-19,164.46246337890625,117.08999633789062,77.53707885742188,20.01996421813965
2014-09-22,163.1923065185547,116.8499984741211,77.64411163330078,19.850873947143555
2014-09-23,162.2581329345703,117.5999984741211,77.71546936035156,19.850873947143555
2014-09-24,163.52830505371094,117.05000305175781,77.66553497314453,19.9354190826416
2014-09-25,160.88970947265625,117.38999938964844,77.8153305053711,19.893146514892578
2014-09-26,162.1680145263672,117.05999755859375,77.80819702148438,19.859329223632812
2014-09-29,161.87303161621094,117.02999877929688,77.89378356933594,19.977691650390625
2014-09-30,161.4469451904297,116.20999908447266,77.8438720703125,19.631059646606445
2014-10-01,159.25897216796875,116.7699966430664,78.27909088134766,19.563425064086914
2014-10-02,159.28359985351562,116.73999786376953,78.1504898071289,19.487335205078125
2014-10-03,161.03717041015625,114.61000061035156,78.11474609375,19.301340103149414
2014-10-06,160.84873962402344,116.02999877929688,78.18623352050781,19.546518325805664
2014-10-07,158.3657684326172,116.36000061035156,78.48635864257812,19.470430374145508
2014-10-08,161.135498046875,117.47000122070312,78.70792388916016,19.394338607788086
2014-10-09,157.93966674804688,117.63999938964844,78.55070495605469,19.16606903076172
2014-10-10,156.1369171142578,117.58999633789062,78.60791015625,19.098434448242188
2014-10-13,153.5720672607422,118.5199966430664,78.83660125732422,19.098434448242188
2014-10-14,153.80960083007812,118.58999633789062,79.0152587890625,18.810985565185547
2014-10-15,152.76898193359375,118.98999786376953,79.15826416015625,18.574262619018555
2014-10-16,152.6378631591797,119.22000122070312,79.09386444091797,18.7602596282959
2014-10-17,154.44065856933594,118.98999786376953,78.98664855957031,18.827896118164062
2014-10-20,155.94021606445312,119.80000305175781,79.0795669555664,18.692626953125
2014-10-21,159.02952575683594,120.0199966430664,79.00810241699219,18.844804763793945
2014-10-22,157.8987274169922,119.33999633789062,78.9652099609375,18.63344383239746
2014-10-23,159.73419189453125,118.5199966430664,78.77943420410156,18.85325813293457
2014-10-24,160.9634246826172,118.3499984741211,78.80794525146484,18.73489761352539
2014-10-27,160.74220275878906,118.05999755859375,78.83660125732422,18.684173583984375
2014-10-28,162.58592224121094,118.0999984741211,78.715087890625,18.836349487304688
2014-10-29,162.340087890625,116.41000366210938,78.54354858398438,19.056163787841797
2014-10-30,163.38076782226562,115.19000244140625,78.67221069335938,18.895530700683594
2014-10-31,165.2491455078125,112.66000366210938,78.67221069335938,18.870166778564453
2014-11-03,165.33924865722656,112.1500015258789,78.5233154296875,18.701082229614258
2014-11-04,164.76564025878906,112.22000122070312,78.53047180175781,18.430538177490234
2014-11-05,165.80636596679688,109.79000091552734,78.55909729003906,18.481266021728516
2014-11-06,166.47007751464844,109.87999725341797,78.42306518554688,18.498172760009766
2014-11-07,166.62576293945312,112.97000122070312,78.68795776367188,18.582719802856445
2014-11-10,167.15025329589844,110.45999908447266,78.50181579589844,18.40517807006836
2014-11-11,167.3141326904297,112.04000091552734,78.53758239746094,18.498172760009766
2014-11-12,167.13389587402344,111.5,78.54476928710938,18.438995361328125
2014-11-13,167.32228088378906,111.66999816894531,78.58058166503906,18.100820541381836
2014-11-14,167.36331176757812,114.47000122070312,78.65216064453125,18.295269012451172
2014-11-17,167.4698028564453,114.05000305175781,78.55909729003906,18.219179153442383
2014-11-18,168.4366912841797,115.05000305175781,78.63070678710938,18.126182556152344
2014-11-19,168.16636657714844,113.68000030517578,78.44457244873047,18.033184051513672
2014-11-20,168.46133422851562,114.86000061035156,78.58773040771484,18.18536376953125
2014-11-21,169.3627166748047,115.38999938964844,78.68077850341797,18.37981414794922
2014-11-24,169.8380126953125,115.11000061035156,78.70946502685547,18.219179153442383
2014-11-25,169.715087890625,115.37999725341797,78.88124084472656,18.1346378326416
2014-11-26,170.14947509765625,115.16000366210938,78.94564056396484,18.092363357543945
2014-11-28,169.78884887695312,112.11000061035156,79.18911743164062,17.263835906982422
2014-12-01,168.6088409423828,116.58000183105469,79.01107788085938,17.618921279907227
2014-12-02,169.6986846923828,115.13999938964844,78.85323333740234,17.246925354003906
2014-12-03,170.35427856445312,116.33000183105469,78.7814712524414,17.14547348022461
2014-12-04,170.1658477783203,115.87999725341797,79.01825714111328,17.09474754333496
2014-12-05,170.4444122314453,114.43000030517578,78.68091583251953,17.05247688293457
2014-12-08,169.3053741455078,115.77999877929688,78.87471771240234,16.756572723388672
2014-12-09,169.19065856933594,118.19000244140625,78.99671936035156,16.87493324279785
2014-12-10,166.47830200195312,117.95999908447266,79.13313293457031,16.61284637451172
2014-12-11,167.32228088378906,117.69000244140625,79.10441589355469,16.460668563842773
2014-12-12,164.6181640625,117.41000366210938,79.35563659667969,16.32539939880371
2014-12-15,163.4873046875,114.38999938964844,79.14030456542969,16.06331443786621
2014-12-16,162.17620849609375,114.94999694824219,79.33405303955078,15.970316886901855
2014-12-17,165.35569763183594,114.2699966430664,79.23358917236328,16.06331443786621
2014-12-18,169.44467163085938,115.1500015258789,79.02545166015625,16.012590408325195
2014-12-19,170.16574096679688,114.7699966430664,79.15467071533203,16.249309539794922
2014-12-22,170.94842529296875,112.55000305175781,79.27664947509766,15.953407287597656
2014-12-23,171.17913818359375,112.73999786376953,78.91065979003906,16.114042282104492
2014-12-24,171.19557189941406,112.7699966430664,78.99632263183594,15.902682304382324
2014-12-26,171.74765014648438,114.83000183105469,79.03238677978516,15.885773658752441
2014-12-29,171.9783477783203,113.66999816894531,79.1979751586914,15.73359489440918
2014-12-30,171.05555725097656,115.19999694824219,79.28434753417969,15.71668529510498
2014-12-31,169.35818481445312,113.58000183105469,79.30603790283203,15.598323822021484
2015-01-02,169.26747131347656,114.08000183105469,79.52922821044922,15.41232681274414
2015-01-05,166.21060180664062,115.80000305175781,79.70206451416016,15.192512512207031
2015-01-06,164.6450653076172,117.12000274658203,79.90375518798828,15.048788070678711
2015-01-07,166.69677734375,116.43000030517578,79.88932037353516,14.955792427062988
2015-01-08,169.65481567382812,115.94000244140625,79.76689147949219,15.014972686767578
2015-01-09,168.2952423095703,117.26000213623047,79.96133422851562,14.989607810974121
2015-01-12,166.97691345214844,118.55999755859375,80.02616119384766,14.65988826751709
2015-01-13,166.5072784423828,118.16000366210938,80.04774475097656,14.6007080078125
2015-01-14,165.50196838378906,117.97000122070312,80.24220275878906,14.76133918762207
2015-01-15,163.98594665527344,120.94000244140625,80.60952758789062,14.558433532714844
2015-01-16,166.136474609375,122.5199966430664,80.29984283447266,14.837430000305176
2015-01-20,166.4907684326172,124.19999694824219,80.43663787841797,14.63452434539795
2015-01-21,167.33116149902344,124.2300033569336,80.29265594482422,14.727523803710938
2015-01-22,169.819580078125,125.2300033569336,80.2494888305664,14.710613250732422
2015-01-23,168.8885040283203,124.2300033569336,80.4510498046875,14.617615699768066
2015-01-26,169.28402709960938,122.98999786376953,80.41509246826172,14.566890716552734
2015-01-27,167.05104064941406,124.4000015258789,80.37187957763672,14.64297866821289
2015-01-28,164.90872192382812,123.41999816894531,80.71036529541016,14.431619644165039
2015-01-29,166.43304443359375,120.76000213623047,80.64552307128906,14.363985061645508
2015-01-30,164.34017944335938,123.44999694824219,80.9336166381836,14.710613250732422
2015-02-02,166.3754425048828,122.41999816894531,80.93070220947266,14.913517951965332
2015-02-03,168.78138732910156,121.05000305175781,80.62052917480469,15.327781677246094
2015-02-04,168.13873291015625,121.58000183105469,80.74317932128906,14.989607810974121
2015-02-05,169.83602905273438,121.79000091552734,80.57727813720703,15.192512512207031
2015-02-06,169.36636352539062,118.63999938964844,80.10842895507812,15.234786987304688
2015-02-09,168.60836791992188,119.16999816894531,80.09397888183594,15.386964797973633
2015-02-10,170.40457153320312,118.47000122070312,80.00740814208984,15.192512512207031
2015-02-11,170.50347900390625,117.06999969482422,79.97135925292969,15.074152946472168
2015-02-12,172.14317321777344,117.33999633789062,79.98576354980469,15.302421569824219
2015-02-13,172.85177612304688,117.9800033569336,79.8920669555664,15.47150707244873
2015-02-17,173.12362670898438,116.01000213623047,79.56744384765625,15.479961395263672
2015-02-18,173.14019775390625,116.33999633789062,79.79104614257812,15.293966293334961
2015-02-19,173.0165557861328,115.94000244140625,79.72615051269531,15.243240356445312
2015-02-20,174.0547637939453,115.27999877929688,79.74057006835938,15.184056282043457
2015-02-23,174.03005981445312,115.43000030517578,79.88479614257812,15.08260726928711
2015-02-24,174.52442932128906,115.26000213623047,80.23821258544922,15.09106159210205
2015-02-25,174.37612915039062,115.69999694824219,80.29597473144531,15.319329261779785
2015-02-26,174.17013549804688,116.06999969482422,80.00740814208984,15.192512512207031
2015-02-27,173.57688903808594,116.16000366210938,80.20939636230469,15.361600875854492
2015-03-02,174.67274475097656,115.68000030517578,79.8019027709961,15.1417875289917
2015-03-03,173.95591735839844,115.47000122070312,79.70075988769531,15.234786987304688
2015-03-04,173.2225799560547,115.11000061035156,79.74408721923828,15.099514961242676
2015-03-05,173.41207885742188,115.0,79.78022766113281,15.040335655212402
2015-03-06,170.97314453125,111.86000061035156,79.260009765625,14.854338645935059
2015-03-09,171.6817169189453,111.97000122070312,79.4623031616211,14.812067985534668
2015-03-10,168.89674377441406,111.41999816894531,79.65019989013672,14.617615699768066
2015-03-11,168.50123596191406,110.75,79.80911254882812,14.693704605102539
2015-03-12,170.6435546875,110.72000122070312,79.87415313720703,14.62607192993164
2015-03-13,169.5970916748047,110.87999725341797,79.72242736816406,14.330168724060059
2015-03-16,171.86302185058594,110.80999755859375,79.89584350585938,14.31325912475586
2015-03-17,171.35211181640625,110.20999908447266,79.88138580322266,14.21180534362793
2015-03-18,173.41207885742188,112.37000274658203,80.46660614013672,14.6007080078125
2015-03-19,172.62103271484375,112.29000091552734,80.18482971191406,14.35552978515625
2015-03-20,174.144775390625,113.56999969482422,80.4305191040039,14.549979209899902
2015-03-23,173.80540466308594,114.29000091552734,80.44496154785156,14.71906852722168
2015-03-24,172.82884216308594,114.56999969482422,80.6617202758789,14.6007080078125
2015-03-25,170.2961883544922,114.7300033569336,80.51001739501953,14.64297866821289
2015-03-26,169.89068603515625,115.4800033569336,80.22098541259766,14.820521354675293
2015-03-27,170.2796630859375,115.05999755859375,80.33661651611328,14.524618148803711
2015-03-30,172.35708618164062,113.75,80.37269592285156,14.6007080078125
2015-03-31,170.85073852539062,113.66000366210938,80.51001739501953,14.431619644165039
2015-04-01,170.24655151367188,115.5999984741211,80.77131652832031,14.693704605102539
2015-04-02,170.8590087890625,115.27999877929688,80.66271209716797,14.617615699768066
2015-04-06,172.00938415527344,116.69000244140625,80.7134017944336,14.803611755371094
2015-04-07,171.55422973632812,116.11000061035156,80.72785186767578,14.8797025680542
2015-04-08,172.13360595703125,115.47000122070312,80.73513793945312,14.592252731323242
2015-04-09,172.89505004882812,114.66999816894531,80.53243255615234,14.592252731323242
2015-04-10,173.8385009765625,115.97000122070312,80.53243255615234,14.744431495666504
2015-04-13,173.05230712890625,115.13999938964844,80.61933898925781,14.676796913146973
2015-04-14,173.38330078125,114.44000244140625,80.70613861083984,14.744431495666504
2015-04-15,174.16127014160156,115.43000030517578,80.814697265625,15.040335655212402
2015-04-16,174.11160278320312,115.02999877929688,80.77131652832031,15.200966835021973
2015-04-17,172.1088104248047,115.5999984741211,80.83642578125,15.167152404785156
2015-04-20,173.68125915527344,114.72000122070312,80.77851867675781,15.099514961242676
2015-04-21,173.47439575195312,115.37999725341797,80.69166564941406,14.989607810974121
2015-04-22,174.3268280029297,113.83000183105469,80.45279693603516,15.040335655212402
2015-04-23,174.7655029296875,114.66000366210938,80.57576751708984,15.226332664489746
2015-04-24,175.1710662841797,113.05000305175781,80.7134017944336,15.217877388000488
2015-04-27,174.4427032470703,115.33000183105469,80.74236297607422,15.217877388000488
2015-04-28,174.99722290039062,116.33000183105469,80.43108367919922,15.243240356445312
2015-04-29,174.2772216796875,115.51000213623047,80.25009155273438,15.344693183898926
2015-04-30,172.53086853027344,113.47000122070312,80.25009155273438,15.463053703308105
2015-05-01,174.40133666992188,113.08000183105469,80.02239227294922,15.446146011352539
2015-05-04,174.8979034423828,114.0999984741211,79.87004852294922,15.437691688537598
2015-05-05,172.89505004882812,114.41999816894531,79.79754638671875,15.564506530761719
2015-05-06,172.18324279785156,114.36000061035156,79.52919006347656,15.564506530761719
2015-05-07,172.87020874023438,113.41999816894531,79.72504425048828,15.319329261779785
2015-05-08,175.146240234375,113.97000122070312,79.98612976074219,15.4038724899292
2015-05-11,174.31028747558594,113.52999877929688,79.47844696044922,15.336235046386719
2015-05-12,173.7888946533203,114.5,79.47119903564453,15.496870994567871
2015-05-13,173.8219451904297,116.55000305175781,79.46392059326172,15.51378059387207
2015-05-14,175.634521484375,117.18000030517578,79.58724975585938,15.606778144836426
2015-05-15,175.82489013671875,117.52999877929688,79.92083740234375,15.598323822021484
2015-05-18,176.37107849121094,117.5199966430664,79.61624145507812,15.556053161621094
2015-05-19,176.3131866455078,115.88999938964844,79.34064483642578,15.226332664489746
2015-05-20,176.1890106201172,116.08000183105469,79.46392059326172,15.192512512207031
2015-05-21,176.7021484375,115.69000244140625,79.71053314208984,15.378511428833008
2015-05-22,176.2801055908203,115.5999984741211,79.62351989746094,15.209421157836914
2015-05-26,174.38478088378906,113.91000366210938,79.81929779052734,14.913517951965332
2015-05-27,176.0400390625,113.88999938964844,79.8990707397461,14.710613250732422
2015-05-28,175.84146118164062,114.0199966430664,79.87004852294922,14.786704063415527
2015-05-29,174.74893188476562,114.0999984741211,79.8990707397461,14.972699165344238
2015-06-01,175.10482788085938,114.0,79.6781997680664,14.938881874084473
2015-06-02,174.93104553222656,114.45999908447266,79.36580657958984,15.116422653198242
2015-06-03,175.3944854736328,113.63999938964844,79.0533218383789,14.921972274780273
2015-06-04,173.91299438476562,112.83999633789062,79.22045135498047,14.786704063415527
2015-06-05,173.6150665283203,112.23999786376953,78.87174224853516,14.854338645935059
2015-06-08,172.54739379882812,112.56999969482422,78.98790740966797,14.862792015075684
2015-06-09,172.52259826660156,112.81999969482422,78.7626724243164,15.099514961242676
2015-06-10,174.59169006347656,113.77999877929688,78.56651306152344,15.158696174621582
2015-06-11,175.15447998046875,113.26000213623047,78.98790740966797,15.023427963256836
2015-06-12,173.8136749267578,113.2300033569336,78.89346313476562,14.871247291564941
2015-06-15,173.0688018798828,113.7300033569336,78.98790740966797,14.803611755371094
2015-06-16,174.01231384277344,113.31999969482422,79.11869049072266,14.845884323120117
2015-06-17,174.29376220703125,113.8499984741211,79.12598419189453,14.88815689086914
2015-06-18,176.1062774658203,115.31999969482422,79.10418701171875,14.88815689086914
2015-06-19,175.32444763183594,115.12000274658203,79.35124206542969,14.752887725830078
2015-06-22,176.2227325439453,113.63999938964844,78.9588394165039,14.803611755371094
2015-06-23,176.3475341796875,112.88999938964844,78.7772445678711,14.981152534484863
2015-06-24,175.06668090820312,112.58999633789062,78.90074920654297,14.8797025680542
2015-06-25,174.53443908691406,112.44000244140625,78.81356048583984,14.896612167358398
2015-06-26,174.5011444091797,112.55999755859375,78.62462615966797,14.964247703552246
2015-06-29,170.84178161621094,113.06999969482422,79.08966064453125,14.896612167358398
2015-06-30,171.19944763183594,112.37000274658203,79.03881072998047,15.217877388000488
2015-07-01,172.5717010498047,111.9800033569336,78.83934020996094,15.031880378723145
2015-07-02,172.4136505126953,111.76000213623047,78.94852447509766,15.00651741027832
2015-07-06,171.9230194091797,112.05999755859375,79.23245239257812,14.516162872314453
2015-07-07,173.0041046142578,110.76000213623047,79.34170532226562,14.431619644165039
2015-07-08,170.10162353515625,111.08999633789062,79.53095245361328,14.363985061645508
2015-07-09,170.40939331054688,111.36000061035156,79.23973846435547,14.533071517944336
2015-07-10,172.5550537109375,111.48999786376953,78.90483093261719,14.6007080078125
2015-07-13,174.45960998535156,110.98999786376953,78.78836822509766,14.609163284301758
2015-07-14,175.2163848876953,110.73999786376953,78.91939544677734,14.558433532714844
2015-07-15,175.1581268310547,110.16000366210938,79.13053894042969,14.389348030090332
2015-07-16,176.56370544433594,109.76000213623047,79.19607543945312,14.3217134475708
2015-07-17,176.71337890625,108.6500015258789,79.20330810546875,14.245622634887695
2015-07-20,176.8048858642578,105.69999694824219,79.06497955322266,14.017355918884277
2015-07-21,176.10626220703125,105.37000274658203,79.19607543945312,14.07653522491455
2015-07-22,175.79026794433594,104.80000305175781,79.23245239257812,13.87363052368164
2015-07-23,174.80059814453125,104.33000183105469,79.45816802978516,13.755270004272461
2015-07-24,172.98751831054688,105.3499984741211,79.44359588623047,13.645362854003906
2015-07-27,171.98118591308594,104.86000061035156,79.5455322265625,13.38327693939209
2015-07-28,174.09368896484375,105.0199966430664,79.46540069580078,13.493183135986328
2015-07-29,175.2912139892578,105.16999816894531,79.39990234375,13.535456657409668
2015-07-30,175.3328094482422,104.2699966430664,79.4072036743164,13.484729766845703
2015-07-31,175.06668090820312,104.93000030517578,79.72023010253906,13.29873275756836
2015-08-03,174.4761505126953,104.0999984741211,79.80268859863281,13.0789213180542
2015-08-04,174.13523864746094,104.30999755859375,79.56925201416016,13.155008316040039
2015-08-05,174.70909118652344,103.93000030517578,79.42335510253906,13.104283332824707
2015-08-06,173.27859497070312,104.38999938964844,79.51815032958984,13.09582805633545
2015-08-07,172.94595336914062,104.6500015258789,79.65677642822266,13.045103073120117
2015-08-10,175.12493896484375,105.72000122070312,79.55464935302734,13.324095726013184
2015-08-11,173.54478454589844,106.26000213623047,79.81726837158203,13.146554946899414
2015-08-12,173.75267028808594,107.75,79.76619720458984,13.104283332824707
2015-08-13,173.53643798828125,106.86000061035156,79.59840393066406,13.045103073120117
2015-08-14,174.16848754882812,106.8499984741211,79.56194305419922,12.96055793762207
2015-08-17,175.1415252685547,107.12999725341797,79.70059204101562,12.909832000732422
2015-08-18,174.63421630859375,107.11000061035156,79.55464935302734,12.84219741821289
2015-08-19,173.25372314453125,108.55000305175781,79.80268859863281,12.698473930358887
2015-08-20,169.63592529296875,110.44000244140625,79.9266357421875,12.732291221618652
2015-08-21,164.52938842773438,111.12999725341797,80.06523895263672,12.520931243896484
2015-08-24,157.60166931152344,110.52999877929688,80.03607177734375,12.208117485046387
2015-08-25,155.7469940185547,109.16000366210938,79.84644317626953,12.258845329284668
2015-08-26,161.72669982910156,107.66999816894531,79.47443389892578,12.182756423950195
2015-08-27,165.72703552246094,107.7300033569336,79.5838623046875,12.622383117675781
2015-08-28,165.73536682128906,108.69999694824219,79.51087951660156,12.952103614807129
2015-08-31,164.3963165283203,108.81999969482422,79.45249938964844,13.264914512634277
2015-09-01,159.489501953125,109.19999694824219,79.68791198730469,12.825288772583008
2015-09-02,162.51675415039062,108.62000274658203,79.5855484008789,12.935195922851562
2015-09-03,162.63320922851562,107.83999633789062,79.70249938964844,13.019739151000977
2015-09-04,160.17144775390625,107.48999786376953,79.87057495117188,12.85910701751709
2015-09-08,164.19677734375,107.5199966430664,79.68058013916016,12.952103614807129
2015-09-09,162.00120544433594,106.12999725341797,79.70983123779297,12.783015251159668
2015-09-10,162.88270568847656,106.37999725341797,79.62213897705078,12.892923355102539
2015-09-11,163.62290954589844,106.16000366210938,79.71710205078125,12.876014709472656
2015-09-14,163.01576232910156,106.22000122070312,79.73904418945312,12.715381622314453
2015-09-15,165.0533905029297,105.9000015258789,79.38087463378906,12.75765323638916
2015-09-16,166.48385620117188,107.30999755859375,79.31514739990234,12.969013214111328
2015-09-17,166.10960388183594,108.41000366210938,79.81217193603516,12.884468078613281
2015-09-18,163.39515686035156,109.20999908447266,79.87791442871094,12.690018653869629
2015-09-21,164.23948669433594,108.52999877929688,79.66596221923828,12.83374309539795
2015-09-22,162.1077117919922,107.79000091552734,79.85601043701172,12.75765323638916
2015-09-23,161.8485565185547,108.22000122070312,79.79022979736328,12.656200408935547
2015-09-24,161.2633514404297,110.48999786376953,79.89253997802734,12.732291221618652
2015-09-25,161.2215576171875,109.80999755859375,79.75367736816406,12.808380126953125
2015-09-28,157.17530822753906,108.41999816894531,79.94369506835938,12.630837440490723
2015-09-29,157.26724243164062,107.9800033569336,80.06800079345703,12.715381622314453
2015-09-30,160.2015380859375,106.86000061035156,80.09723663330078,12.808380126953125
2015-10-01,160.6195831298828,106.7300033569336,80.15948486328125,12.723836898803711
2015-10-02,163.01893615722656,108.98999786376953,80.40113830566406,12.808380126953125
2015-10-05,165.91981506347656,108.7699966430664,80.1008529663086,12.977468490600586
2015-10-06,165.351318359375,109.86000061035156,80.298583984375,13.231098175048828
2015-10-07,166.70562744140625,109.69999694824219,80.24000549316406,13.205735206604004
2015-10-08,168.21044921875,109.13999938964844,80.13020324707031,13.264914512634277
2015-10-09,168.310791015625,110.87000274658203,80.06432342529297,13.324095726013184
2015-10-12,168.46958923339844,111.30999755859375,80.2693099975586,13.112737655639648
2015-10-13,167.4078826904297,111.86000061035156,80.27666473388672,13.028192520141602
2015-10-14,166.60537719726562,113.80999755859375,80.5768814086914,13.062010765075684
2015-10-15,169.1635284423828,113.29000091552734,80.46705627441406,13.028192520141602
2015-10-16,169.93260192871094,112.48999786376953,80.3864517211914,13.036648750305176
2015-10-19,170.0161895751953,112.0199966430664,80.46705627441406,12.799924850463867
2015-10-20,169.79884338378906,112.7300033569336,80.30592346191406,12.825288772583008
2015-10-21,168.7454833984375,111.7300033569336,80.49636840820312,12.715381622314453
2015-10-22,171.59619140625,111.69000244140625,80.51097106933594,12.75765323638916
2015-10-23,173.47723388671875,111.5,80.37187194824219,12.681564331054688
2015-10-26,173.05087280273438,111.43000030517578,80.4084701538086,12.647747039794922
2015-10-27,172.71640014648438,111.68000030517578,80.52565002441406,12.588566780090332
2015-10-28,174.68106079101562,110.77999877929688,80.28394317626953,12.799924850463867
2015-10-29,174.58074951171875,109.72000122070312,79.93975067138672,12.723836898803711
2015-10-30,173.82838439941406,109.30000305175781,80.15211486816406,12.850650787353516
2015-11-02,175.88491821289062,108.58999633789062,79.99442291259766,12.783015251159668
2015-11-03,176.3948516845703,106.9800033569336,79.84764862060547,13.011283874511719
2015-11-04,175.8598175048828,105.97000122070312,79.84764862060547,12.791470527648926
2015-11-05,175.6842041015625,105.63999938964844,79.81098175048828,12.690018653869629
2015-11-06,175.59228515625,104.0999984741211,79.42941284179688,12.61392879486084
2015-11-09,173.95367431640625,104.4000015258789,79.37802124023438,12.504021644592285
2015-11-10,174.35498046875,104.18000030517578,79.52481842041016,12.478657722473145
2015-11-11,173.66952514648438,103.83000183105469,79.42208099365234,12.351842880249023
2015-11-12,171.2451171875,103.8499984741211,79.49543762207031,12.174301147460938
2015-11-13,169.32232666015625,103.55999755859375,79.64952850341797,12.081303596496582
2015-11-16,171.897216796875,103.70999908447266,79.71556091308594,12.140483856201172
2015-11-17,171.77175903320312,102.33999633789062,79.7742691040039,11.954488754272461
2015-11-18,174.49708557128906,102.43000030517578,79.71556091308594,12.00521469116211
2015-11-19,174.3466339111328,103.55999755859375,79.75225830078125,12.00521469116211
2015-11-20,174.98202514648438,103.08999633789062,79.70087432861328,11.98830509185791
2015-11-23,174.78134155273438,102.26000213623047,79.722900390625,12.081303596496582
2015-11-24,175.01548767089844,102.94000244140625,79.79621887207031,12.275754928588867
2015-11-25,174.99037170410156,102.45999908447266,79.83293151855469,12.258845329284668
2015-11-27,175.1909942626953,101.25,79.81098175048828,12.072848320007324
2015-11-30,174.4637451171875,101.91999816894531,79.84029388427734,11.996758460998535
2015-12-01,176.12730407714844,102.27999877929688,80.12007904052734,12.13202953338623
2015-12-02,174.32997131347656,100.69000244140625,80.02439880371094,11.878398895263672
2015-12-03,171.8888397216797,101.76000213623047,79.4353256225586,12.01366901397705
2015-12-04,175.24114990234375,104.0199966430664,79.69306182861328,11.996758460998535
2015-12-07,174.179443359375,102.66999816894531,79.81090545654297,11.650130271911621
2015-12-08,173.00901794433594,102.83999633789062,79.84030151367188,11.590950012207031
2015-12-09,171.66310119628906,102.63999938964844,79.84030151367188,11.599404335021973
2015-12-10,172.10618591308594,102.55000305175781,79.82556915283203,11.55713176727295
2015-12-11,168.7705535888672,103.11000061035156,80.02439880371094,11.438770294189453
2015-12-14,169.62330627441406,101.79000091552734,79.64889526367188,11.36268138885498
2015-12-15,171.40394592285156,101.5199966430664,79.65624237060547,11.337318420410156
2015-12-16,173.91197204589844,102.75,79.51634979248047,11.286591529846191
2015-12-17,171.26190185546875,100.5,79.6268081665039,11.168231010437012
2015-12-18,168.21078491210938,102.04000091552734,79.79609680175781,11.218957901000977
2015-12-21,169.59840393066406,103.1500015258789,79.7225341796875,11.168231010437012
2015-12-22,171.13742065429688,102.61000061035156,79.66361236572266,11.117505073547363
2015-12-23,173.25662231445312,102.30999755859375,79.64889526367188,11.320408821105957
2015-12-24,172.97064208984375,103.05000305175781,79.68724822998047,11.320408821105957
2015-12-28,172.575439453125,102.2699966430664,79.68724822998047,11.15977668762207
2015-12-29,174.41714477539062,102.19999694824219,79.488037109375,11.345772743225098
2015-12-30,173.18089294433594,101.41999816894531,79.47328186035156,11.23586654663086
2015-12-31,171.44850158691406,101.45999908447266,79.68724822998047,11.295045852661133
2016-01-04,169.0517578125,102.88999938964844,79.65773010253906,11.210502624511719
2016-01-05,169.33767700195312,103.18000030517578,79.69461822509766,11.100597381591797
2016-01-06,167.20164489746094,104.66999816894531,79.99710083007812,10.923053741455078
2016-01-07,163.190185546875,106.1500015258789,79.98973083496094,10.872325897216797
2016-01-08,161.39894104003906,105.68000030517578,80.16679382324219,10.821600914001465
2016-01-11,161.55873107910156,104.73999786376953,79.93810272216797,10.525697708129883
2016-01-12,162.8622283935547,104.20999908447266,80.11509704589844,10.458062171936035
2016-01-13,158.80026245117188,104.72000122070312,80.29962921142578,10.398882865905762
2016-01-14,161.4073486328125,103.0199966430664,80.27007293701172,10.42424488067627
2016-01-15,157.9425506591797,104.08000183105469,80.365966796875,10.204431533813477
2016-01-19,158.15281677246094,103.9800033569336,80.28485107421875,10.119888305664062
2016-01-20,156.12603759765625,105.37000274658203,80.35124969482422,10.04379940032959
2016-01-21,157.00064086914062,105.48999786376953,80.24055480957031,10.179068565368652
2016-01-22,160.2215576171875,105.0,80.29962921142578,10.48342514038086
2016-01-25,157.79959106445312,106.08000183105469,80.25533294677734,10.255158424377441
2016-01-26,159.95245361328125,107.29000091552734,80.35863494873047,10.458062171936035
2016-01-27,158.2116241455078,107.69000244140625,80.37333679199219,10.584878921508789
2016-01-28,159.03582763671875,106.54000091552734,80.43974304199219,10.703240394592285
2016-01-29,162.9127197265625,106.94999694824219,80.67588806152344,10.804692268371582
2016-02-01,162.85377502441406,108.05000305175781,80.57825469970703,10.601786613464355
2016-02-02,159.91891479492188,108.08999633789062,80.8222427368164,10.415791511535645
2016-02-03,160.87747192382812,109.25,80.81488037109375,10.677877426147461
2016-02-04,161.12985229492188,110.56999969482422,80.89614868164062,10.660966873168945
2016-02-05,158.060302734375,112.31999969482422,80.8222427368164,10.593332290649414
2016-02-08,155.93258666992188,113.83000183105469,81.13272857666016,10.542607307434082
2016-02-09,155.94105529785156,113.58000183105469,81.12540435791016,10.272067070007324
2016-02-10,155.80650329589844,114.45999908447266,81.32500457763672,10.288975715637207
2016-02-11,153.77976989746094,119.05999755859375,81.37673950195312,10.415791511535645
2016-02-12,156.95018005371094,118.36000061035156,81.1549301147461,10.567970275878906
2016-02-16,159.59922790527344,114.7699966430664,80.955322265625,10.449609756469727
2016-02-17,162.20623779296875,115.4800033569336,80.91093444824219,10.66942310333252
2016-02-18,161.54190063476562,118.29000091552734,81.1549301147461,10.61024284362793
2016-02-19,161.4661865234375,117.58000183105469,81.16970825195312,10.517243385314941
2016-02-22,163.80409240722656,115.48999786376953,81.19190216064453,10.677877426147461
2016-02-23,161.73533630371094,117.22000122070312,81.20667266845703,10.534152030944824
2016-02-24,162.47537231445312,117.61000061035156,81.23625183105469,10.66942310333252
2016-02-25,164.44326782226562,117.91999816894531,81.44328308105469,10.660966873168945
2016-02-26,164.06478881835938,117.11000061035156,81.29541778564453,10.644059181213379
2016-02-29,162.77813720703125,118.63999938964844,81.39154815673828,10.779329299926758
2016-03-01,166.60455322265625,117.7699966430664,81.1478500366211,10.787785530090332
2016-03-02,167.35304260253906,118.68000030517578,81.05889129638672,10.846965789794922
2016-03-03,168.00892639160156,120.7300033569336,81.15518188476562,10.906144142150879
2016-03-04,168.5555877685547,120.54000091552734,81.02923583984375,11.117505073547363
2016-03-07,168.69012451171875,121.13999938964844,81.00704956054688,11.320408821105957
2016-03-08,166.8484344482422,120.58000183105469,81.2070541381836,11.168231010437012
2016-03-09,167.672607421875,119.58000183105469,81.16996765136719,11.337318420410156
2016-03-10,167.80714416503906,121.5,81.2070541381836,11.320408821105957
2016-03-11,170.5150146484375,119.41000366210938,81.05889129638672,11.36268138885498
2016-03-14,170.29641723632812,117.87000274658203,81.10332489013672,11.261228561401367
2016-03-15,170.01889038085938,117.95999908447266,81.02923583984375,11.168231010437012
2016-03-16,171.00282287597656,120.58999633789062,81.37743377685547,11.36268138885498
2016-03-17,172.08766174316406,120.12999725341797,81.54784393310547,11.489497184753418
2016-03-18,172.76385498046875,119.80000305175781,81.61447143554688,11.48104190826416
2016-03-21,173.0089874267578,118.95999908447266,81.43672180175781,11.514859199523926
2016-03-22,172.91607666015625,119.30999755859375,81.38482666015625,11.599404335021973
2016-03-23,171.77491760253906,116.61000061035156,81.5626220703125,11.354227066040039
2016-03-24,171.69883728027344,116.33000183105469,81.57001495361328,11.286591529846191
2016-03-28,171.80029296875,116.5999984741211,81.6292953491211,11.320408821105957
2016-03-29,173.3894500732422,118.76000213623047,81.8737564086914,11.295045852661133
2016-03-30,174.15023803710938,117.0999984741211,81.84415435791016,11.252776145935059
2016-03-31,173.72760009765625,117.63999938964844,82.10343933105469,11.23586654663086
2016-04-01,174.91094970703125,116.93000030517578,82.03068542480469,11.04141616821289
2016-04-04,174.34463500976562,116.1500015258789,82.11229705810547,10.889236450195312
2016-04-05,172.60336303710938,117.66000366210938,82.22366333007812,10.863872528076172
2016-04-06,174.4883270263672,116.94000244140625,82.20885467529297,10.982234001159668
2016-04-07,172.4004364013672,118.61000061035156,82.38700866699219,10.948417663574219
2016-04-08,172.8653564453125,118.43000030517578,82.30535125732422,11.210502624511719
2016-04-11,172.45957946777344,120.02999877929688,82.36470031738281,11.295045852661133
2016-04-12,174.06568908691406,120.05000305175781,82.2311019897461,11.540223121643066
2016-04-13,175.82395935058594,118.7699966430664,82.26822662353516,11.599404335021973
2016-04-14,175.8323974609375,117.11000061035156,82.12715148925781,11.5064058303833
2016-04-15,175.63796997070312,117.91999816894531,82.3572998046875,11.464133262634277
2016-04-18,176.87208557128906,117.73999786376953,82.34986114501953,11.514859199523926
2016-04-19,177.42996215820312,119.58000183105469,82.34246063232422,11.76003646850586
2016-04-20,177.59906005859375,118.97000122070312,82.14202880859375,11.98830509185791
2016-04-21,176.64389038085938,119.41999816894531,82.03068542480469,11.937578201293945
2016-04-22,176.64389038085938,117.88999938964844,82.03809356689453,11.886852264404297
2016-04-25,176.33956909179688,118.2300033569336,81.94908905029297,11.878398895263672
2016-04-26,176.60159301757812,118.69999694824219,81.91188049316406,12.0305757522583
2016-04-27,176.96511840820312,119.04000091552734,82.15686798095703,12.140483856201172
2016-04-28,175.35897827148438,121.29000091552734,82.32018280029297,12.208117485046387
2016-04-29,174.41224670410156,123.6500015258789,82.31275939941406,12.326481819152832
2016-05-02,175.79855346679688,123.23999786376953,82.25697326660156,12.157392501831055
2016-05-03,174.26856994628906,122.95999908447266,82.40571594238281,11.971396446228027
2016-05-04,173.2964324951172,122.20999908447266,82.44290161132812,11.979850769042969
2016-05-05,173.26260375976562,122.06999969482422,82.65111541748047,11.861489295959473
2016-05-06,173.89662170410156,123.18000030517578,82.52470397949219,11.937578201293945
2016-05-09,174.040283203125,120.6500015258789,82.57672882080078,11.675492286682129
2016-05-10,176.20433044433594,120.9800033569336,82.61393737792969,11.96294116973877
2016-05-11,174.55589294433594,122.12000274658203,82.61393737792969,12.241934776306152
2016-05-12,174.60662841796875,121.16000366210938,82.53960418701172,12.258845329284668
2016-05-13,173.0850830078125,121.70999908447266,82.69569396972656,12.241934776306152
2016-05-16,174.7926025390625,121.80000305175781,82.55439758300781,12.37720775604248
2016-05-17,173.16122436523438,122.22000122070312,82.44290161132812,12.47020435333252
2016-05-18,173.21194458007812,120.0999984741211,82.10086822509766,12.37720775604248
2016-05-19,172.6117706298828,119.87000274658203,82.15288543701172,12.343388557434082
2016-05-20,173.70223999023438,119.70999908447266,82.20491027832031,12.394116401672363
2016-05-23,173.46554565429688,119.37000274658203,82.1900405883789,12.326481819152832
2016-05-24,175.71401977539062,117.30000305175781,82.14549255371094,12.326481819152832
2016-05-25,176.90591430664062,116.9800033569336,82.16030883789062,12.47020435333252
2016-05-26,176.95663452148438,116.58000183105469,82.28672790527344,12.461750030517578
2016-05-27,177.71739196777344,115.62000274658203,82.2718505859375,12.512475967407227
2016-05-31,177.3792724609375,116.05999755859375,82.32391357421875,12.43638801574707
2016-06-01,177.74276733398438,115.94000244140625,82.2777099609375,12.563202857971191
2016-06-02,178.2837677001953,115.66999816894531,82.48632049560547,12.588566780090332
2016-06-03,177.75123596191406,118.87999725341797,82.93343353271484,12.67310905456543
2016-06-06,178.6557159423828,118.91999816894531,82.82169342041016,12.825288772583008
2016-06-07,178.93460083007812,118.81999969482422,82.89617156982422,12.952103614807129
2016-06-08,179.51785278320312,120.58000183105469,82.92601013183594,13.171916961669922
2016-06-09,179.27276611328125,121.25,82.98558807373047,13.146554946899414
2016-06-10,177.5736541748047,121.73999786376953,83.09735870361328,12.985921859741211
2016-06-13,176.20433044433594,122.63999938964844,83.1644287109375,12.985921859741211
2016-06-14,175.85769653320312,122.7699966430664,83.12718200683594,12.90137767791748
2016-06-15,175.61260986328125,123.68000030517578,83.30598449707031,12.83374309539795
2016-06-16,176.13668823242188,122.37999725341797,83.35816192626953,12.61392879486084
2016-06-17,175.48069763183594,123.94999694824219,83.29853820800781,12.909832000732422
2016-06-20,176.61085510253906,123.20999908447266,83.06756591796875,13.028192520141602
2016-06-21,177.1121063232422,120.83999633789062,83.0079345703125,12.926740646362305
2016-06-22,176.82327270507812,120.9000015258789,83.06013488769531,12.850650787353516
2016-06-23,179.12591552734375,120.11000061035156,82.91854095458984,12.952103614807129
2016-06-24,172.6936798095703,126.0,83.3656005859375,12.690018653869629
2016-06-27,169.60076904296875,126.68000030517578,83.7009048461914,12.664655685424805
2016-06-28,172.65969848632812,125.31999969482422,83.80526733398438,12.867561340332031
2016-06-29,175.59971618652344,125.83999633789062,83.74560546875,13.053555488586426
2016-06-30,177.99581909179688,126.47000122070312,83.91702270507812,12.977468490600586
2016-07-01,178.3697052001953,128.41000366210938,84.09768676757812,13.138100624084473
2016-07-05,177.08665466308594,129.47000122070312,84.32164764404297,12.766108512878418
2016-07-06,178.14871215820312,130.22999572753906,84.47840118408203,12.81683349609375
2016-07-07,178.0383758544922,129.74000549316406,84.41867065429688,12.453296661376953
2016-07-08,180.68942260742188,130.52000427246094,84.54558563232422,12.580111503601074
2016-07-11,181.32666015625,129.2899932861328,84.32164764404297,12.52938461303711
2016-07-12,182.6437225341797,127.1500015258789,84.06782531738281,12.766108512878418
2016-07-13,182.61825561523438,128.32000732421875,84.1872787475586,12.605474472045898
2016-07-14,183.6378631591797,127.33000183105469,84.11258697509766,12.656200408935547
2016-07-15,183.3914337158203,126.83999633789062,83.80652618408203,12.622383117675781
2016-07-18,183.88424682617188,127.04000091552734,83.82144165039062,12.563202857971191
2016-07-19,183.69735717773438,127.20999908447266,83.99315643310547,12.487113952636719
2016-07-20,184.46206665039062,125.38999938964844,83.9184799194336,12.402568817138672
2016-07-21,183.76535034179688,127.30000305175781,83.99315643310547,12.334935188293457
2016-07-22,184.5895233154297,126.3499984741211,84.00806427001953,12.309572219848633
2016-07-25,184.08819580078125,125.47000122070312,83.91104888916016,12.174301147460938
2016-07-26,184.17320251464844,126.0,83.91104888916016,12.123575210571289
2016-07-27,183.977783203125,128.02999877929688,84.15739440917969,12.00521469116211
2016-07-28,184.19017028808594,127.66000366210938,84.14996337890625,11.971396446228027
2016-07-29,184.48756408691406,128.97999572753906,84.37388610839844,12.072848320007324
2016-08-01,184.33462524414062,129.22000122070312,84.17720031738281,11.861489295959473
2016-08-02,183.1535186767578,130.27000427246094,83.93037414550781,11.844581604003906
2016-08-03,183.6888885498047,129.64999389648438,84.02010345458984,12.039031982421875
2016-08-04,183.88424682617188,129.8699951171875,84.17720031738281,12.089757919311523
2016-08-05,185.38824462890625,127.55000305175781,83.89301300048828,12.140483856201172
2016-08-08,185.2777557373047,127.44000244140625,83.94532012939453,12.208117485046387
2016-08-09,185.38824462890625,127.95999908447266,84.16220092773438,12.174301147460938
2016-08-10,184.92942810058594,128.55999755859375,84.25942993164062,12.0305757522583
2016-08-11,185.78765869140625,127.66999816894531,84.03507995605469,12.216573715209961
2016-08-12,185.62619018554688,127.4000015258789,84.23704528808594,12.309572219848633
2016-08-15,186.16140747070312,127.83999633789062,84.08747863769531,12.512475967407227
2016-08-16,185.2012939453125,128.47000122070312,84.03507995605469,12.61392879486084
2016-08-17,185.54971313476562,128.5,84.1921157836914,12.664655685424805
2016-08-18,185.96609497070312,129.11000061035156,84.31180572509766,12.825288772583008
2016-08-19,185.69412231445312,127.97000122070312,84.12481689453125,12.783015251159668
2016-08-22,185.6856689453125,127.77999877929688,84.2519760131836,12.664655685424805
2016-08-23,186.0594940185547,127.76000213623047,84.27444458007812,12.715381622314453
2016-08-24,185.10789489746094,126.33999633789062,84.24446868896484,12.563202857971191
2016-08-25,184.9803924560547,126.2300033569336,84.15473175048828,12.61392879486084
2016-08-26,184.63204956054688,126.05000305175781,84.02010345458984,12.571657180786133
2016-08-29,185.5411834716797,126.30000305175781,84.2519760131836,12.520931243896484
2016-08-30,185.2353057861328,125.02999877929688,84.20706939697266,12.402568817138672
2016-08-31,184.70852661132812,124.77999877929688,84.1921157836914,12.165847778320312
2016-09-01,184.71697998046875,125.29000091552734,84.26558685302734,12.0305757522583
2016-09-02,185.54971313476562,126.56999969482422,84.15318298339844,12.165847778320312
2016-09-06,186.11048889160156,128.7100067138672,84.33300018310547,12.250391006469727
2016-09-07,186.09352111816406,128.27000427246094,84.3779525756836,12.360297203063965
2016-09-08,185.66867065429688,127.58999633789062,84.08573150634766,12.580111503601074
2016-09-09,181.22470092773438,126.75,83.71856689453125,12.385660171508789
2016-09-12,183.82479858398438,126.58999633789062,83.78605651855469,12.385660171508789
2016-09-13,181.1822052001953,125.75,83.55376434326172,12.225028038024902
2016-09-14,181.1142578125,126.18000030517578,83.65866088867188,12.13202953338623
2016-09-15,182.92410278320312,125.37000274658203,83.7110824584961,12.191210746765137
2016-09-16,182.2169647216797,125.05999755859375,83.77104949951172,12.208117485046387
2016-09-19,182.25115966796875,125.31999969482422,83.70362091064453,12.199665069580078
2016-09-20,182.25970458984375,125.44000244140625,83.73361206054688,12.241934776306152
2016-09-21,184.3092803955078,127.2699966430664,83.94342041015625,12.394116401672363
2016-09-22,185.47071838378906,127.56999969482422,84.1157455444336,12.461750030517578
2016-09-23,184.45448303222656,127.6500015258789,84.09323120117188,12.318025588989258
2016-09-26,182.95999145507812,127.55000305175781,84.19815063476562,12.402568817138672
2016-09-27,184.0957794189453,126.62000274658203,84.30299377441406,12.284207344055176
2016-09-28,185.0095977783203,126.22000122070312,84.32550048828125,12.571657180786133
2016-09-29,183.33572387695312,126.06999969482422,84.32550048828125,12.647747039794922
2016-09-30,184.71917724609375,125.63999938964844,84.23562622070312,12.690018653869629
2016-10-03,184.275146484375,125.31999969482422,84.14029693603516,12.799924850463867
2016-10-04,183.33572387695312,120.97000122070312,83.85502624511719,12.766108512878418
2016-10-05,184.1470184326172,120.77999877929688,83.74241638183594,12.84219741821289
2016-10-06,184.275146484375,119.66000366210938,83.74241638183594,12.867561340332031
2016-10-07,183.64317321777344,119.73999786376953,83.75743865966797,12.83374309539795
2016-10-10,184.59963989257812,120.16000366210938,83.71993255615234,12.977468490600586
2016-10-11,182.2682342529297,119.55000305175781,83.59231567382812,12.90137767791748
2016-10-12,182.50743103027344,119.73999786376953,83.62232971191406,12.808380126953125
2016-10-13,181.90957641601562,120.02999877929688,83.74241638183594,12.892923355102539
2016-10-14,182.00350952148438,119.36000061035156,83.59982299804688,12.90137767791748
2016-10-17,181.37159729003906,119.68000030517578,83.74241638183594,12.918286323547363
2016-10-18,182.50743103027344,120.41999816894531,83.8775405883789,12.943649291992188
2016-10-19,182.994140625,121.11000061035156,83.92256164550781,13.028192520141602
2016-10-20,182.6525421142578,120.73999786376953,83.89259338378906,12.909832000732422
2016-10-21,182.73794555664062,120.83000183105469,83.94508361816406,12.96055793762207
2016-10-24,183.51507568359375,120.55999755859375,83.81748962402344,12.969013214111328
2016-10-25,182.9001922607422,121.47000122070312,83.81748962402344,12.909832000732422
2016-10-26,182.5330047607422,120.79000091552734,83.65235900878906,12.825288772583008
2016-10-27,182.0462188720703,121.01000213623047,83.44216918945312,12.90137767791748
2016-10-28,181.50816345214844,121.58000183105469,83.44216918945312,12.81683349609375
2016-10-31,181.51673889160156,121.94000244140625,83.54730987548828,12.647747039794922
2016-11-01,180.2016143798828,122.7300033569336,83.50212097167969,12.706927299499512
2016-11-02,179.11700439453125,123.63999938964844,83.59992218017578,12.554749488830566
2016-11-03,178.29718017578125,124.30000305175781,83.48709869384766,12.512475967407227
2016-11-04,178.10073852539062,124.38999938964844,83.66004180908203,12.427932739257812
2016-11-07,182.02911376953125,122.1500015258789,83.56229400634766,12.478657722473145
2016-11-08,182.84898376464844,121.63999938964844,83.42695617675781,12.461750030517578
2016-11-09,184.78753662109375,121.55999755859375,82.65229797363281,12.520931243896484
2016-11-10,185.2486572265625,119.75,82.31387329101562,12.419477462768555
2016-11-11,184.8217010498047,117.0999984741211,82.16346740722656,12.182756423950195
2016-11-14,184.96682739257812,116.11000061035156,81.83255004882812,12.157392501831055
2016-11-15,186.41014099121094,117.12000274658203,81.89270782470703,12.427932739257812
2016-11-16,186.05999755859375,116.7699966430664,82.07318878173828,12.275754928588867
2016-11-17,187.01646423339844,116.16999816894531,81.76485443115234,12.301115989685059
2016-11-18,186.59800720214844,115.1500015258789,81.50164031982422,12.402568817138672
2016-11-21,188.00704956054688,115.58000183105469,81.56932830810547,12.749198913574219
2016-11-22,188.37429809570312,115.54000091552734,81.64453125,12.732291221618652
2016-11-23,188.47679138183594,113.25,81.35877227783203,12.783015251159668
2016-11-25,189.17706298828125,112.61000061035156,81.3511962890625,12.690018653869629
2016-11-28,188.28890991210938,113.80000305175781,81.63702392578125,12.732291221618652
2016-11-29,188.6561279296875,113.2699966430664,81.72724914550781,12.478657722473145
2016-11-30,188.20352172851562,111.75,81.40387725830078,12.85910701751709
2016-12-01,187.51181030273438,111.54000091552734,81.13560485839844,13.09582805633545
2016-12-02,187.60568237304688,112.13999938964844,81.39180755615234,13.188826560974121
2016-12-05,188.73294067382812,111.54000091552734,81.45962524414062,13.256462097167969
2016-12-06,189.33079528808594,111.43000030517578,81.44457244873047,13.197280883789062
2016-12-07,191.80743408203125,111.83000183105469,81.65553283691406,13.09582805633545
2016-12-08,192.27703857421875,111.56999969482422,81.5048599243164,13.12119197845459
2016-12-09,193.43846130371094,110.4000015258789,81.25617980957031,13.188826560974121
2016-12-12,193.21644592285156,110.81999969482422,81.18086242675781,13.273370742797852
2016-12-13,194.50596618652344,110.44999694824219,81.28633117675781,13.307188034057617
2016-12-14,192.9005126953125,108.83000183105469,80.8417739868164,13.180373191833496
2016-12-15,193.69468688964844,107.33999633789062,80.74382781982422,13.163463592529297
2016-12-16,193.31590270996094,108.05000305175781,80.7965316772461,13.22264289855957
2016-12-19,193.73684692382812,108.58999633789062,81.00752258300781,13.146554946899414
2016-12-20,194.4841766357422,107.79000091552734,80.93220520019531,13.205735206604004
2016-12-21,193.94293212890625,107.8499984741211,81.1054916381836,13.129646301269531
2016-12-22,193.60789489746094,107.58999633789062,81.10469055175781,13.112737655639648
2016-12-23,193.89146423339844,107.93000030517578,81.12742614746094,13.138100624084473
2016-12-27,194.37249755859375,108.55999755859375,81.06694793701172,13.341005325317383
2016-12-28,192.76600646972656,108.86000061035156,81.19538116455078,13.34946060180664
2016-12-29,192.7231903076172,110.29000091552734,81.44458770751953,13.366368293762207
2016-12-30,192.0187225341797,109.61000061035156,81.61071014404297,13.391732215881348
2017-01-03,193.4876251220703,110.47000122070312,81.69378662109375,13.231098175048828
2017-01-04,194.6387939453125,110.86000061035156,81.71647644042969,13.332551002502441
2017-01-05,194.4841766357422,112.58000183105469,82.05635833740234,13.400186538696289
2017-01-06,195.1799774169922,111.75,81.78443145751953,13.38327693939209
2017-01-09,194.53567504882812,112.66999816894531,81.92041015625,13.180373191833496
2017-01-10,194.53567504882812,113.1500015258789,81.8977279663086,13.12119197845459
2017-01-11,195.08547973632812,113.5,81.99593353271484,13.264914512634277
2017-01-12,194.59585571289062,113.91000366210938,82.026123046875,13.459365844726562
2017-01-13,195.0425262451172,114.20999908447266,81.88262939453125,13.434003829956055
2017-01-17,194.35533142089844,115.8499984741211,82.16207885742188,13.42554759979248
2017-01-18,194.7847900390625,114.87000274658203,81.8071060180664,13.307188034057617
2017-01-19,194.063232421875,114.7699966430664,81.59563446044922,13.264914512634277
2017-01-20,194.77621459960938,115.05000305175781,81.62584686279297,13.417095184326172
2017-01-23,194.26939392089844,115.79000091552734,81.85242462158203,13.417095184326172
2017-01-24,195.5150146484375,115.2699966430664,81.72400665283203,13.450912475585938
2017-01-25,197.207275390625,114.31999969482422,81.50501251220703,13.366368293762207
2017-01-26,197.0010986328125,113.26000213623047,81.55789184570312,13.42554759979248
2017-01-27,196.69183349609375,113.48999786376953,81.62584686279297,13.315642356872559
2017-01-30,195.4720458984375,113.97000122070312,81.58806610107422,13.239553451538086
2017-01-31,195.4548797607422,115.55000305175781,81.78443145751953,13.315642356872559
2017-02-01,195.5321807861328,115.19999694824219,81.66939544677734,13.459365844726562
2017-02-02,195.66102600097656,115.83999633789062,81.71480560302734,13.459365844726562
2017-02-03,197.0096435546875,116.12999725341797,81.7375259399414,13.450912475585938
2017-02-06,196.65750122070312,117.69999694824219,81.97212982177734,13.366368293762207
2017-02-07,196.6660614013672,117.45999908447266,82.05535125732422,13.307188034057617
2017-02-08,196.92379760742188,118.19000244140625,82.28997802734375,13.357914924621582
2017-02-09,198.09207153320312,117.29000091552734,82.09320831298828,13.42554759979248
2017-02-10,198.87380981445312,117.5999984741211,82.07806396484375,13.5692720413208
2017-02-13,199.9561767578125,116.80000305175781,81.95697021484375,13.417095184326172
2017-02-14,200.7550506591797,116.93000030517578,81.77533721923828,13.434003829956055
2017-02-15,201.80308532714844,117.44999694824219,81.64669799804688,13.450912475585938
2017-02-16,201.63125610351562,118.08000183105469,81.82075500488281,13.366368293762207
2017-02-17,201.94912719726562,117.68000030517578,82.00237274169922,13.341005325317383
2017-02-21,203.1517791748047,117.75,81.99478149414062,13.324095726013184
2017-02-22,202.9713592529297,117.91000366210938,82.04776763916016,13.256462097167969
2017-02-23,203.1088104248047,118.94000244140625,82.18399810791016,13.29873275756836
2017-02-24,203.36651611328125,119.69999694824219,82.48670959472656,13.273370742797852
2017-02-27,203.6843719482422,119.12000274658203,82.33537292480469,13.239553451538086
2017-02-28,203.1345977783203,119.2300033569336,82.31268310546875,13.290279388427734
2017-03-01,205.9779510498047,119.05999755859375,81.92588806152344,13.34946060180664
2017-03-02,204.68081665039062,117.58000183105469,81.7742691040039,13.138100624084473
2017-03-03,204.80967712402344,117.51000213623047,81.83490753173828,13.205735206604004
2017-03-06,204.19976806640625,116.72000122070312,81.79701232910156,13.188826560974121
2017-03-07,203.58987426757812,115.77999877929688,81.69087219238281,13.129646301269531
2017-03-08,203.21185302734375,115.05999755859375,81.49372100830078,12.83374309539795
2017-03-09,203.46958923339844,114.47000122070312,81.24348449707031,12.723836898803711
2017-03-10,204.18258666992188,114.72000122070312,81.36479187011719,12.605474472045898
2017-03-13,204.2856903076172,114.73999786376953,81.228271484375,12.588566780090332
2017-03-14,203.50393676757812,114.12000274658203,81.25861358642578,12.537839889526367
2017-03-15,205.26492309570312,116.25,81.72881317138672,12.647747039794922
2017-03-16,204.86122131347656,116.7300033569336,81.63777160644531,12.630837440490723
2017-03-17,204.50144958496094,116.98999786376953,81.81217956542969,12.67310905456543
2017-03-20,204.27711486816406,117.51000213623047,81.93354797363281,12.664655685424805
2017-03-21,201.65431213378906,118.54000091552734,82.10037231445312,12.597020149230957
2017-03-22,202.12884521484375,118.83000183105469,82.21407318115234,12.588566780090332
2017-03-23,201.9131622314453,118.66999816894531,82.23685455322266,12.563202857971191
2017-03-24,201.76649475097656,118.86000061035156,82.1685791015625,12.605474472045898
2017-03-27,201.55938720703125,119.52999877929688,82.36573791503906,12.588566780090332
2017-03-28,203.02615356445312,119.04000091552734,82.17617797851562,12.664655685424805
2017-03-29,203.21588134765625,119.33000183105469,82.3581771850586,12.783015251159668
2017-03-30,203.8629913330078,118.47000122070312,82.20648193359375,12.83374309539795
2017-03-31,203.38844299316406,118.72000122070312,82.2671890258789,12.85910701751709
2017-04-03,203.03477478027344,119.3499984741211,82.57258605957031,12.808380126953125
2017-04-04,203.1641387939453,119.62000274658203,82.49666595458984,12.935195922851562
2017-04-05,202.5602569580078,119.62000274658203,82.58780670166016,12.96055793762207
2017-04-06,203.12969970703125,119.18000030517578,82.58020782470703,12.994376182556152
2017-04-07,202.92254638671875,119.45999908447266,82.3978500366211,13.028192520141602
2017-04-10,203.04336547851562,119.45999908447266,82.50423431396484,13.129646301269531
2017-04-11,202.8018035888672,121.19000244140625,82.7397689819336,13.155008316040039
2017-04-12,201.9131622314453,122.0199966430664,82.92216491699219,13.155008316040039
2017-04-13,200.6017608642578,122.5999984741211,83.02850341796875,13.197280883789062
2017-04-17,202.37905883789062,122.23999786376953,82.98294067382812,13.12119197845459
2017-04-18,201.7750701904297,122.81999969482422,83.31725311279297,13.070465087890625
2017-04-19,201.4041290283203,121.7300033569336,83.18810272216797,12.84219741821289
2017-04-20,203.04336547851562,121.95999908447266,83.05888366699219,12.791470527648926
2017-04-21,202.39634704589844,122.30999755859375,83.08168029785156,12.664655685424805
2017-04-24,204.6222686767578,121.4800033569336,82.96017456054688,12.622383117675781
2017-04-25,205.81285095214844,120.25,82.68660736083984,12.681564331054688
2017-04-26,205.6833953857422,120.83999633789062,82.79300689697266,12.61392879486084
2017-04-27,205.8560333251953,120.38999938964844,82.86894226074219,12.546294212341309
2017-04-28,205.4073028564453,120.7699966430664,83.01334381103516,12.512475967407227
2017-05-01,205.92501831054688,119.66999816894531,82.79934692382812,12.537839889526367
2017-05-02,206.00265502929688,119.6500015258789,82.91361999511719,12.402568817138672
2017-05-03,205.75241088867188,117.9800033569336,82.82981872558594,12.351842880249023
2017-05-04,205.99400329589844,116.79000091552734,82.76126098632812,12.05594253540039
2017-05-05,206.80502319335938,117.01000213623047,82.77653503417969,12.225028038024902
2017-05-08,206.77052307128906,116.75,82.61661529541016,12.174301147460938
2017-05-09,206.58071899414062,116.05000305175781,82.62413024902344,12.115120887756348
2017-05-10,206.9517059326172,116.04000091552734,82.64704132080078,12.309572219848633
2017-05-11,206.5289306640625,116.5,82.63941955566406,12.360297203063965
2017-05-12,206.1837921142578,116.83000183105469,82.94403076171875,12.360297203063965
2017-05-15,207.3226776123047,117.13999938964844,82.91361999511719,12.427932739257812
2017-05-16,207.13287353515625,117.6500015258789,83.02021026611328,12.444841384887695
2017-05-17,203.45751953125,119.79000091552734,83.44664001464844,12.52938461303711
2017-05-18,204.27711486816406,118.80999755859375,83.40092468261719,12.49556827545166
2017-05-19,205.60580444335938,119.4000015258789,83.40092468261719,12.740743637084961
2017-05-22,206.6497344970703,119.9000015258789,83.34765625,12.825288772583008
2017-05-23,207.10699462890625,119.13999938964844,83.18769836425781,12.783015251159668
2017-05-24,207.59011840820312,119.61000061035156,83.33241271972656,12.75765323638916
2017-05-25,208.58238220214844,119.4800033569336,83.37047576904297,12.478657722473145
2017-05-26,208.53916931152344,120.54000091552734,83.34004211425781,12.571657180786133
2017-05-30,208.3579864501953,120.13999938964844,83.49989318847656,12.47020435333252
2017-05-31,208.3062744140625,120.62000274658203,83.58370971679688,12.334935188293457
2017-06-01,209.96278381347656,120.72000122070312,83.54552459716797,12.250391006469727
2017-06-02,210.66160583496094,121.61000061035156,83.82028198242188,12.191210746765137
2017-06-05,210.50631713867188,121.7300033569336,83.69051361083984,12.123575210571289
2017-06-06,209.83334350585938,123.0999984741211,83.85844421386719,12.208117485046387
2017-06-07,210.2215576171875,122.44999694824219,83.75920104980469,12.039031982421875
2017-06-08,210.3251495361328,121.6500015258789,83.6752700805664,12.039031982421875
2017-06-09,210.00587463378906,120.54000091552734,83.6066665649414,12.10666561126709
2017-06-12,209.96278381347656,120.36000061035156,83.6066665649414,11.996758460998535
2017-06-13,210.9894256591797,120.4800033569336,83.62945556640625,12.0474853515625
2017-06-14,210.72198486328125,119.81999969482422,83.89656829833984,11.836125373840332
2017-06-15,210.3164520263672,119.31999969482422,83.84320831298828,11.886852264404297
2017-06-16,210.3624267578125,119.33999633789062,83.89656829833984,11.937578201293945
2017-06-19,212.11375427246094,118.43000030517578,83.78208923339844,11.861489295959473
2017-06-20,210.68324279785156,118.18000030517578,83.911865234375,11.74312973022461
2017-06-21,210.6311798095703,118.5199966430664,83.92708587646484,11.616312026977539
2017-06-22,210.5358123779297,118.91999816894531,83.96524810791016,11.633221626281738
2017-06-23,210.78726196289062,119.43000030517578,83.98051452636719,11.683947563171387
2017-06-26,210.9259796142578,118.36000061035156,84.05683898925781,11.709311485290527
2017-06-27,209.2267608642578,118.80999755859375,83.80503845214844,11.844581604003906
2017-06-28,211.09938049316406,118.9000015258789,83.83551788330078,11.920670509338379
2017-06-29,209.24404907226562,118.31999969482422,83.6752700805664,11.971396446228027
2017-06-30,209.63421630859375,118.0199966430664,83.56844329833984,12.216573715209961
2017-07-03,209.98965454101562,116.08999633789062,83.4193344116211,12.343388557434082
2017-07-05,210.47515869140625,116.5199966430664,83.4652099609375,12.157392501831055
2017-07-06,208.55050659179688,116.47000122070312,83.30459594726562,12.165847778320312
2017-07-07,209.9029541015625,115.27999877929688,83.2740249633789,12.0474853515625
2017-07-10,210.12835693359375,115.47000122070312,83.312255859375,12.098212242126465
2017-07-11,209.9723358154297,115.62000274658203,83.3886947631836,12.216573715209961
2017-07-12,211.55020141601562,116.02999877929688,83.6410903930664,12.157392501831055
2017-07-13,211.90565490722656,115.81999969482422,83.5493392944336,12.148938179016113
2017-07-14,212.8939971923828,116.7699966430664,83.63345336914062,12.284207344055176
2017-07-17,212.8679656982422,117.29000091552734,83.671630859375,12.241934776306152
2017-07-18,212.98074340820312,118.11000061035156,83.86286163330078,12.29266357421875
2017-07-19,214.13380432128906,118.08000183105469,83.88578033447266,12.402568817138672
2017-07-20,214.22918701171875,118.23999786376953,83.90876770019531,12.385660171508789
2017-07-21,214.03834533691406,119.26000213623047,84.05401611328125,12.216573715209961
2017-07-24,213.98638916015625,119.30999755859375,83.97758483886719,12.241934776306152
2017-07-25,214.5065460205078,118.91999816894531,83.67932891845703,12.37720775604248
2017-07-26,214.5152130126953,119.87999725341797,83.83991241455078,12.49556827545166
2017-07-27,214.31581115722656,119.79000091552734,83.71754455566406,12.571657180786133
2017-07-28,214.06442260742188,120.69000244140625,83.88578033447266,12.639290809631348
2017-07-31,213.94305419921875,120.75,83.84752655029297,12.715381622314453
2017-08-01,214.41986083984375,120.6500015258789,84.07745361328125,12.571657180786133
2017-08-02,214.52392578125,120.4000015258789,84.01615142822266,12.597020149230957
2017-08-03,214.1077423095703,120.58999633789062,84.18470764160156,12.504021644592285
2017-08-04,214.4978790283203,119.6500015258789,84.04679870605469,12.52938461303711
2017-08-07,214.89669799804688,119.51000213623047,84.03910827636719,12.554749488830566
2017-08-08,214.36785888671875,119.86000061035156,83.96251678466797,12.563202857971191
2017-08-09,214.35919189453125,121.30999755859375,84.03910827636719,12.647747039794922
2017-08-10,211.33343505859375,122.20999908447266,84.12342071533203,12.453296661376953
2017-08-11,211.64553833007812,122.79000091552734,84.1924057006836,12.49556827545166
2017-08-14,213.74363708496094,121.91999816894531,84.15408325195312,12.385660171508789
2017-08-15,213.71763610839844,120.9800033569336,84.03145599365234,12.326481819152832
2017-08-16,214.0904083251953,121.87000274658203,84.18470764160156,12.29266357421875
2017-08-17,210.7526092529297,122.48999786376953,84.30733489990234,12.326481819152832
2017-08-18,210.4231719970703,122.30000305175781,84.25370025634766,12.546294212341309
2017-08-21,210.58786010742188,122.76000213623047,84.31501007080078,12.394116401672363
2017-08-22,212.78997802734375,122.20999908447266,84.23837280273438,12.427932739257812
2017-08-23,212.0270538330078,122.66999816894531,84.42994689941406,12.537839889526367
2017-08-24,211.5328826904297,122.29000091552734,84.32266998291016,12.52938461303711
2017-08-25,212.0270538330078,122.73999786376953,84.38397216796875,12.504021644592285
2017-08-28,212.03567504882812,124.69000244140625,84.41462707519531,12.512475967407227
2017-08-29,212.27847290039062,124.41999816894531,84.53726196289062,12.512475967407227
2017-08-30,213.2841339111328,124.36000061035156,84.52193450927734,12.419477462768555
2017-08-31,214.5673065185547,125.81999969482422,84.63680267333984,12.766108512878418
2017-09-01,214.87071228027344,126.05999755859375,84.44486999511719,12.783015251159668
2017-09-05,213.3275146484375,127.45999908447266,84.79041290283203,12.808380126953125
2017-09-06,214.05577087402344,126.80999755859375,84.69829559326172,12.935195922851562
2017-09-07,214.02969360351562,128.1300048828125,84.90559387207031,12.926740646362305
2017-09-08,213.7782745361328,127.97000122070312,84.80580139160156,12.783015251159668
2017-09-11,216.05848693847656,126.19000244140625,84.575439453125,12.808380126953125
2017-09-12,216.78672790527344,126.55999755859375,84.45256042480469,12.84219741821289
2017-09-13,216.89077758789062,125.61000061035156,84.36811828613281,12.90137767791748
2017-09-14,216.82139587402344,126.16000366210938,84.41410827636719,12.909832000732422
2017-09-15,217.11325073242188,125.52999877929688,84.39879608154297,12.969013214111328
2017-09-18,217.57505798339844,124.36000061035156,84.36038208007812,12.952103614807129
2017-09-19,217.79290771484375,124.62000274658203,84.31434631347656,12.926740646362305
2017-09-20,217.87132263183594,123.62000274658203,84.24518585205078,13.036648750305176
2017-09-21,217.2875213623047,122.68000030517578,84.2298355102539,12.985921859741211
2017-09-22,217.3311309814453,123.23999786376953,84.29129791259766,13.036648750305176
2017-09-25,216.88674926757812,124.52999877929688,84.49095153808594,13.256462097167969
2017-09-26,217.01742553710938,123.13999938964844,84.4602279663086,13.138100624084473
2017-09-27,217.86256408691406,121.9800033569336,84.21446990966797,13.087372779846191
2017-09-28,218.12396240234375,122.20999908447266,84.22221374511719,13.087372779846191
2017-09-29,218.8906707763672,121.58000183105469,84.15308380126953,13.019739151000977
2017-10-02,219.8404083251953,120.7699966430664,84.20457458496094,12.909832000732422
2017-10-03,220.31082153320312,120.83000183105469,84.27384948730469,12.918286323547363
2017-10-04,220.572265625,121.16999816894531,84.25079345703125,12.935195922851562
2017-10-05,221.87911987304688,120.5199966430664,84.21234130859375,13.0789213180542
2017-10-06,221.6265106201172,121.08999633789062,84.08917999267578,12.876014709472656
2017-10-09,221.26046752929688,122.08000183105469,84.20457458496094,12.884468078613281
2017-10-10,221.84434509277344,122.4000015258789,84.21234130859375,13.036648750305176
2017-10-11,222.19281005859375,122.79000091552734,84.22769165039062,13.062010765075684
2017-10-12,221.86167907714844,122.88999938964844,84.32774353027344,13.045103073120117
2017-10-13,222.13182067871094,123.81999969482422,84.53551483154297,13.171916961669922
2017-10-16,222.4280242919922,122.97000122070312,84.45086669921875,13.205735206604004
2017-10-17,222.58489990234375,122.12999725341797,84.4200439453125,13.188826560974121
2017-10-18,222.8026885986328,121.66999816894531,84.28924560546875,13.180373191833496
2017-10-19,222.8637237548828,122.38999938964844,84.35081481933594,13.12119197845459
2017-10-20,224.0137481689453,121.61000061035156,84.10460662841797,13.188826560974121
2017-10-23,223.14247131347656,121.80000305175781,84.19691467285156,13.188826560974121
2017-10-24,223.53456115722656,121.33000183105469,84.01994323730469,13.324095726013184
2017-10-25,222.4280242919922,121.3499984741211,83.96611785888672,13.341005325317383
2017-10-26,222.71554565429688,120.33000183105469,83.8737564086914,13.400186538696289
2017-10-27,224.53659057617188,120.9000015258789,84.05840301513672,13.46782112121582
2017-10-30,223.70010375976562,121.12999725341797,84.28924560546875,13.501639366149902
2017-10-31,224.0486297607422,120.66999816894531,84.23542022705078,13.535456657409668
2017-11-01,224.34486389160156,121.11000061035156,84.27240753173828,13.54391098022461
2017-11-02,224.43199157714844,121.19000244140625,84.31866455078125,13.62845516204834
2017-11-03,225.1813201904297,120.62000274658203,84.39579772949219,13.712997436523438
2017-11-06,225.52976989746094,121.6500015258789,84.472900390625,13.975082397460938
2017-11-07,225.37295532226562,121.20999908447266,84.4959945678711,13.890539169311523
2017-11-08,225.75631713867188,121.62999725341797,84.44204711914062,13.8651762008667
2017-11-09,224.9373321533203,122.12999725341797,84.38037872314453,13.890539169311523
2017-11-10,224.8675994873047,121.12999725341797,84.04109954833984,13.8651762008667
2017-11-13,225.07672119140625,121.30999755859375,84.04109954833984,13.822905540466309
2017-11-14,224.553955078125,121.55999755859375,84.12589263916016,13.636906623840332
2017-11-15,223.4300537109375,121.41000366210938,84.28784942626953,13.619999885559082
2017-11-16,225.3294219970703,121.4000015258789,84.19532775878906,13.577726364135742
2017-11-17,224.66722106933594,122.86000061035156,84.28784942626953,13.797541618347168
2017-11-20,225.05059814453125,121.30999755859375,84.24156188964844,13.68763542175293
2017-11-21,226.52304077148438,121.51000213623047,84.3263931274414,13.780632019042969
2017-11-22,226.32266235351562,122.62999725341797,84.472900390625,13.856721878051758
2017-11-24,226.84539794921875,122.31999969482422,84.45744323730469,13.898995399475098
2017-11-27,226.73216247558594,122.83000183105469,84.45744323730469,13.87363052368164
2017-11-28,229.03236389160156,122.80999755859375,84.45744323730469,13.81445026397705
2017-11-29,228.8928985595703,122.04000091552734,84.24929809570312,13.721451759338379
2017-11-30,230.8968505859375,121.0999984741211,84.1104736328125,13.662272453308105
2017-12-01,230.41761779785156,121.58999633789062,84.35079956054688,13.780632019042969
2017-12-04,230.13888549804688,121.18000030517578,84.34305572509766,13.611546516418457
2017-12-05,229.3111114501953,120.31999969482422,84.42807006835938,13.611546516418457
2017-12-06,229.35470581054688,120.06999969482422,84.51312255859375,13.38327693939209
2017-12-07,230.07786560058594,118.48999786376953,84.40489959716797,13.42554759979248
2017-12-08,231.33251953125,118.4800033569336,84.37400817871094,13.493183135986328
2017-12-11,232.029541015625,118.01000213623047,84.34305572509766,13.52700138092041
2017-12-12,232.43899536132812,118.1500015258789,84.3044662475586,13.408639907836914
2017-12-13,232.41290283203125,119.16999816894531,84.54397583007812,13.34946060180664
2017-12-14,231.46315002441406,118.93000030517578,84.5671615600586,13.391732215881348
2017-12-15,233.39073181152344,119.18000030517578,84.59038543701172,13.391732215881348
2017-12-18,234.87071228027344,119.7300033569336,84.48214721679688,13.450912475585938
2017-12-19,233.9685821533203,119.81999969482422,84.23493194580078,13.55236530303955
2017-12-20,233.8460235595703,120.13999938964844,84.0417251586914,13.62845516204834
2017-12-21,234.32765197753906,120.30999755859375,84.11590576171875,13.636906623840332
2017-12-22,234.2664337158203,120.94000244140625,84.154541015625,13.696088790893555
2017-12-26,233.98619079589844,121.7699966430664,84.2240982055664,13.898995399475098
2017-12-27,234.1000213623047,122.2300033569336,84.48694610595703,13.932811737060547
2017-12-28,234.58164978027344,122.8499984741211,84.42512512207031,14.000447273254395
2017-12-29,233.6971893310547,123.6500015258789,84.5101089477539,14.042719841003418
2018-01-02,235.36984252929688,125.1500015258789,84.38645935058594,14.110353469848633
2018-01-03,236.8585205078125,124.81999969482422,84.3941421508789,14.19489860534668
2018-01-04,237.85687255859375,125.45999908447266,84.34005737304688,14.17798900604248
2018-01-05,239.4419708251953,125.33000183105469,84.28595733642578,14.1272611618042
2018-01-08,239.87979125976562,125.30999755859375,84.26277923583984,14.118807792663574
2018-01-09,240.4227752685547,124.7300033569336,84.03089904785156,14.21180534362793
2018-01-10,240.05503845214844,125.02999877929688,84.03089904785156,14.262532234191895
2018-01-11,241.80638122558594,125.44000244140625,84.06954193115234,14.25407886505127
2018-01-12,243.38278198242188,126.95999908447266,84.05406951904297,14.347074508666992
2018-01-16,242.55079650878906,127.16999816894531,84.0772705078125,14.279439926147461
2018-01-17,244.86273193359375,126.13999938964844,83.9845199584961,14.296348571777344
2018-01-18,244.45120239257812,125.86000061035156,83.7989730834961,14.296348571777344
2018-01-19,245.56336975097656,126.41999816894531,83.6212158203125,14.270987510681152
2018-01-22,247.5599365234375,126.6500015258789,83.59028625488281,14.304805755615234
2018-01-23,248.0854034423828,127.27999877929688,83.79126739501953,14.406257629394531
2018-01-24,247.98916625976562,128.8300018310547,83.70624542236328,14.558433532714844
2018-01-25,248.0941619873047,127.97000122070312,83.92266845703125,14.473892211914062
2018-01-26,250.96652221679688,128.07000732421875,83.76807403564453,14.5837984085083
2018-01-29,249.30267333984375,127.3499984741211,83.6212158203125,14.541528701782227
2018-01-30,246.7455596923828,126.80000305175781,83.48979187011719,14.44007396697998
2018-01-31,246.86813354492188,127.6500015258789,83.55937957763672,14.45698356628418
2018-02-01,246.58790588378906,128.07000732421875,83.29749298095703,14.6007080078125
2018-02-02,241.21975708007812,126.38999938964844,83.04963684082031,14.363985061645508
2018-02-05,231.13128662109375,126.70999908447266,83.38272857666016,14.228713989257812
2018-02-06,235.68507385253906,125.37999725341797,83.14257049560547,14.144171714782715
2018-02-07,234.4065399169922,124.79000091552734,82.95664978027344,13.983539581298828
2018-02-08,225.6142120361328,124.9800033569336,82.81717681884766,13.839814186096191
2018-02-09,229.00328063964844,124.7699966430664,82.7087631225586,13.636906623840332
2018-02-12,232.36607360839844,125.37000274658203,82.73196411132812,13.721451759338379
2018-02-13,232.9440155029297,126.08000183105469,82.75520324707031,13.74681568145752
2018-02-14,236.08795166015625,128.22999572753906,82.476318359375,13.958174705505371
2018-02-15,239.1004180908203,128.3800048828125,82.57706451416016,13.983539581298828
2018-02-16,239.17042541503906,127.95999908447266,82.7397232055664,14.008899688720703
2018-02-20,237.67294311523438,126.23999786376953,82.6545181274414,14.051173210144043
2018-02-21,236.4907684326172,125.66000366210938,82.39109802246094,14.03426456451416
2018-02-22,236.79722595214844,126.30000305175781,82.39884185791016,14.161080360412598
2018-02-23,240.5716094970703,126.13999938964844,82.60806274414062,14.25407886505127
2018-02-26,243.36524963378906,126.44999694824219,82.66996765136719,14.330168724060059
2018-02-27,240.32643127441406,125.12999725341797,82.49183654785156,14.186443328857422
2018-02-28,237.8919219970703,125.0,82.71649169921875,14.03426456451416
2018-03-01,234.4327850341797,124.72000122070312,82.79026794433594,14.059627532958984
2018-03-02,235.6412811279297,125.38999938964844,82.65821838378906,14.059627532958984
2018-03-05,238.36485290527344,125.18000030517578,82.61164855957031,14.144171714782715
2018-03-06,238.96913146972656,126.52999877929688,82.6271743774414,14.19489860534668
2018-03-07,238.8815155029297,125.72000122070312,82.61164855957031,14.042719841003418
2018-03-08,240.0374298095703,125.41999816894531,82.74364471435547,13.958174705505371
2018-03-09,244.21473693847656,125.54000091552734,82.58836364746094,14.09344482421875
2018-03-12,243.90811157226562,125.54000091552734,82.63496398925781,14.06808090209961
2018-03-13,242.33187866210938,125.77999877929688,82.74364471435547,14.025810241699219
2018-03-14,241.0883331298828,125.69999694824219,82.88343811035156,14.025810241699219
2018-03-15,240.82559204101562,124.9000015258789,82.89117431640625,14.017355918884277
2018-03-16,241.08677673339844,124.5999984741211,82.84461975097656,14.06808090209961
2018-03-19,237.82479858398438,124.87000274658203,82.75922393798828,13.975082397460938
2018-03-20,238.22921752929688,124.30999755859375,82.6271743774414,14.06808090209961
2018-03-21,237.77206420898438,126.4800033569336,82.61945343017578,14.3217134475708
2018-03-22,231.82839965820312,125.9800033569336,82.77470397949219,14.21180534362793
2018-03-23,226.88705444335938,127.61000061035156,82.77470397949219,14.338622093200684
2018-03-26,233.0944366455078,128.27999877929688,82.74364471435547,14.347074508666992
2018-03-27,229.12913513183594,127.48999786376953,82.9843521118164,14.287894248962402
2018-03-28,228.45211791992188,125.7300033569336,83.03095245361328,14.228713989257812
2018-03-29,231.37118530273438,125.79000091552734,83.27162170410156,14.35552978515625
2018-04-02,226.3771209716797,127.26000213623047,83.18834686279297,14.161080360412598
2018-04-03,229.27865600585938,126.30000305175781,83.09498596191406,14.23716926574707
2018-04-04,231.731689453125,126.44999694824219,83.12608337402344,14.17798900604248
2018-04-05,233.56048583984375,125.80000305175781,83.00936126708984,14.245622634887695
2018-04-06,228.3554229736328,126.38999938964844,83.19615173339844,14.144171714782715
2018-04-09,229.48086547851562,126.81999969482422,83.26619720458984,14.3217134475708
2018-04-10,233.1296844482422,127.12000274658203,83.20390319824219,14.566890716552734
2018-04-11,231.90756225585938,128.11000061035156,83.27399444580078,14.676796913146973
2018-04-12,233.81544494628906,126.62000274658203,83.08720397949219,14.617615699768066
2018-04-13,233.1296844482422,127.44999694824219,83.11055755615234,14.62607192993164
2018-04-16,235.04644775390625,127.62999725341797,83.12608337402344,14.575345039367676
2018-04-17,237.5609893798828,127.75,83.14947509765625,14.5837984085083
2018-04-18,237.73690795898438,127.8499984741211,82.9159927368164,14.854338645935059
2018-04-19,236.41799926757812,127.5999984741211,82.71366882324219,14.795157432556152
2018-04-20,234.41336059570312,126.62999725341797,82.48800659179688,14.769793510437012
2018-04-23,234.37820434570312,125.62000274658203,82.44908905029297,14.76133918762207
2018-04-24,231.2217559814453,126.2300033569336,82.34009552001953,14.685251235961914
2018-04-25,231.79324340820312,125.41000366210938,82.2311782836914,14.710613250732422
2018-04-26,234.1496124267578,124.97000122070312,82.37128448486328,14.786704063415527
2018-04-27,234.36940002441406,125.5,82.47245025634766,14.77824878692627
2018-04-30,232.56695556640625,124.58999633789062,82.48800659179688,14.845884323120117
2018-05-01,232.98023986816406,123.70999908447266,82.41777801513672,14.76133918762207
2018-05-02,231.41519165039062,123.6500015258789,82.41777801513672,14.76133918762207
2018-05-03,230.90513610839844,124.27999877929688,82.51139068603516,14.854338645935059
2018-05-04,233.8945770263672,124.54000091552734,82.56600189208984,14.955792427062988
2018-05-07,234.68594360351562,124.56999969482422,82.5269775390625,14.94733715057373
2018-05-08,234.68594360351562,124.58999633789062,82.43343353271484,14.989607810974121
2018-05-09,236.9542999267578,124.33000183105469,82.33980560302734,15.1248779296875
2018-05-10,239.1699676513672,125.18000030517578,82.5269775390625,15.200966835021973
2018-05-11,239.89976501464844,125.0,82.56600189208984,15.107973098754883
2018-05-14,240.01402282714844,124.48999786376953,82.48800659179688,15.217877388000488
2018-05-15,238.36106872558594,122.4800033569336,82.12144470214844,15.234786987304688
2018-05-16,239.36351013183594,122.29000091552734,82.02781677246094,15.319329261779785
2018-05-17,239.16122436523438,122.36000061035156,81.91859436035156,15.336235046386719
2018-05-18,238.5633544921875,122.41000366210938,82.12919616699219,15.344693183898926
2018-05-21,240.35696411132812,122.4800033569336,82.13700866699219,15.463053703308105
2018-05-22,239.6887664794922,122.41000366210938,82.13700866699219,15.479961395263672
2018-05-23,240.34817504882812,122.54000091552734,82.36321258544922,15.564506530761719
2018-05-24,239.8557891845703,123.58999633789062,82.58941650390625,15.463053703308105
2018-05-25,239.28431701660156,123.20999908447266,82.76879119873047,15.234786987304688
2018-05-29,236.53225708007812,123.19000244140625,83.31475067138672,15.09106159210205
2018-05-30,239.6887664794922,123.37000274658203,83.10417175292969,15.285512924194336
2018-05-31,238.22044372558594,123.0999984741211,83.03392791748047,15.243240356445312
2018-06-01,240.5592498779297,122.48999786376953,82.93152618408203,15.1417875289917
2018-06-04,241.70217895507812,122.37000274658203,82.736083984375,14.964247703552246
2018-06-05,241.87814331054688,122.8499984741211,82.79867553710938,14.989607810974121
2018-06-06,243.90029907226562,122.91999816894531,82.61101531982422,15.040335655212402
2018-06-07,243.87393188476562,122.86000061035156,82.79078674316406,15.099514961242676
2018-06-08,244.5948944091797,123.01000213623047,82.6735610961914,15.09106159210205
2018-06-11,244.920166015625,123.2300033569336,82.58756256103516,15.08260726928711
2018-06-12,245.2367401123047,122.81999969482422,82.61101531982422,15.074152946472168
2018-06-13,244.45419311523438,123.19000244140625,82.53282928466797,15.133333206176758
2018-06-14,245.06964111328125,123.37999725341797,82.74390411376953,14.964247703552246
2018-06-15,244.7571258544922,121.33999633789062,82.77519226074219,14.6007080078125
2018-06-18,244.25360107421875,121.11000061035156,82.79078674316406,14.727523803710938
2018-06-19,243.31748962402344,120.80000305175781,82.87682342529297,14.575345039367676
2018-06-20,243.73252868652344,120.26000213623047,82.72045135498047,14.558433532714844
2018-06-21,242.2046356201172,120.05000305175781,82.74390411376953,14.448529243469238
2018-06-22,242.6461944580078,120.33999633789062,82.82211303710938,14.735978126525879
2018-06-25,239.34312438964844,119.88999938964844,82.77519226074219,14.566890716552734
2018-06-26,239.87303161621094,119.26000213623047,82.90808868408203,14.710613250732422
2018-06-27,237.88592529296875,118.58000183105469,83.05662536621094,14.786704063415527
2018-06-28,239.2460174560547,118.22000122070312,83.04883575439453,14.77824878692627
2018-06-29,239.5904541015625,118.6500015258789,83.11918640136719,14.94733715057373
2018-07-02,240.1026611328125,117.45999908447266,83.0400161743164,14.63452434539795
2018-07-03,239.25482177734375,118.6500015258789,83.21240997314453,14.617615699768066
2018-07-05,241.2065887451172,119.05000305175781,83.2907485961914,14.70215892791748
2018-07-06,243.24685668945312,118.86000061035156,83.37693786621094,14.769793510437012
2018-07-09,245.43710327148438,119.1500015258789,83.298583984375,14.845884323120117
2018-07-10,246.32028198242188,118.93000030517578,83.23591613769531,14.812067985534668
2018-07-11,244.51853942871094,117.63999938964844,83.26726531982422,14.296348571777344
2018-07-12,246.73538208007812,118.12999725341797,83.36912536621094,14.37243938446045
2018-07-13,246.92965698242188,117.61000061035156,83.44742584228516,14.39780330657959
2018-07-16,246.70892333984375,117.55000305175781,83.35343933105469,14.09344482421875
2018-07-17,247.70693969726562,116.27999877929688,83.32208251953125,14.110353469848633
2018-07-18,248.2279815673828,116.30999755859375,83.298583984375,14.23716926574707
2018-07-19,247.2917938232422,115.80999755859375,83.4239501953125,14.220260620117188
2018-07-20,247.00914001464844,116.55999755859375,83.2593994140625,14.3217134475708
2018-07-23,247.46839904785156,116.0,82.96949768066406,14.37243938446045
2018-07-24,248.71371459960938,116.04000091552734,83.08702087402344,14.448529243469238
2018-07-25,250.83340454101562,116.68000030517578,83.09486389160156,14.64297866821289
2018-07-26,250.2416534423828,115.7699966430664,83.04788970947266,14.64297866821289
2018-07-27,248.54595947265625,115.83000183105469,83.11055755615234,14.5837984085083
2018-07-30,247.24769592285156,115.6500015258789,83.02437591552734,14.668342590332031
2018-07-31,248.4663543701172,115.98999786376953,83.09486389160156,14.5837984085083
2018-08-01,248.0513153076172,115.13999938964844,83.00928497314453,14.37243938446045
2018-08-02,249.4026641845703,114.5199966430664,83.04066467285156,14.45698356628418
2018-08-03,250.4712371826172,114.91999816894531,83.22134399414062,14.507709503173828
2018-08-06,251.3897705078125,114.33000183105469,83.27630615234375,14.533071517944336
2018-08-07,252.22003173828125,114.58999633789062,83.1270980834961,14.64297866821289
2018-08-08,252.1139373779297,114.91000366210938,83.1270980834961,14.465438842773438
2018-08-09,251.76954650878906,114.73999786376953,83.24488830566406,14.406257629394531
2018-08-10,250.08265686035156,114.69000244140625,83.42556762695312,14.406257629394531
2018-08-13,249.14646911621094,112.95999908447266,83.47264099121094,14.330168724060059
2018-08-14,250.73626708984375,113.06999969482422,83.39409637451172,14.35552978515625
2018-08-15,248.86386108398438,111.19000244140625,83.51193237304688,14.042719841003418
2018-08-16,250.87750244140625,111.0999984741211,83.55899810791016,14.15262508392334
2018-08-17,251.7607879638672,112.12999725341797,83.6061019897461,14.21180534362793
2018-08-20,252.2994384765625,112.69000244140625,83.77105712890625,14.23716926574707
2018-08-21,252.89112854003906,113.0199966430664,83.70040893554688,14.262532234191895
2018-08-22,252.74102783203125,113.2699966430664,83.77105712890625,14.465438842773438
2018-08-23,252.40545654296875,112.19999694824219,83.72395324707031,14.44007396697998
2018-08-24,253.9245147705078,114.16000366210938,83.81819152832031,14.549979209899902
2018-08-27,255.92935180664062,114.58999633789062,83.70826721191406,14.6007080078125
2018-08-28,256.0531005859375,113.68000030517578,83.55116271972656,14.541528701782227
2018-08-29,257.4307556152344,114.19999694824219,83.53545379638672,14.70215892791748
2018-08-30,256.38861083984375,113.63999938964844,83.5747299194336,14.676796913146973
2018-08-31,256.3974609375,113.51000213623047,83.56689453125,14.693704605102539
2018-09-04,255.955810546875,112.93000030517578,83.47398376464844,14.609163284301758
2018-09-05,255.26702880859375,113.31999969482422,83.4346694946289,14.549979209899902
2018-09-06,254.49856567382812,113.54000091552734,83.57630920410156,14.465438842773438
2018-09-07,254.00396728515625,113.2300033569336,83.27721405029297,14.49925422668457
2018-09-10,254.4456329345703,113.1500015258789,83.35592651367188,14.549979209899902
2018-09-11,255.2846221923828,113.22000122070312,83.21426391601562,14.693704605102539
2018-09-12,255.3463897705078,114.16999816894531,83.26936340332031,14.795157432556152
2018-09-13,256.856689453125,113.76000213623047,83.324462890625,14.63452434539795
2018-09-14,256.9008483886719,113.0199966430664,83.16705322265625,14.541528701782227
2018-09-17,255.54078674316406,113.61000061035156,83.16705322265625,14.524618148803711
2018-09-18,256.9273376464844,113.44000244140625,82.98600006103516,14.65988826751709
2018-09-19,257.2011413574219,113.87999725341797,82.82862091064453,14.752887725830078
2018-09-20,259.2854309082031,114.2699966430664,82.93880462646484,14.752887725830078
2018-09-21,259.04852294921875,113.48999786376953,83.00176239013672,14.786704063415527
2018-09-24,258.18798828125,113.47000122070312,82.92304229736328,15.00651741027832
2018-09-25,257.9484558105469,113.6500015258789,82.88370513916016,15.040335655212402
2018-09-26,257.1766357421875,113.05000305175781,83.08047485351562,14.972699165344238
2018-09-27,257.89532470703125,112.05000305175781,83.13558959960938,15.040335655212402
2018-09-28,257.9218444824219,112.76000213623047,83.04898834228516,15.192512512207031
2018-10-01,258.8179626464844,112.56999969482422,83.02689361572266,15.479961395263672
2018-10-02,258.6670837402344,113.87000274658203,83.12157440185547,15.530689239501953
2018-10-03,258.8089599609375,113.41999816894531,82.72708129882812,15.674412727355957
2018-10-04,256.78631591796875,113.4800033569336,82.49044036865234,15.505325317382812
2018-10-05,255.3489990234375,113.80000305175781,82.30896759033203,15.47150707244873
2018-10-08,255.3489990234375,112.54000091552734,82.27739715576172,15.429238319396973
2018-10-09,254.9762725830078,112.5999984741211,82.39573669433594,15.539141654968262
2018-10-10,246.90306091308594,112.87999725341797,82.37210845947266,15.234786987304688
2018-10-11,241.4646453857422,115.77999877929688,82.61663818359375,15.00651741027832
2018-10-12,244.81813049316406,115.2300033569336,82.64034271240234,15.1248779296875
2018-10-15,243.44300842285156,116.0,82.5851058959961,15.158696174621582
2018-10-16,248.76609802246094,115.80000305175781,82.63243103027344,15.226332664489746
2018-10-17,248.81045532226562,115.79000091552734,82.46676635742188,15.09106159210205
2018-10-18,245.21737670898438,115.91999816894531,82.41153717041016,14.921972274780273
2018-10-19,245.08425903320312,116.01000213623047,82.34053039550781,15.00651741027832
2018-10-22,243.9841766357422,115.70999908447266,82.32476806640625,15.023427963256836
2018-10-23,242.7421112060547,116.38999938964844,82.42730712890625,14.693704605102539
2018-10-24,235.38734436035156,116.66000366210938,82.64034271240234,14.592252731323242
2018-10-25,239.61044311523438,116.4000015258789,82.56934356689453,14.651432991027832
2018-10-26,235.3962860107422,116.7699966430664,82.75868225097656,14.76133918762207
2018-10-29,234.0920867919922,116.30999755859375,82.67186737060547,14.609163284301758
2018-10-30,237.56106567382812,115.80000305175781,82.55355834960938,14.533071517944336
2018-10-31,240.09832763671875,115.1500015258789,82.51410675048828,14.338622093200684
2018-11-01,242.6534881591797,116.62999725341797,82.72260284423828,14.23716926574707
2018-11-02,241.21615600585938,116.6500015258789,82.47681427001953,14.203351974487305
2018-11-05,242.5469512939453,116.37000274658203,82.53236389160156,14.19489860534668
2018-11-06,244.08177185058594,116.04000091552734,82.540283203125,14.13571548461914
2018-11-07,249.3073272705078,116.02999877929688,82.61160278320312,14.101900100708008
2018-11-08,248.8548126220703,115.77999877929688,82.46098327636719,14.017355918884277
2018-11-09,246.4239959716797,114.4800033569336,82.56402587890625,13.8651762008667
2018-11-12,241.81951904296875,113.66000366210938,82.69880676269531,13.83135986328125
2018-11-13,241.36697387695312,113.69999694824219,82.73055267333984,13.450912475585938
2018-11-14,239.71688842773438,114.63999938964844,82.7385025024414,13.5692720413208
2018-11-15,242.21865844726562,114.7699966430664,82.8415298461914,13.54391098022461
2018-11-16,242.84864807128906,115.62000274658203,82.9763412475586,13.62845516204834
2018-11-19,238.74090576171875,115.66999816894531,82.96841430664062,13.62845516204834
2018-11-20,234.3227081298828,115.66999816894531,82.93668365478516,13.214190483093262
2018-11-21,235.12124633789062,115.86000061035156,82.99217987060547,13.324095726013184
2018-11-23,233.55093383789062,115.7699966430664,82.96841430664062,12.935195922851562
2018-11-26,237.3214569091797,115.63999938964844,82.9525375366211,12.994376182556152
2018-11-27,238.11993408203125,114.94999694824219,82.9763412475586,12.943649291992188
2018-11-28,243.60267639160156,115.37999725341797,83.13484954833984,12.90137767791748
2018-11-29,243.0703582763672,115.73999786376953,83.17449951171875,12.985921859741211
2018-11-30,244.5518798828125,115.54000091552734,83.15069580078125,12.926740646362305
2018-12-03,247.79019165039062,116.41000366210938,83.2866439819336,13.22264289855957
2018-12-04,239.7611541748047,117.12000274658203,83.50918579101562,13.231098175048828
2018-12-06,239.39743041992188,117.13999938964844,83.71575927734375,13.12119197845459
2018-12-07,233.83485412597656,118.08999633789062,83.82703399658203,13.273370742797852
2018-12-10,234.2784423828125,117.68000030517578,83.88267517089844,13.062010765075684
2018-12-11,234.33160400390625,117.54000091552734,83.9065170288086,13.138100624084473
2018-12-12,235.5115966796875,117.79000091552734,83.84294891357422,13.09582805633545
2018-12-13,235.4318389892578,117.52999877929688,83.86679077148438,13.264914512634277
2018-12-14,231.08457946777344,117.05999755859375,83.89057922363281,13.062010765075684
2018-12-17,226.55104064941406,117.87000274658203,84.03366088867188,12.909832000732422
2018-12-18,226.3026123046875,118.1500015258789,84.28047943115234,12.639290809631348
2018-12-19,222.91360473632812,117.43000030517578,84.3601303100586,12.690018653869629
2018-12-20,219.2849884033203,119.23999786376953,84.28047943115234,12.571657180786133
2018-12-21,214.7919921875,118.72000122070312,84.24069213867188,12.461750030517578
2018-12-24,209.11656188964844,120.0199966430664,84.29642486572266,12.323866844177246
2018-12-26,219.68211364746094,119.66000366210938,84.13719177246094,12.597921371459961
2018-12-27,221.36866760253906,120.56999969482422,84.27253723144531,12.478022575378418
2018-12-28,221.0831298828125,121.05999755859375,84.58311462402344,12.375251770019531
2018-12-31,223.01956176757812,121.25,84.79812622070312,12.40950870513916
2019-01-02,223.25157165527344,121.33000183105469,84.86181640625,12.443764686584473
2019-01-03,217.92417907714844,122.43000030517578,85.21216583251953,12.54653549194336
2019-01-04,225.22369384765625,121.44000244140625,84.9573745727539,12.717820167541504
2019-01-07,226.99952697753906,121.86000061035156,84.81403350830078,12.812026023864746
2019-01-08,229.13226318359375,121.52999877929688,84.75035095214844,12.9404878616333
2019-01-09,230.20303344726562,122.30999755859375,84.82199096679688,13.197413444519043
2019-01-10,231.01515197753906,121.58999633789062,84.72644805908203,13.163158416748047
2019-01-11,231.10435485839844,121.80000305175781,84.84589385986328,13.120336532592773
2019-01-14,229.69439697265625,122.08999633789062,84.72644805908203,13.009002685546875
2019-01-15,232.326904296875,121.87999725341797,84.74236297607422,13.111772537231445
2019-01-16,232.8891143798828,122.2699966430664,84.81403350830078,13.180285453796387
2019-01-17,234.65599060058594,122.11000061035156,84.75035095214844,13.188849449157715
2019-01-18,237.77932739257812,121.0199966430664,84.68663024902344,13.325876235961914
2019-01-22,234.56674194335938,121.44999694824219,84.75823974609375,13.231671333312988
2019-01-23,235.05752563476562,121.27999877929688,84.84589385986328,13.214543342590332
2019-01-24,235.18247985839844,121.08999633789062,84.98924255371094,13.248800277709961
2019-01-25,237.1724853515625,122.86000061035156,84.94939422607422,13.317313194274902
2019-01-28,235.3699188232422,123.29000091552734,84.90164184570312,13.13746452331543
2019-01-29,235.05752563476562,123.9800033569336,85.12458038330078,13.2659273147583
2019-01-30,238.77865600585938,124.69000244140625,85.31570434570312,13.36013412475586
2019-01-31,240.8757781982422,124.75,85.57051849365234,13.291621208190918
2019-02-01,240.99171447753906,124.5,85.39330291748047,13.411519050598145
2019-02-04,242.68727111816406,123.95999908447266,85.32146453857422,13.420083999633789
2019-02-05,243.70458984375,124.27999877929688,85.50505065917969,13.36013412475586
2019-02-06,243.38331604003906,123.44000244140625,85.4571533203125,13.377262115478516
2019-02-07,241.06317138671875,123.73999786376953,85.49708557128906,13.248800277709961
2019-02-08,241.35760498046875,124.20999908447266,85.68862915039062,13.2659273147583
2019-02-11,241.49148559570312,123.5999984741211,85.60084533691406,13.188849449157715
2019-02-12,244.59689331054688,123.86000061035156,85.61680603027344,13.2659273147583
2019-02-13,245.3911590576172,123.37000274658203,85.46513366699219,13.343005180358887
2019-02-14,244.84681701660156,124.05999755859375,85.59284973144531,13.377262115478516
2019-02-15,247.5149383544922,124.80000305175781,85.65674591064453,13.62562370300293
2019-02-19,247.9432830810547,126.69999694824219,85.70464324951172,13.659880638122559
2019-02-20,248.4430389404297,126.4800033569336,85.71265411376953,13.702701568603516
2019-02-21,247.55955505371094,125.05000305175781,85.52102661132812,13.745521545410156
2019-02-22,249.09451293945312,125.5,85.73661041259766,13.779779434204102
2019-02-25,249.4335174560547,125.37000274658203,85.71265411376953,13.574238777160645
2019-02-26,249.25511169433594,125.58000183105469,85.80841827392578,13.634186744689941
2019-02-27,249.14804077148438,124.69000244140625,85.62479400634766,13.702701568603516
2019-02-28,248.68394470214844,123.98999786376953,85.4731216430664,13.668444633483887
2019-03-01,250.23667907714844,121.87999725341797,85.33472442626953,13.514288902282715
2019-03-04,249.326416015625,121.55999755859375,85.43875122070312,13.557109832763672
2019-03-05,248.9873809814453,121.72000122070312,85.49474334716797,13.62562370300293
2019-03-06,247.479248046875,121.61000061035156,85.62279510498047,13.54854679107666
2019-03-07,245.40895080566406,121.51000213623047,85.86286926269531,13.514288902282715
2019-03-08,244.9181365966797,122.83999633789062,85.97489929199219,13.505725860595703
2019-03-11,248.46975708007812,122.23999786376953,85.98294067382812,13.52285385131836
2019-03-12,249.40679931640625,122.9800033569336,86.14299011230469,13.608495712280273
2019-03-13,251.0576629638672,123.83999633789062,86.10296630859375,13.694137573242188
2019-03-14,250.8970489501953,122.41000366210938,85.97489929199219,13.634186744689941
2019-03-15,252.13661193847656,122.97000122070312,86.19097900390625,13.634186744689941
2019-03-18,253.0508270263672,123.04000091552734,86.17500305175781,13.702701568603516
2019-03-19,253.11363220214844,123.37999725341797,86.12696838378906,13.736958503723145
2019-03-20,252.35165405273438,124.18000030517578,86.4791030883789,13.839728355407715
2019-03-21,255.20184326171875,123.68000030517578,86.49510955810547,13.771214485168457
2019-03-22,250.29017639160156,123.97000122070312,86.92723846435547,13.65131664276123
2019-03-25,250.10203552246094,124.91999816894531,87.08731079101562,13.702701568603516
2019-03-26,251.96627807617188,124.30000305175781,87.10328674316406,13.728394508361816
2019-03-27,250.64871215820312,123.6500015258789,87.28740692138672,13.65131664276123
2019-03-28,251.5988006591797,121.9000015258789,87.29541778564453,13.608495712280273
2019-03-29,253.185302734375,122.01000213623047,87.28740692138672,13.617058753967285
2019-04-01,256.1878356933594,121.52999877929688,86.88787841796875,13.745521545410156
2019-04-02,256.3134460449219,121.9800033569336,86.98417663574219,13.779779434204102
2019-04-03,256.71661376953125,121.80000305175781,86.82373046875,13.796907424926758
2019-04-04,257.3977966308594,122.11000061035156,86.88787841796875,13.805472373962402
2019-04-05,258.6436767578125,121.9800033569336,86.95206451416016,13.84829330444336
2019-04-08,258.8408508300781,122.51000213623047,86.91192626953125,13.899677276611328
2019-04-09,257.5142822265625,123.1500015258789,86.9600830078125,13.873984336853027
2019-04-10,258.3927307128906,123.52999877929688,87.12850952148438,13.993884086608887
2019-04-11,258.3210144042969,121.94999694824219,87.02423095703125,13.925371170043945
2019-04-12,260.0687561035156,121.83000183105469,86.8558120727539,13.968192100524902
2019-04-15,259.8984680175781,121.5999984741211,86.83978271484375,13.942498207092285
2019-04-16,260.0687561035156,120.51000213623047,86.68736267089844,13.89111328125
2019-04-17,259.4324035644531,120.27999877929688,86.6793212890625,13.839728355407715
2019-04-18,259.9432373046875,120.37000274658203,86.7916259765625,13.882548332214355
2019-04-22,260.16741943359375,120.37000274658203,86.68736267089844,13.95106315612793
2019-04-23,262.5067443847656,120.12000274658203,86.83978271484375,13.968192100524902
2019-04-24,261.9241027832031,120.47000122070312,87.04031372070312,13.916805267333984
2019-04-25,261.7626953125,120.56999969482422,87.03231048583984,13.89111328125
2019-04-26,262.98175048828125,121.37000274658203,87.20875549316406,13.728394508361816
2019-04-29,263.3940734863281,120.83000183105469,87.05635833740234,13.736958503723145
2019-04-30,263.5284729003906,121.19999694824219,87.11251831054688,13.779779434204102
2019-05-01,261.5476379394531,120.4000015258789,87.16878509521484,13.736958503723145
2019-05-02,260.9830627441406,119.94000244140625,86.97581481933594,13.582802772521973
2019-05-03,263.5374450683594,120.6500015258789,87.12051391601562,13.591367721557617
2019-05-06,262.4529113769531,120.80999755859375,87.23313903808594,13.634186744689941
2019-05-07,258.070068359375,121.20999908447266,87.33766174316406,13.46290397644043
2019-05-08,257.7114562988281,120.91000366210938,87.32160949707031,13.480031967163086
2019-05-09,256.9317321777344,121.19999694824219,87.36983489990234,13.411519050598145
2019-05-10,258.2223815917969,121.43000030517578,87.38591766357422,13.437211036682129
2019-05-13,251.73326110839844,122.66999816894531,87.53068542480469,13.368697166442871
2019-05-14,254.0099334716797,122.45999908447266,87.60304260253906,13.54854679107666
2019-05-15,255.49766540527344,122.38999938964844,87.75580596923828,13.668444633483887
2019-05-16,257.8639221191406,121.51000213623047,87.65129089355469,13.745521545410156
2019-05-17,256.1968078613281,120.6500015258789,87.6754150390625,13.617058753967285
2019-05-20,254.5028076171875,120.63999938964844,87.55479431152344,13.677008628845215
2019-05-21,256.79730224609375,120.36000061035156,87.5467529296875,13.685572624206543
2019-05-22,256.0085754394531,120.23999786376953,87.69149017333984,13.48859691619873
2019-05-23,252.88052368164062,121.16999816894531,87.94883728027344,13.205979347229004
2019-05-24,253.45408630371094,121.30000305175781,87.98098754882812,13.38582706451416
2019-05-28,251.0968780517578,120.83000183105469,88.10966491699219,13.497159957885742
2019-05-29,249.41180419921875,120.87000274658203,88.13375091552734,13.445775985717773
2019-05-30,250.09304809570312,121.69000244140625,88.366943359375,13.308749198913574
2019-05-31,246.72293090820312,123.33000183105469,88.77706146240234,12.957616806030273
2019-06-03,246.09556579589844,125.11000061035156,88.98664093017578,12.914795875549316
2019-06-04,251.43751525878906,125.1500015258789,88.90602111816406,12.991873741149902
2019-06-05,253.61553955078125,125.47000122070312,88.85769653320312,12.726384162902832
2019-06-06,255.26461791992188,125.87999725341797,88.8415756225586,12.949051856994629
2019-06-07,257.8191223144531,126.58999633789062,89.09143829345703,12.991873741149902
2019-06-10,259.0022277832031,125.33000183105469,88.85769653320312,12.957616806030273
2019-06-11,258.9394836425781,125.18000030517578,88.8415756225586,13.043258666992188
2019-06-12,258.4823913574219,125.83000183105469,88.95439910888672,12.863410949707031
2019-06-13,259.54901123046875,126.5999984741211,89.14787292480469,13.026130676269531
2019-06-14,259.26214599609375,126.55999755859375,89.12368774414062,13.077515602111816
2019-06-17,259.3606872558594,126.4800033569336,89.09951782226562,13.017565727233887
2019-06-18,262.0765075683594,127.12000274658203,89.3413314819336,13.171722412109375
2019-06-19,262.6680908203125,127.88999938964844,89.64762115478516,13.14603042602539
2019-06-20,265.177734375,131.11000061035156,89.80072021484375,13.411519050598145
2019-06-21,264.7922668457031,131.97999572753906,89.56700897216797,13.445775985717773
2019-06-24,264.4679260253906,133.94000244140625,89.72819519042969,13.505725860595703
2019-06-25,261.8741149902344,134.1999969482422,89.74432373046875,13.54854679107666
2019-06-26,261.6129455566406,132.97000122070312,89.54281616210938,13.617058753967285
2019-06-27,262.54052734375,132.83999633789062,89.79267120361328,13.617058753967285
2019-06-28,263.8915710449219,133.1999969482422,89.75236511230469,13.471467971801758
2019-07-01,266.287353515625,130.6199951171875,89.8186264038086,13.46290397644043
2019-07-02,266.98077392578125,133.41000366210938,89.98018646240234,13.240235328674316
2019-07-03,269.1153259277344,133.6300048828125,90.12562561035156,13.368697166442871
2019-07-05,268.8090515136719,132.13999938964844,89.74591827392578,13.394390106201172
2019-07-08,267.33203125,131.2899932861328,89.69744873046875,13.377262115478516
2019-07-09,267.665283203125,131.75,89.6732406616211,13.420083999633789
2019-07-10,268.9442443847656,133.8300018310547,89.73784637451172,13.711265563964844
2019-07-11,269.5746154785156,132.6999969482422,89.4066390991211,13.719830513000488
2019-07-12,270.78155517578125,133.52999877929688,89.50357818603516,13.754084587097168
2019-07-15,270.87158203125,133.52999877929688,89.63279724121094,13.608495712280273
2019-07-16,269.99798583984375,132.39999389648438,89.5358657836914,13.46290397644043
2019-07-17,268.16058349609375,134.5800018310547,89.77015686035156,13.343005180358887
2019-07-18,269.1424255371094,136.47999572753906,89.91551208496094,13.248800277709961
2019-07-19,267.6472473144531,134.47000122070312,89.8105697631836,13.325876235961914
2019-07-22,268.3047790527344,134.4499969482422,89.92367553710938,13.28305721282959
2019-07-23,270.2231140136719,133.69000244140625,89.8348159790039,13.368697166442871
2019-07-24,271.4930725097656,134.3699951171875,89.96402740478516,13.308749198913574
2019-07-25,270.196044921875,133.4199981689453,89.8266830444336,13.257362365722656
2019-07-26,272.00640869140625,133.63999938964844,89.84284210205078,13.274493217468262
2019-07-29,271.5110168457031,134.52999877929688,89.88325500488281,13.325876235961914
2019-07-30,270.8445739746094,134.97999572753906,89.87516784667969,13.4029541015625
2019-07-31,267.8814392089844,133.2100067138672,89.91551208496094,13.317313194274902
2019-08-01,265.5487365722656,136.41000366210938,90.62005615234375,12.949051856994629
2019-08-02,263.54931640625,135.88999938964844,90.65245819091797,12.966181755065918
2019-08-05,255.62355041503906,137.7899932861328,91.04924011230469,12.85484790802002
2019-08-06,259.2082214355469,138.91000366210938,91.29216003417969,12.786333084106445
2019-08-07,259.36126708984375,141.02000427246094,91.24359893798828,12.623614311218262
2019-08-08,264.4499206542969,141.72999572753906,91.33261108398438,12.692127227783203
2019-08-09,262.6486511230469,141.25999450683594,91.211181640625,12.803461074829102
2019-08-12,259.45135498046875,142.6300048828125,91.54320526123047,12.70925521850586
2019-08-13,263.486328125,141.77999877929688,91.41365814208984,13.009002685546875
2019-08-14,255.69561767578125,142.75,91.6970443725586,12.812026023864746
2019-08-15,256.3710632324219,143.6999969482422,92.11812591552734,12.70925521850586
2019-08-16,260.15380859375,142.77999877929688,92.04523468017578,12.700691223144531
2019-08-19,263.2880859375,141.11000061035156,91.80231475830078,12.760640144348145
2019-08-20,261.2705383300781,142.2100067138672,92.05333709716797,12.794897079467773
2019-08-21,263.396240234375,141.75999450683594,92.00477600097656,12.83771800994873
2019-08-22,263.31512451171875,141.39999389648438,91.7618408203125,12.777769088745117
2019-08-23,256.5511779785156,144.1699981689453,92.1343002319336,12.683563232421875
2019-08-26,259.3882751464844,144.19000244140625,92.09382629394531,12.67499828338623
2019-08-27,258.3704833984375,145.57000732421875,92.38530731201172,12.760640144348145
2019-08-28,260.1898498535156,145.16000366210938,92.3934555053711,12.87197494506836
2019-08-29,263.5132751464844,144.1199951171875,92.33675384521484,12.906230926513672
2019-08-30,263.396240234375,143.75,92.4177017211914,12.700691223144531
2019-09-03,261.8560791015625,145.75,92.39582061767578,12.632177352905273
2019-09-04,264.8282470703125,146.66000366210938,92.55815124511719,12.931925773620605
2019-09-05,268.23272705078125,143.13999938964844,92.16046905517578,12.914795875549316
2019-09-06,268.4397888183594,141.9199981689453,92.25782012939453,12.949051856994629
2019-09-09,268.57501220703125,141.38999938964844,91.8682861328125,13.068951606750488
2019-09-10,268.5119934082031,140.17999267578125,91.37315368652344,13.086079597473145
2019-09-11,270.42120361328125,141.02999877929688,91.38939666748047,12.991873741149902
2019-09-12,271.35797119140625,141.32000732421875,91.2433090209961,12.9404878616333
2019-09-13,271.1778869628906,140.14999389648438,90.69953155517578,12.9404878616333
2019-09-16,270.34014892578125,141.32000732421875,90.94297790527344,13.514288902282715
2019-09-17,271.0246887207031,141.60000610351562,91.0809555053711,13.257362365722656
2019-09-18,271.1868591308594,140.7100067138672,91.18650817871094,13.171722412109375
2019-09-19,271.1687927246094,141.27999877929688,91.31634521484375,13.240235328674316
2019-09-20,269.8876953125,142.9499969482422,91.64909362792969,13.257362365722656
2019-09-23,269.8242492675781,143.75,91.68968200683594,13.291621208190918
2019-09-24,267.70703125,144.50999450683594,91.94129943847656,13.13746452331543
2019-09-25,269.2905578613281,141.8300018310547,91.55984497070312,13.060386657714844
2019-09-26,268.7294616699219,141.7899932861328,91.71405792236328,13.060386657714844
2019-09-27,267.28173828125,141.05999755859375,91.82766723632812,13.009002685546875
2019-09-30,268.5213317871094,138.8699951171875,91.85202026367188,12.880538940429688
2019-10-01,265.3273620605469,139.6300048828125,92.0187759399414,12.87197494506836
2019-10-02,260.6403503417969,141.25999450683594,92.08381652832031,12.760640144348145
2019-10-03,262.7757568359375,141.89999389648438,92.44178009033203,12.743512153625488
2019-10-04,266.33160400390625,141.89999389648438,92.58818054199219,12.846282958984375
2019-10-07,265.1826171875,140.69000244140625,92.33605194091797,12.829154014587402
2019-10-08,261.0656433105469,141.9199981689453,92.36859130859375,12.820589065551758
2019-10-09,263.54486083984375,142.0500030517578,92.31976318359375,12.85484790802002
2019-10-10,265.3273620605469,140.80999755859375,92.00255584716797,12.9404878616333
2019-10-11,268.0780029296875,140.02999877929688,91.70153045654297,13.094643592834473
2019-10-14,267.7794494628906,140.58999633789062,91.8560791015625,13.034695625305176
2019-10-15,270.43048095703125,139.61000061035156,91.55509185791016,13.000438690185547
2019-10-16,269.99615478515625,140.41000366210938,91.71780395507812,13.017565727233887
2019-10-17,270.7923278808594,140.61000061035156,91.69337463378906,13.068951606750488
2019-10-18,269.6071472167969,140.4600067138672,91.75845336914062,13.060386657714844
2019-10-21,271.43475341796875,139.7899932861328,91.50627899169922,13.043258666992188
2019-10-22,270.548095703125,140.1999969482422,91.64459228515625,13.060386657714844
2019-10-23,271.33526611328125,140.52999877929688,91.71780395507812,13.223105430603027
2019-10-24,271.7786560058594,141.52999877929688,91.7422103881836,13.291621208190918
2019-10-25,272.8916320800781,141.86000061035156,91.61202239990234,13.368697166442871
2019-10-28,274.4297180175781,140.63999938964844,91.41680908203125,13.317313194274902
2019-10-29,274.3483581542969,140.25,91.42496490478516,13.291621208190918
2019-10-30,275.18988037109375,141.02000427246094,91.68526458740234,13.205979347229004
2019-10-31,274.4568786621094,142.42999267578125,92.04319763183594,13.128900527954102
2019-11-01,276.9993896484375,142.55999755859375,92.06844329833984,13.368697166442871
2019-11-04,278.1124267578125,142.14999389648438,91.84017181396484,13.454339027404785
2019-11-05,277.80474853515625,139.85000610351562,91.49778747558594,13.48859691619873
2019-11-06,277.8680114746094,140.4499969482422,91.6363525390625,13.343005180358887
2019-11-07,278.84527587890625,138.27000427246094,91.20428466796875,13.334441184997559
2019-11-08,279.5329284667969,137.38999938964844,91.15533447265625,13.368697166442871
2019-11-11,278.9991455078125,137.05999755859375,91.1716537475586,13.28305721282959
2019-11-12,279.5873107910156,137.42999267578125,91.26945495605469,13.291621208190918
2019-11-13,279.677734375,137.97999572753906,91.43254089355469,13.317313194274902
2019-11-14,280.0848083496094,138.55999755859375,91.69342041015625,13.274493217468262
2019-11-15,282.111572265625,138.2100067138672,91.6445083618164,13.343005180358887
2019-11-18,282.3197326660156,138.6199951171875,91.81572723388672,13.205979347229004
2019-11-19,282.23834228515625,138.69000244140625,91.88093566894531,13.086079597473145
2019-11-20,281.1887512207031,138.75999450683594,92.10108947753906,13.257362365722656
2019-11-21,280.7362976074219,138.0,91.97061920166016,13.377262115478516
2019-11-22,281.3606262207031,137.74000549316406,92.01953887939453,13.368697166442871
2019-11-25,283.541259765625,137.0800018310547,92.10923767089844,13.368697166442871
2019-11-26,284.18365478515625,137.74000549316406,92.23966217041016,13.445775985717773
2019-11-27,285.45037841796875,137.00999450683594,92.12552642822266,13.377262115478516
2019-11-29,284.3917236328125,137.86000061035156,92.01139068603516,13.111772537231445
2019-12-02,281.9759521484375,137.7899932861328,91.91006469726562,13.094643592834473
2019-12-03,280.0848083496094,139.11000061035156,92.32677459716797,13.103208541870117
2019-12-04,281.8130187988281,138.9199981689453,92.1715316772461,13.308749198913574
2019-12-05,282.3197326660156,139.0,92.0653076171875,13.334441184997559
2019-12-06,284.8984375,137.6199951171875,91.93460845947266,13.420083999633789
2019-12-09,284.00274658203125,137.5800018310547,91.98359680175781,13.4029541015625
2019-12-10,283.68597412109375,137.97000122070312,91.95091247558594,13.46290397644043
2019-12-11,284.4912109375,138.9199981689453,92.19602966308594,13.4029541015625
2019-12-12,286.9433288574219,138.42999267578125,91.80382537841797,13.52285385131836
2019-12-13,287.1152038574219,139.0500030517578,92.1715316772461,13.591367721557617
2019-12-16,289.0877685546875,139.0399932861328,91.98359680175781,13.685572624206543
2019-12-17,289.15118408203125,139.00999450683594,91.99173736572266,13.745521545410156
2019-12-18,289.16925048828125,139.02000427246094,91.81201934814453,13.754084587097168
2019-12-19,290.3544921875,139.3800048828125,91.91107940673828,13.814034461975098
2019-12-20,291.62744140625,139.52000427246094,91.92745971679688,13.796907424926758
2019-12-23,292.0729675292969,139.9499969482422,91.8619613647461,13.800387382507324
2019-12-24,292.0821533203125,141.27000427246094,91.97654724121094,13.861298561096191
2019-12-26,293.63677978515625,142.3800048828125,92.0583724975586,13.965713500976562
2019-12-27,293.56414794921875,142.3300018310547,92.18115234375,13.99181842803955
2019-12-30,291.9457092285156,142.6300048828125,92.18115234375,13.965713500976562
2019-12-31,292.6549072265625,142.89999389648438,91.96833038330078,13.878700256347656
2020-01-02,295.3916931152344,143.9499969482422,92.22207641601562,13.896102905273438
2020-01-03,293.15496826171875,145.86000061035156,92.49213409423828,14.06142807006836
2020-01-06,294.2733459472656,147.38999938964844,92.4184799194336,14.08753490447998
2020-01-07,293.44598388671875,147.97000122070312,92.3202896118164,14.078832626342773
2020-01-08,295.0099182128906,146.86000061035156,92.21387481689453,13.869998931884766
2020-01-09,297.01019287109375,146.02999877929688,92.31209564208984,13.809089660644531
2020-01-10,296.155517578125,146.91000366210938,92.4676284790039,13.809089660644531
2020-01-13,298.19232177734375,145.82000732421875,92.41030883789062,13.704673767089844
2020-01-14,297.7376708984375,145.69000244140625,92.49213409423828,13.765583038330078
2020-01-15,298.4105529785156,146.5399932861328,92.63131713867188,13.695971488952637
2020-01-16,300.89288330078125,146.30999755859375,92.63131713867188,13.678567886352539
2020-01-17,301.8293151855469,146.5800018310547,92.52490997314453,13.722076416015625
2020-01-21,301.2383117675781,146.74000549316406,92.78678131103516,13.643763542175293
2020-01-22,301.2747802734375,146.7899932861328,92.83587646484375,13.46103572845459
2020-01-23,301.62017822265625,147.1199951171875,92.9586410522461,13.347916603088379
2020-01-24,298.9378967285156,147.97999572753906,93.1305160522461,13.147784233093262
2020-01-27,294.1460876464844,148.99000549316406,93.4169921875,12.904145240783691
2020-01-28,297.22845458984375,147.66000366210938,93.33514404296875,12.965055465698242
2020-01-29,296.9829406738281,148.4600067138672,93.54796600341797,12.904145240783691
2020-01-30,297.9468688964844,148.47000122070312,93.55612182617188,12.79102897644043
2020-01-31,292.53668212890625,149.3300018310547,93.83441162109375,12.686612129211426
2020-02-03,294.7098083496094,148.36000061035156,93.80406951904297,12.451674461364746
2020-02-04,299.20159912109375,146.42999267578125,93.49238586425781,12.469077110290527
2020-02-05,302.6567687988281,146.61000061035156,93.35295104980469,12.660507202148438
2020-02-06,303.67510986328125,147.39999389648438,93.41034698486328,12.712715148925781
2020-02-07,302.056640625,147.7899932861328,93.6810302734375,12.643104553222656
2020-02-10,304.31158447265625,148.1699981689453,93.78765106201172,12.529986381530762
2020-02-11,304.8389587402344,147.66000366210938,93.6728286743164,12.573493957519531
2020-02-12,306.802978515625,147.5399932861328,93.57440948486328,12.747520446777344
2020-02-13,306.4757080078125,148.3800048828125,93.6399917602539,12.75622272491455
2020-02-14,306.9666442871094,149.0,93.73844909667969,12.747520446777344
2020-02-18,306.17559814453125,150.91000366210938,93.8614501953125,12.843235969543457
2020-02-19,307.6394958496094,151.7899932861328,93.83686065673828,12.965055465698242
2020-02-20,306.3756408691406,152.41000366210938,94.05008697509766,12.912847518920898
2020-02-21,303.22052001953125,154.6999969482422,94.23873138427734,12.860639572143555
2020-02-24,293.1640930175781,156.08999633789062,94.54218292236328,12.617000579833984
2020-02-25,284.2806396484375,153.3000030517578,94.7062759399414,12.382062911987305
2020-02-26,283.2348937988281,153.97000122070312,94.60784912109375,12.260244369506836
2020-02-27,270.5144348144531,154.0,94.62419891357422,12.051411628723145
2020-02-28,269.3778076171875,148.3800048828125,95.32140350341797,11.84257698059082
2020-03-02,281.0435485839844,149.1999969482422,95.2876968383789,12.112320899963379
2020-03-03,272.9966125488281,153.88999938964844,95.93695831298828,12.138423919677734
2020-03-04,284.4715270996094,154.16000366210938,95.86299133300781,12.147126197814941
2020-03-05,275.0152587890625,157.49000549316406,96.15885162353516,12.016606330871582
2020-03-06,270.4688415527344,157.5500030517578,96.86568450927734,11.625043869018555
2020-03-09,249.3468017578125,157.80999755859375,96.74238586425781,10.720099449157715
2020-03-10,262.2491760253906,154.47999572753906,95.64932250976562,11.059453964233398
2020-03-11,249.4650115966797,153.92999267578125,94.28500366210938,10.859322547912598
2020-03-12,225.59686279296875,147.7899932861328,90.51260375976562,10.4242525100708
2020-03-13,244.88230895996094,143.27999877929688,91.93449401855469,10.537370681762695
2020-03-16,218.08636474609375,141.63999938964844,93.47134399414062,9.90217113494873
2020-03-17,229.86129760742188,143.55999755859375,91.05506134033203,9.74554443359375
2020-03-18,218.22279357910156,140.6999969482422,87.58673858642578,9.42359447479248
2020-03-19,218.68650817871094,138.0399932861328,89.54278564453125,9.623725891113281
2020-03-20,209.26239013671875,140.11000061035156,90.4304428100586,9.519309043884277
2020-03-23,203.91192626953125,146.3000030517578,92.57551574707031,9.632427215576172
2020-03-24,222.38702392578125,153.39999389648438,93.33982849121094,9.84126091003418
2020-03-25,225.7161407470703,151.3000030517578,94.29326629638672,10.006586074829102
2020-03-26,238.89569091796875,153.24000549316406,94.58087921142578,9.971781730651855
2020-03-27,231.78001403808594,152.25,94.98359680175781,9.936975479125977
2020-03-30,239.30722045898438,152.9199981689453,95.0739974975586,9.910871505737305
2020-03-31,235.7402801513672,148.0500030517578,94.8191909790039,9.789052963256836
2020-04-01,225.1308135986328,149.4499969482422,94.49720001220703,9.510608673095703
2020-04-02,230.32579040527344,151.89999389648438,94.63719177246094,9.693337440490723
2020-04-03,226.99656677246094,152.64999389648438,94.70308685302734,9.936975479125977
2020-04-06,242.24313354492188,156.8800048828125,95.164306640625,9.98918342590332
2020-04-07,242.4900360107422,156.0399932861328,95.2961196899414,10.058794975280762
2020-04-08,250.630126953125,154.64999389648438,95.38670349121094,10.03269100189209
2020-04-09,254.4440155029297,158.69000244140625,96.57278442382812,10.058794975280762
2020-04-13,252.12083435058594,161.41000366210938,96.11976623535156,10.23282241821289
2020-04-14,259.556640625,162.67999267578125,96.16914367675781,10.145808219909668
2020-04-15,254.0416259765625,161.85000610351562,96.56451416015625,9.936975479125977
2020-04-16,255.26708984375,161.7100067138672,96.68807983398438,9.910871505737305
2020-04-17,262.1632995605469,158.57000732421875,96.57278442382812,9.954377174377441
2020-04-20,257.5444641113281,159.6999969482422,96.43276977539062,9.789052963256836
2020-04-21,249.72457885742188,158.61000061035156,96.48219299316406,9.32787799835205
2020-04-22,255.26708984375,161.72999572753906,96.48219299316406,9.458399772644043
2020-04-23,255.24884033203125,163.33999633789062,96.71278381347656,9.432294845581055
2020-04-24,258.8066711425781,162.63999938964844,96.66336059570312,9.310476303100586
2020-04-27,262.5382995605469,161.55999755859375,96.21857452392578,9.136448860168457
2020-04-28,261.3310241699219,160.83999633789062,96.59746551513672,9.145150184631348
2020-04-29,268.1722412109375,161.72999572753906,96.66336059570312,9.310476303100586
2020-04-30,265.6754150390625,158.8000030517578,96.44920349121094,9.484503746032715
2020-05-01,258.6420593261719,159.77999877929688,96.45417785644531,9.36268424987793
2020-05-04,259.35540771484375,160.33999633789062,96.53671264648438,9.475802421569824
2020-05-05,261.7517395019531,161.02000427246094,96.4624252319336,9.719440460205078
2020-05-06,259.9774169921875,158.9499969482422,96.07451629638672,9.528010368347168
2020-05-07,263.1144714355469,161.38999938964844,96.37163543701172,9.588920593261719
2020-05-08,267.4680480957031,160.4199981689453,96.11579132080078,9.789052963256836
2020-05-11,267.52288818359375,159.4199981689453,95.82695770263672,9.65853214263916
2020-05-12,262.1907653808594,160.0399932861328,96.07451629638672,9.580219268798828
2020-05-13,257.55364990234375,161.5800018310547,96.23136901855469,9.484503746032715
2020-05-14,260.6359558105469,163.00999450683594,96.5284423828125,9.649829864501953
2020-05-15,261.83404541015625,163.92999267578125,96.58619689941406,9.74554443359375
2020-05-18,269.80938720703125,162.69000244140625,96.4459228515625,10.0239896774292
2020-05-19,267.0380554199219,164.25999450683594,96.55322265625,9.997884750366211
2020-05-20,271.5746154785156,164.64999389648438,96.80081176757812,10.171913146972656
2020-05-21,269.6996154785156,162.25,96.87509155273438,10.128405570983887
2020-05-22,270.2118225097656,163.2100067138672,96.92459869384766,10.050094604492188
2020-05-26,273.54107666015625,160.88999938964844,96.767822265625,10.154510498046875
2020-05-27,277.6110534667969,161.17999267578125,96.90811157226562,10.0239896774292
2020-05-28,277.0988464355469,161.72000122070312,96.84207916259766,10.076197624206543
2020-05-29,278.3336181640625,162.91000366210938,97.09790802001953,10.250225067138672
2020-06-01,279.4585266113281,163.66000366210938,97.04331970214844,10.311135292053223
2020-06-02,281.7724914550781,162.60000610351562,97.12604522705078,10.4242525100708
2020-06-03,285.5223693847656,159.60000610351562,96.88624572753906,10.4242525100708
2020-06-04,284.7724304199219,161.27999877929688,96.59685516357422,10.511266708374023
2020-06-05,292.0709533691406,158.00999450683594,96.65473175048828,10.720099449157715
2020-06-08,295.6014404296875,159.72000122070312,96.76220703125,10.65048885345459
2020-06-09,293.3971862792969,161.25999450683594,96.88624572753906,10.685294151306152
2020-06-10,291.7599792480469,163.57000732421875,97.28314208984375,10.754905700683594
2020-06-11,274.94036865234375,162.38999938964844,97.11775207519531,10.40684986114502
2020-06-12,278.2329406738281,162.6199951171875,97.21697998046875,10.450357437133789
2020-06-15,280.8304443359375,162.3300018310547,97.53942108154297,10.546072959899902
2020-06-16,286.23577880859375,162.25,97.34923553466797,10.633086204528809
2020-06-17,285.0467834472656,162.55999755859375,97.26656341552734,10.580878257751465
2020-06-18,285.1565856933594,162.24000549316406,97.36581420898438,10.641786575317383
2020-06-19,283.52685546875,164.02999877929688,97.39888000488281,10.728800773620605
2020-06-22,285.3457946777344,165.08999633789062,97.3740463256836,10.8419189453125
2020-06-23,286.65948486328125,166.47999572753906,97.35753631591797,10.78971004486084
2020-06-24,279.3470764160156,165.89999389648438,97.34101867675781,10.519967079162598
2020-06-25,282.341796875,165.8000030517578,97.45672607421875,10.615683555603027
2020-06-26,275.6357727050781,166.5399932861328,97.57251739501953,10.485161781311035
2020-06-29,279.68695068359375,166.6300048828125,97.65515899658203,10.659189224243164
2020-06-30,283.26971435546875,167.3699951171875,97.73786163330078,10.71139907836914
2020-07-01,285.25390625,166.6199951171875,97.79004669189453,10.79841136932373
2020-07-02,286.82476806640625,166.97999572753906,97.906005859375,10.8419189453125
2020-07-06,291.2525939941406,167.97999572753906,97.89777374267578,10.928933143615723
2020-07-07,288.2486267089844,169.0399932861328,98.0468521118164,10.937634468078613
2020-07-08,290.4533386230469,170.08999633789062,98.01371765136719,11.076855659484863
2020-07-09,288.7998046875,169.6300048828125,98.2705307006836,10.946335792541504
2020-07-10,291.7486572265625,169.19000244140625,98.15454864501953,11.015946388244629
2020-07-13,289.22247314453125,169.39999389648438,98.14627838134766,10.902827262878418
2020-07-14,292.97039794921875,170.19000244140625,98.30366516113281,10.955038070678711
2020-07-15,295.6619567871094,170.33999633789062,98.31195068359375,11.085556983947754
2020-07-16,294.6882629394531,168.72999572753906,98.37821197509766,10.998544692993164
2020-07-17,295.5426025390625,170.1199951171875,98.47760772705078,11.015946388244629
2020-07-20,297.9310302734375,170.94000244140625,98.58531188964844,11.007244110107422
2020-07-21,298.5648498535156,173.0,98.64330291748047,11.163869857788086
2020-07-22,300.26434326171875,175.6300048828125,98.7260971069336,11.233481407165527
2020-07-23,296.6817321777344,177.17999267578125,98.84214782714844,11.207377433776855
2020-07-24,294.7710876464844,178.6999969482422,98.80895233154297,11.224780082702637
2020-07-27,296.92059326171875,182.22999572753906,98.74267578125,11.32919692993164
2020-07-28,295.03741455078125,183.75,98.80895233154297,11.268285751342773
2020-07-29,298.66595458984375,185.1300048828125,98.9249496459961,11.32919692993164
2020-07-30,297.600341796875,183.75999450683594,98.99947357177734,11.198676109313965
2020-07-31,299.9519348144531,185.42999267578125,99.0409164428711,11.259584426879883
2020-08-03,302.037353515625,185.63999938964844,99.07991790771484,11.372702598571777
2020-08-04,303.2039794921875,189.58999633789062,99.27074432373047,11.433612823486328
2020-08-05,305.087158203125,191.35000610351562,99.07991790771484,11.529328346252441
2020-08-06,307.1265563964844,193.88999938964844,99.22098541259766,11.616342544555664
2020-08-07,307.34710693359375,190.80999755859375,99.10477447509766,11.459717750549316
2020-08-10,308.26568603515625,190.14999389648438,99.01351928710938,11.52062702178955
2020-08-11,305.7210388183594,179.94000244140625,98.73966979980469,11.337898254394531
2020-08-12,309.9835510253906,179.10000610351562,98.54053497314453,11.459717750549316
2020-08-13,309.42315673828125,183.3300018310547,98.1753921508789,11.52062702178955
2020-08-14,309.432373046875,182.5399932861328,98.08414459228516,11.52062702178955
2020-08-17,310.4153137207031,186.5,98.21691131591797,11.712056159973145
2020-08-18,311.08587646484375,188.17999267578125,98.3580093383789,11.73816204071045
2020-08-19,309.7906188964844,182.24000549316406,98.20856475830078,11.70335578918457
2020-08-20,310.7552185058594,183.5,98.38284301757812,11.685953140258789
2020-08-21,311.8575134277344,182.02999877929688,98.48245239257812,11.572834014892578
2020-08-24,315.0176696777344,181.0,98.44094848632812,11.633745193481445
2020-08-25,316.1199645996094,181.22000122070312,98.23348999023438,11.729460716247559
2020-08-26,319.28924560546875,183.36000061035156,98.21691131591797,11.755563735961914
2020-08-27,319.98748779296875,181.24000549316406,97.87667846679688,11.712056159973145
2020-08-28,322.0543518066406,184.38999938964844,98.00944519042969,11.790369033813477
2020-08-31,320.8876953125,184.8300018310547,98.22518920898438,11.781667709350586
2020-09-01,323.9099426269531,185.0500030517578,98.42882537841797,11.799071311950684
2020-09-02,328.5950927734375,182.6199951171875,98.62833404541016,11.642446517944336
2020-09-03,317.2866516113281,181.13999938964844,98.65320587158203,11.538029670715332
2020-09-04,314.69610595703125,181.63999938964844,98.1628646850586,11.433612823486328
2020-09-08,306.09765625,181.2899932861328,98.27091979980469,11.155168533325195
2020-09-09,312.142333984375,183.0500030517578,98.2625961303711,11.259584426879883
2020-09-10,306.72235107421875,182.4600067138672,98.27091979980469,11.146467208862305
2020-09-11,306.8785705566406,182.4499969482422,98.38726043701172,11.224780082702637
2020-09-14,310.9205627441406,183.88999938964844,98.39559936523438,11.233481407165527
2020-09-15,312.491455078125,183.4499969482422,98.40388488769531,11.294389724731445
2020-09-16,311.2511901855469,183.97000122070312,98.35400390625,11.50322437286377
2020-09-17,308.5137634277344,182.9600067138672,98.37896728515625,11.633745193481445
2020-09-18,304.9617919921875,183.1999969482422,98.2625961303711,11.685953140258789
2020-09-21,301.56787109375,179.52000427246094,98.27922058105469,11.398807525634766
2020-09-22,304.6390686035156,178.64999389648438,98.35400390625,11.346599578857422
2020-09-23,297.57421875,174.7899932861328,98.14624786376953,11.216078758239746
2020-09-24,298.36737060546875,175.44000244140625,98.15453338623047,11.268285751342773
2020-09-25,303.19110107421875,174.94000244140625,98.18778228759766,11.268285751342773
2020-09-28,308.2268981933594,176.6999969482422,98.27091979980469,11.364002227783203
2020-09-29,306.5483093261719,178.19000244140625,98.28753662109375,11.233481407165527
2020-09-30,308.8724670410156,177.1199951171875,98.1296157836914,11.364002227783203
2020-10-01,310.85546875,178.6999969482422,98.2645263671875,11.224780082702637
2020-10-02,307.904052734375,178.5399932861328,98.16458129882812,11.085556983947754
2020-10-05,313.3641357421875,179.41000366210938,97.84813690185547,11.372702598571777
2020-10-06,308.90936279296875,177.3000030517578,97.93145751953125,11.416210174560547
2020-10-07,314.28643798828125,177.22000122070312,97.86485290527344,11.459717750549316
2020-10-08,317.07177734375,177.85000610351562,97.98973083496094,11.572834014892578
2020-10-09,319.90338134765625,181.0800018310547,98.01473999023438,11.607641220092773
2020-10-12,325.0498046875,180.55999755859375,98.20619201660156,11.485821723937988
2020-10-13,322.928466796875,177.72000122070312,98.23119354248047,11.511924743652344
2020-10-14,320.8993835449219,178.27000427246094,98.28948974609375,11.590237617492676
2020-10-15,320.50286865234375,178.9199981689453,98.20619201660156,11.625043869018555
2020-10-16,320.3091735839844,178.3000030517578,98.15628051757812,11.546731948852539
2020-10-19,315.4393615722656,178.38999938964844,98.0396957397461,11.555431365966797
2020-10-20,316.7029113769531,179.25,97.9563980102539,11.685953140258789
2020-10-21,316.10345458984375,180.60000610351562,97.83988189697266,11.590237617492676
2020-10-22,317.83740234375,178.8300018310547,97.6650390625,11.625043869018555
2020-10-23,318.9163513183594,178.63999938964844,97.80659484863281,11.538029670715332
2020-10-26,313.02288818359375,178.5500030517578,97.93975067138672,11.372702598571777
2020-10-27,311.94378662109375,179.02000427246094,98.16458129882812,11.45101547241211
2020-10-28,301.2818908691406,176.1300048828125,98.02306365966797,11.146467208862305
2020-10-29,304.3439025878906,175.39999389648438,97.84813690185547,11.007244110107422
2020-10-30,301.1712341308594,176.1999969482422,97.58175659179688,11.007244110107422
2020-11-02,304.5467834472656,177.91000366210938,97.7585678100586,11.207377433776855
2020-11-03,309.92388916015625,178.9199981689453,97.71685028076172,11.27698802947998
2020-11-04,316.8504638671875,178.82000732421875,98.36735534667969,11.398807525634766
2020-11-05,323.0299072265625,182.92999267578125,98.45909881591797,11.45101547241211
2020-11-06,322.9561462402344,183.19000244140625,98.24225616455078,11.40750789642334
2020-11-09,327.0143127441406,175.0800018310547,97.78359985351562,11.546731948852539
2020-11-10,326.53472900390625,175.66000366210938,97.62512969970703,11.772966384887695
2020-11-11,328.96051025390625,174.89999389648438,97.68350982666016,11.764266014099121
2020-11-12,325.7691955566406,175.9600067138672,98.09217071533203,11.668550491333008
2020-11-13,330.27923583984375,177.16000366210938,98.10879516601562,11.616342544555664
2020-11-16,334.40203857421875,177.14999389648438,98.10047149658203,11.720759391784668
2020-11-17,332.6035461425781,176.5,98.30062103271484,11.755563735961914
2020-11-18,328.60064697265625,175.49000549316406,98.36735534667969,11.772966384887695
2020-11-19,329.9841613769531,175.16000366210938,98.55085754394531,11.772966384887695
2020-11-20,327.7245178222656,175.69000244140625,98.65092468261719,11.833876609802246
2020-11-23,329.6889953613281,172.22999572753906,98.62590789794922,11.868682861328125
2020-11-24,335.00146484375,169.58999633789062,98.49244689941406,12.121023178100586
2020-11-25,334.48504638671875,169.50999450683594,98.45909881591797,12.225438117980957
2020-11-27,335.4166259765625,167.7899932861328,98.62590789794922,12.199334144592285
2020-11-30,333.931640625,166.6699981689453,98.75932312011719,12.129722595214844
2020-12-01,337.5839538574219,170.17999267578125,98.44688415527344,12.094917297363281
2020-12-02,338.2942199707031,171.4600067138672,98.3382568359375,12.147126197814941
2020-12-03,338.2019348144531,172.80999755859375,98.50533294677734,12.164528846740723
2020-12-04,341.1164245605469,172.32000732421875,98.23802185058594,12.216736793518066
2020-12-07,340.41552734375,174.88999938964844,98.38835906982422,12.216736793518066
2020-12-08,341.4116516113281,175.5,98.3967514038086,12.234139442443848
2020-12-09,338.3495178222656,172.5,98.25472259521484,12.242840766906738
2020-12-10,338.2388610839844,172.1699981689453,98.49700927734375,12.425569534301758
2020-12-11,337.84222412109375,172.49000549316406,98.60563659667969,12.390765190124512
2020-12-14,336.32958984375,171.5399932861328,98.54712677001953,12.425569534301758
2020-12-15,340.8766174316406,173.94000244140625,98.60563659667969,12.521285057067871
2020-12-16,341.4116516113281,174.89999389648438,98.56387329101562,12.590896606445312
2020-12-17,343.32080078125,176.74000549316406,98.55966186523438,12.73882007598877
2020-12-18,341.949951171875,176.44000244140625,98.50947570800781,12.782326698303223
2020-12-21,340.7273254394531,175.8800048828125,98.50947570800781,12.651806831359863
2020-12-22,340.1529846191406,174.49000549316406,98.65167999267578,12.512585639953613
2020-12-23,340.4586486816406,175.64999389648438,98.5847396850586,12.669209480285645
2020-12-24,341.783203125,176.35000610351562,98.67671966552734,12.704014778137207
2020-12-28,344.71942138671875,175.7100067138672,98.6934585571289,12.625700950622559
2020-12-29,344.06170654296875,176.35000610351562,98.71018981933594,12.660507202148438
2020-12-30,344.552734375,177.6999969482422,98.76876068115234,12.73882007598877
2020-12-31,346.30328369140625,178.36000061035156,98.84397888183594,12.79102897644043
2021-01-04,341.5887451171875,182.3300018310547,98.71856689453125,12.721416473388672
2021-01-05,343.9413146972656,182.8699951171875,98.61817932128906,13.078173637390137
2021-01-06,345.99761962890625,179.89999389648438,98.1331558227539,13.095576286315918
2021-01-07,351.1382751464844,179.47999572753906,98.03275299072266,13.156485557556152
2021-01-08,353.13897705078125,173.33999633789062,97.91571044921875,13.260902404785156
2021-01-11,350.75848388671875,173.0,97.75680541992188,13.16518783569336
2021-01-12,350.83258056640625,174.1199951171875,97.8404541015625,13.417527198791504
2021-01-13,351.7773742675781,173.3699951171875,98.14984893798828,13.382722854614258
2021-01-14,350.5454406738281,173.27999877929688,97.95751190185547,13.504541397094727
2021-01-15,347.98907470703125,171.1300048828125,98.057861328125,13.313111305236816
2021-01-19,350.72137451171875,172.5800018310547,98.19169616699219,13.356618881225586
2021-01-20,355.5749816894531,175.38999938964844,98.20004272460938,13.36531925201416
2021-01-21,355.8990783691406,175.27999877929688,98.057861328125,13.356618881225586
2021-01-22,354.63946533203125,173.89999389648438,98.057861328125,13.13038158416748
2021-01-25,356.0380554199219,174.0500030517578,98.30876922607422,13.269603729248047
2021-01-26,355.4822998046875,173.6199951171875,98.27530670166016,13.295707702636719
2021-01-27,346.794189453125,172.52000427246094,98.28364562988281,13.260902404785156
2021-01-28,349.7767333984375,172.67999267578125,98.2167739868164,13.199993133544922
2021-01-29,342.7742614746094,172.61000061035156,98.1080551147461,13.217395782470703
2021-02-01,348.47998046875,174.22999572753906,98.20182037353516,13.469735145568848
2021-02-02,353.40753173828125,172.11000061035156,98.05105590820312,13.574152946472168
2021-02-03,353.6854248046875,171.85000610351562,97.93379211425781,13.669867515563965
2021-02-04,357.705322265625,168.14999389648438,97.89191436767578,13.739479064941406
2021-02-05,359.11322021484375,169.80999755859375,97.7662353515625,13.809089660644531
2021-02-08,361.7066650390625,171.52000427246094,97.86678314208984,14.02662467956543
2021-02-09,361.4658203125,172.0800018310547,97.9086685180664,14.078832626342773
2021-02-10,361.3083801269531,172.7100067138672,98.0008316040039,14.052728652954102
2021-02-11,361.8918762207031,171.2100067138672,97.88353729248047,14.02662467956543
2021-02-12,363.67950439453125,170.69000244140625,97.65733337402344,14.200651168823242
2021-02-16,363.3646545410156,168.24000549316406,97.19667053222656,14.392083168029785
2021-02-17,363.44805908203125,166.3300018310547,97.38932037353516,14.435589790344238
2021-02-18,361.90118408203125,166.32000732421875,97.33907318115234,14.383380889892578
2021-02-19,361.2619934082031,167.00999450683594,97.03750610351562,14.374680519104004
2021-02-22,358.4832763671875,169.50999450683594,96.73591613769531,14.696629524230957
2021-02-23,358.9186096191406,169.1199951171875,96.76103973388672,14.766240119934082
2021-02-24,362.8736572265625,169.0,96.72755432128906,14.992477416992188
2021-02-25,354.1300048828125,165.82000732421875,95.8396224975586,14.870658874511719
2021-02-26,352.3052673339844,161.80999755859375,96.61861419677734,14.55740737915039
2021-03-01,360.8452453613281,161.52999877929688,96.56829833984375,14.435589790344238
2021-03-02,358.02947998046875,162.41000366210938,96.58507537841797,14.496499061584473
2021-03-03,353.28717041015625,160.6199951171875,96.23268127441406,14.583512306213379
2021-03-04,348.9153137207031,159.0399932861328,95.95575714111328,14.809749603271484
2021-03-05,355.3340759277344,159.13999938964844,95.88864135742188,15.114295959472656
2021-03-08,353.56500244140625,157.49000549316406,95.51104736328125,14.905463218688965
2021-03-09,358.613037109375,160.83999633789062,95.87183380126953,14.905463218688965
2021-03-10,360.8452453613281,161.66000366210938,96.0312728881836,15.001179695129395
2021-03-11,364.5038757324219,161.52000427246094,96.02289581298828,15.227413177490234
2021-03-12,364.9949035644531,161.49000549316406,95.47752380371094,15.157803535461426
2021-03-15,367.1714782714844,162.1999969482422,95.57819366455078,15.105595588684082
2021-03-16,366.70831298828125,162.35000610351562,95.54462432861328,15.044685363769531
2021-03-17,367.9588623046875,163.50999450683594,95.53620910644531,15.044685363769531
2021-03-18,362.6051940917969,162.55999755859375,95.16706085205078,14.331171989440918
2021-03-19,361.93426513671875,163.24000549316406,95.2425765991211,14.644421577453613
2021-03-22,364.82421875,163.0,95.42718505859375,14.618318557739258
2021-03-23,361.9527587890625,161.80999755859375,95.6704330444336,14.20935344696045
2021-03-24,360.1128234863281,162.3699951171875,95.78797912597656,14.583512306213379
2021-03-25,362.138671875,161.77999877929688,95.73759460449219,14.252860069274902
2021-03-26,367.9744567871094,162.24000549316406,95.57819366455078,14.59221363067627
2021-03-29,367.7886657714844,160.30999755859375,95.41875457763672,14.609618186950684
2021-03-30,366.81292724609375,157.57000732421875,95.49427032470703,14.374680519104004
2021-03-31,368.2997131347656,159.9600067138672,95.51104736328125,14.452991485595703
2021-04-01,372.2769775390625,161.97999572753906,95.83209228515625,14.696629524230957
2021-04-05,377.6203308105469,161.9199981689453,95.63878631591797,14.479095458984375
2021-04-06,377.3973388671875,163.22000122070312,95.97494506835938,14.531305313110352
2021-04-07,377.83416748046875,162.75999450683594,95.82366943359375,14.574810981750488
2021-04-08,379.62762451171875,164.50999450683594,96.05897521972656,14.65312385559082
2021-04-09,382.3875732421875,163.27000427246094,95.94971466064453,14.600915908813477
2021-04-12,382.5269470214844,162.27999877929688,95.92449188232422,14.609618186950684
2021-04-13,383.66064453125,163.42999267578125,96.20182800292969,14.766240119934082
2021-04-14,382.3503723144531,162.72000122070312,96.126220703125,15.105595588684082
2021-04-15,386.4577331542969,165.35000610351562,96.50434112548828,15.201309204101562
2021-04-16,387.7494201660156,166.35000610351562,96.25223541259766,15.175206184387207
2021-04-19,385.84442138671875,165.88999938964844,96.17659759521484,15.192607879638672
2021-04-20,383.01947021484375,166.47999572753906,96.32788848876953,15.166504859924316
2021-04-21,386.6435852050781,168.1300048828125,96.4203109741211,15.105595588684082
2021-04-22,383.1123962402344,167.0399932861328,96.44550323486328,15.227413177490234
2021-04-23,387.2662658691406,166.39999389648438,96.42869567871094,15.34923267364502
2021-04-26,388.0746765136719,166.83999633789062,96.34471130371094,15.453651428222656
2021-04-27,387.9910583496094,166.4199981689453,96.10936737060547,15.584171295166016
2021-04-28,387.8795471191406,166.91000366210938,96.15982055664062,15.610276222229004
2021-04-29,390.3514404296875,166.22000122070312,96.10936737060547,15.714690208435059
2021-04-30,387.78656005859375,165.66000366210938,96.2102279663086,15.584171295166016
2021-05-03,388.6229553222656,167.80999755859375,96.27168273925781,15.758200645446777
2021-05-04,386.2254638671875,166.5800018310547,96.38947296142578,16.00183868408203
2021-05-05,386.3462829589844,167.27000427246094,96.46524047851562,16.062746047973633
2021-05-06,389.4314880371094,170.05999755859375,96.4820556640625,16.14105796813965
2021-05-07,392.2657775878906,171.58999633789062,96.45682525634766,16.297683715820312
2021-05-10,388.3814392089844,172.11000061035156,96.30533599853516,16.184566497802734
2021-05-11,384.9151916503906,172.13999938964844,96.09491729736328,16.358591079711914
2021-05-12,376.737548828125,170.42999267578125,95.7582778930664,16.341190338134766
2021-05-13,381.26312255859375,171.1300048828125,95.97709655761719,15.888720512390137
2021-05-14,387.1175231933594,172.69000244140625,96.19589233398438,16.019241333007812
2021-05-17,386.13250732421875,174.6999969482422,96.11174011230469,16.219371795654297
2021-05-18,382.8056945800781,175.0399932861328,95.99394989013672,16.14105796813965
2021-05-19,381.8020935058594,175.16000366210938,95.85926818847656,15.810406684875488
2021-05-20,385.90948486328125,175.9600067138672,96.1875,15.64508056640625
2021-05-21,385.593505859375,176.0399932861328,96.2295913696289,15.793004989624023
2021-05-24,389.52435302734375,176.35000610351562,96.32218933105469,16.01053810119629
2021-05-25,388.66009521484375,177.9499969482422,96.55778503417969,15.958331108093262
2021-05-26,389.4314880371094,177.63999938964844,96.52418518066406,15.98443603515625
2021-05-27,389.63592529296875,177.7100067138672,96.40635681152344,16.236774444580078
2021-05-28,390.3329162597656,178.3800048828125,96.40635681152344,16.184566497802734
2021-06-01,389.9890441894531,177.89999389648438,96.36164093017578,16.471710205078125
2021-06-02,390.60223388671875,178.77000427246094,96.4880599975586,16.558727264404297
2021-06-03,389.1526184082031,175.27000427246094,96.2605209350586,16.419504165649414
2021-06-04,392.7117614746094,177.16000366210938,96.65664672851562,16.602231979370117
2021-06-07,392.3307189941406,177.8699951171875,96.58920288085938,16.62833595275879
2021-06-08,392.41436767578125,177.32000732421875,96.76620483398438,16.79366111755371
2021-06-09,391.82891845703125,176.97999572753906,96.96004486083984,16.715349197387695
2021-06-10,393.6502380371094,177.74000549316406,97.1623764038086,16.776260375976562
2021-06-11,394.3008728027344,175.74000549316406,97.1202163696289,16.724050521850586
2021-06-14,395.1837158203125,174.7100067138672,96.87577819824219,16.62833595275879
2021-06-15,394.4588623046875,174.0500030517578,96.91791534423828,16.558727264404297
2021-06-16,392.2564697265625,171.11000061035156,96.60604095458984,16.4630126953125
2021-06-17,392.1263427734375,165.85000610351562,96.90950775146484,16.036645889282227
2021-06-18,386.8363952636719,164.92999267578125,97.17076873779297,16.201969146728516
2021-06-21,392.3743591308594,166.9499969482422,96.91791534423828,16.402101516723633
2021-06-22,394.4720153808594,166.25,97.0190658569336,16.428205490112305
2021-06-23,393.9965515136719,166.13999938964844,96.96849822998047,16.532621383666992
2021-06-24,396.32745361328125,166.0399932861328,97.00218200683594,16.59353256225586
2021-06-25,397.7351989746094,166.58999633789062,96.8083724975586,16.523921966552734
2021-06-28,398.5368957519531,166.5800018310547,97.0865249633789,16.51521873474121
2021-06-29,398.7513732910156,164.8300018310547,97.1370849609375,16.59353256225586
2021-06-30,399.0869445800781,165.6300048828125,97.20452117919922,16.750154495239258
2021-07-01,401.29656982421875,166.1999969482422,97.15048217773438,16.811065673828125
2021-07-02,404.36395263671875,167.2899932861328,97.36148071289062,16.967689514160156
2021-07-06,403.6274108886719,168.1199951171875,97.67377471923828,16.50651741027832
2021-07-07,405.0538024902344,168.75999450683594,97.84257507324219,16.306386947631836
2021-07-08,401.7535095214844,168.64999389648438,97.9522705078125,16.445608139038086
2021-07-09,406.0420837402344,169.2100067138672,97.63156127929688,16.637039184570312
2021-07-12,407.49652099609375,169.0,97.57245635986328,16.66314125061035
2021-07-13,406.1073913574219,169.22000122070312,97.36148071289062,16.802366256713867
2021-07-14,406.71331787109375,171.0399932861328,97.69062805175781,16.637039184570312
2021-07-15,405.32421875,171.07000732421875,97.90161895751953,16.55002212524414
2021-07-16,402.14495849609375,169.41000366210938,97.81720733642578,16.55002212524414
2021-07-19,396.20623779296875,169.61000061035156,98.33206176757812,15.888720512390137
2021-07-20,401.8839416503906,169.38999938964844,98.23921966552734,16.1236572265625
2021-07-21,405.1376953125,168.75999450683594,97.91848754882812,16.445608139038086
2021-07-22,405.9861755371094,169.08999633789062,98.1463851928711,16.576128005981445
2021-07-23,410.1629943847656,168.55999755859375,98.07888793945312,16.66314125061035
2021-07-26,411.1697692871094,168.16000366210938,97.99447631835938,16.784963607788086
2021-07-27,409.2958679199219,168.44000244140625,98.22232055664062,16.689247131347656
2021-07-28,409.1280212402344,169.2899932861328,98.31520080566406,16.767560958862305
2021-07-29,410.8248596191406,171.1699981689453,98.15483093261719,17.063405990600586
2021-07-30,408.8297424316406,169.82000732421875,98.28985595703125,16.967689514160156
2021-08-02,407.9720153808594,169.61000061035156,98.49858856201172,16.784963607788086
2021-08-03,411.2910461425781,169.49000549316406,98.53242492675781,16.70665168762207
2021-08-04,409.2679138183594,169.52999877929688,98.52397155761719,16.436904907226562
2021-08-05,411.8597412109375,168.86000061035156,98.30422973632812,16.680543899536133
2021-08-06,412.54034423828125,164.63999938964844,97.8647232055664,16.541322708129883
2021-08-09,412.20465087890625,161.72000122070312,97.68720245361328,16.306386947631836
2021-08-10,412.71746826171875,161.77000427246094,97.56047058105469,16.602231979370117
2021-08-11,413.7430419921875,164.0,97.65342712402344,16.750154495239258
2021-08-12,414.9830017089844,164.0399932861328,97.66185760498047,16.689247131347656
2021-08-13,415.73822021484375,166.38999938964844,98.01683807373047,16.59353256225586
2021-08-16,416.7171325683594,167.22000122070312,98.06753540039062,16.55002212524414
2021-08-17,413.9854736328125,166.97000122070312,97.99148559570312,16.36729621887207
2021-08-18,409.4543762207031,167.10000610351562,97.99993896484375,16.175865173339844
2021-08-19,410.08831787109375,166.61000061035156,98.16898345947266,15.949628829956055
2021-08-20,413.3514404296875,166.6999969482422,98.17743682861328,15.575469970703125
2021-08-23,416.98748779296875,168.72999572753906,98.17743682861328,16.14105796813965
2021-08-24,417.64947509765625,168.64999389648438,98.03376770019531,16.48041343688965
2021-08-25,418.5257873535156,167.47999572753906,97.8478012084961,16.62833595275879
2021-08-26,416.05511474609375,167.6699981689453,97.85626220703125,16.49781608581543
2021-08-27,419.7750549316406,170.19000244140625,98.1267318725586,16.70665168762207
2021-08-30,421.6211242675781,169.35000610351562,98.23661804199219,16.767560958862305
2021-08-31,420.9964599609375,169.69000244140625,98.0929183959961,16.689247131347656
2021-09-01,421.2201843261719,169.6999969482422,98.12425231933594,16.610933303833008
2021-09-02,422.5160827636719,169.25,98.22579956054688,16.802366256713867
2021-09-03,422.4134826660156,171.05999755859375,98.0565185546875,16.819765090942383
2021-09-07,420.90325927734375,167.7100067138672,97.79413604736328,16.62833595275879
2021-09-08,420.39044189453125,167.2899932861328,97.95494079589844,16.750154495239258
2021-09-09,418.5910949707031,168.02999877929688,98.26810455322266,16.62833595275879
2021-09-10,415.2906494140625,167.17999267578125,98.07342529296875,16.845870971679688
2021-09-13,416.3534851074219,167.74000549316406,98.20043182373047,16.976390838623047
2021-09-14,414.1066589355469,168.82000732421875,98.42050170898438,16.967689514160156
2021-09-15,417.5655212402344,167.8300018310547,98.3273696899414,17.24613380432129
2021-09-16,416.903564453125,164.02999877929688,98.15808868408203,17.124313354492188
2021-09-17,412.842529296875,163.77000427246094,98.07342529296875,16.98509407043457
2021-09-20,405.95867919921875,164.94000244140625,98.25967407226562,16.784963607788086
2021-09-21,405.57525634765625,166.0399932861328,98.30199432373047,16.802366256713867
2021-09-22,409.531494140625,165.4199981689453,98.3358383178711,16.99379539489746
2021-09-23,414.5073547363281,163.50999450683594,97.85342407226562,17.25483512878418
2021-09-24,415.190185546875,163.3000030517578,97.6841049194336,17.333147048950195
2021-09-27,414.00225830078125,163.63999938964844,97.54866790771484,17.56808853149414
2021-09-28,405.6593933105469,162.0500030517578,97.14242553710938,17.428863525390625
2021-09-29,406.3421630859375,161.32000732421875,97.21013641357422,17.446266174316406
2021-09-30,401.3757019042969,164.22000122070312,97.19319915771484,17.559383392333984
2021-10-01,406.1457214355469,164.58999633789062,97.48990631103516,17.794321060180664
2021-10-04,400.9081115722656,165.36000061035156,97.42205047607422,18.081466674804688
2021-10-05,405.0794982910156,164.58999633789062,97.1932144165039,18.307703018188477
2021-10-06,406.7629699707031,165.02999877929688,97.2355728149414,18.003154754638672
2021-10-07,410.2797546386719,164.16000366210938,96.96428680419922,18.229389190673828
2021-10-08,409.531494140625,164.22999572753906,96.75238037109375,18.290300369262695
2021-10-11,406.5665283203125,163.9199981689453,96.59976959228516,18.412118911743164
2021-10-12,405.5658264160156,164.66000366210938,96.95584106445312,18.412118911743164
2021-10-13,407.02496337890625,167.58999633789062,97.17620086669922,18.516536712646484
2021-10-14,413.8713073730469,168.0,97.36274719238281,18.707965850830078
2021-10-15,417.0233154296875,165.3300018310547,97.12539672851562,18.86458969116211
2021-10-18,418.25787353515625,164.9199981689453,97.05755615234375,18.75147247314453
2021-10-19,421.48468017578125,165.4499969482422,96.77783203125,18.794981002807617
2021-10-20,423.14007568359375,166.89999389648438,96.7099838256836,19.003814697265625
2021-10-21,424.2437744140625,166.75,96.50655364990234,18.71666717529297
2021-10-22,423.80419921875,167.77000427246094,96.69303894042969,18.803680419921875
2021-10-25,426.0769958496094,168.92999267578125,96.78627014160156,18.899394989013672
2021-10-26,426.46044921875,167.67999267578125,96.96428680419922,18.925500869750977
2021-10-27,424.57122802734375,168.1199951171875,97.28646087646484,18.577444076538086
2021-10-28,428.6678161621094,168.0800018310547,97.21015167236328,18.673158645629883
2021-10-29,429.53765869140625,166.64999389648438,97.1847152709961,18.577444076538086
2021-11-01,430.2764892578125,167.52000427246094,97.12528991699219,18.71666717529297
2021-11-02,432.0162658691406,167.16000366210938,97.320556640625,18.768875122070312
2021-11-03,434.6537780761719,165.77000427246094,97.12528991699219,18.290300369262695
2021-11-04,436.70208740234375,167.64999389648438,97.44791412353516,18.177181243896484
2021-11-05,438.2173156738281,169.83999633789062,97.82998657226562,18.429523468017578
2021-11-08,438.59136962890625,170.4499969482422,97.65170288085938,18.542640686035156
2021-11-09,437.1416931152344,171.2899932861328,97.92339324951172,18.690563201904297
2021-11-10,433.6248779296875,173.14999389648438,97.26111602783203,18.455625534057617
2021-11-11,433.76513671875,174.1199951171875,97.08280944824219,18.58614730834961
2021-11-12,437.038818359375,174.4499969482422,97.0657958984375,18.560041427612305
2021-11-15,437.1883850097656,174.17999267578125,96.709228515625,18.56874656677246
2021-11-16,438.9187316894531,172.9199981689453,96.67526245117188,18.542640686035156
2021-11-17,437.8525390625,174.5,96.90450286865234,18.3773136138916
2021-11-18,439.33966064453125,173.94000244140625,96.98939514160156,18.438222885131836
2021-11-19,438.5539855957031,172.61000061035156,97.17618560791016,18.142379760742188
2021-11-22,437.31939697265625,168.74000549316406,96.709228515625,18.272897720336914
2021-11-23,437.8993225097656,167.27999877929688,96.32715606689453,18.60354995727539
2021-11-24,439.068359375,167.1199951171875,96.54791259765625,18.533937454223633
2021-11-26,429.2757263183594,166.85000610351562,97.23563385009766,17.428863525390625
2021-11-29,434.5414733886719,166.6199951171875,97.28661346435547,17.428863525390625
2021-11-30,426.08642578125,165.5,97.44791412353516,16.950288772583008
2021-12-01,421.353759765625,166.16000366210938,97.46664428710938,16.802366256713867
2021-12-02,427.8073425292969,165.24000549316406,97.44962310791016,16.950288772583008
2021-12-03,424.0848083496094,166.6300048828125,97.84072875976562,16.967689514160156
2021-12-06,429.1073913574219,166.22000122070312,97.5006332397461,17.263538360595703
2021-12-07,437.9833984375,166.80999755859375,97.34759521484375,17.52457618713379
2021-12-08,439.1431884765625,166.89999389648438,97.0925064086914,17.7595157623291
2021-12-09,436.17828369140625,165.8800048828125,97.1009750366211,17.489774703979492
2021-12-10,440.2842712402344,166.5800018310547,97.12650299072266,17.689905166625977
2021-12-13,436.3840637207031,167.0,97.46664428710938,17.602890014648438
2021-12-14,433.3817443847656,165.44000244140625,97.27958679199219,17.446266174316406
2021-12-15,440.1533203125,166.14999389648438,97.20301055908203,17.533279418945312
2021-12-16,436.27178955078125,168.16000366210938,97.33668518066406,17.637697219848633
2021-12-17,431.62872314453125,167.8000030517578,97.45584106445312,17.428863525390625
2021-12-20,427.0390625,167.08999633789062,97.31114196777344,17.307044982910156
2021-12-21,434.62274169921875,167.02000427246094,97.2345199584961,17.672500610351562
2021-12-22,438.9684143066406,168.58999633789062,97.31962585449219,17.88133430480957
2021-12-23,441.6996765136719,168.97000122070312,97.20047760009766,17.97705078125
2021-12-27,447.95068359375,169.3699951171875,97.25155639648438,18.20328712463379
2021-12-28,447.5846862792969,168.63999938964844,97.20899963378906,18.16847801208496
2021-12-29,448.1571350097656,168.58999633789062,96.91963195800781,18.255495071411133
2021-12-30,446.9181823730469,169.8000030517578,97.13241577148438,18.16847801208496
2021-12-31,445.7919616699219,170.9600067138672,97.09834289550781,18.081466674804688
2022-01-03,448.3729553222656,168.3300018310547,96.43445587158203,18.151077270507812
2022-01-04,448.222900390625,169.57000732421875,96.42599487304688,18.36861228942871
2022-01-05,439.6160888671875,169.05999755859375,96.12803649902344,18.290300369262695
2022-01-06,439.2030944824219,166.99000549316406,96.02593994140625,18.44692611694336
2022-01-07,437.46661376953125,167.75,95.7450180053711,18.481731414794922
2022-01-10,436.9222717285156,168.25999450683594,95.65992736816406,18.403417587280273
2022-01-11,440.90191650390625,170.2899932861328,95.83866882324219,18.760175704956055
2022-01-12,442.0939025878906,170.74000549316406,95.83866882324219,18.908100128173828
2022-01-13,436.00244140625,170.16000366210938,96.00885009765625,18.707965850830078
2022-01-14,436.1808166503906,169.6699981689453,95.4726791381836,18.95160484313965
2022-01-18,428.45623779296875,169.38999938964844,94.89388275146484,19.099529266357422
2022-01-19,424.00732421875,172.0800018310547,95.09817504882812,19.20394515991211
2022-01-20,419.31439208984375,171.64999389648438,95.14924621582031,19.13433265686035
2022-01-21,411.0830078125,171.08999633789062,95.52372741699219,19.151737213134766
2022-01-24,412.8286437988281,172.02999877929688,95.41309356689453,19.10822868347168
2022-01-25,407.7884826660156,172.5800018310547,95.31947326660156,19.282257080078125
2022-01-26,406.7654113769531,169.7899932861328,94.78324890136719,19.325763702392578
2022-01-27,404.75689697265625,167.60000610351562,95.09817504882812,19.421478271484375
2022-01-28,414.80908203125,167.10000610351562,95.16626739501953,19.438880920410156
2022-01-31,422.28033447265625,168.08999633789062,95.15775299072266,19.508493423461914
2022-02-01,425.13360595703125,168.22999572753906,95.12448120117188,19.58680534362793
2022-02-02,429.263427734375,168.83999633789062,95.2267837524414,19.665117263793945
2022-02-03,419.173583984375,168.60000610351562,94.84320068359375,19.70862579345703
2022-02-04,421.14459228515625,168.86000061035156,94.24658203125,19.865249633789062
2022-02-07,419.7930603027344,170.11000061035156,94.331787109375,19.908754348754883
2022-02-08,423.2470703125,170.6300048828125,94.04199981689453,19.734729766845703
2022-02-09,429.441650390625,171.2100067138672,94.10164642333984,19.934860229492188
2022-02-10,421.7265625,170.55999755859375,93.23223114013672,19.830446243286133
2022-02-11,413.41064453125,173.80999755859375,93.8459701538086,20.12628936767578
2022-02-14,412.0591125488281,174.74000549316406,93.30045318603516,20.230709075927734
2022-02-15,418.70428466796875,173.0800018310547,93.14702606201172,19.900056838989258
2022-02-16,419.173583984375,174.86000061035156,93.25782012939453,19.926158905029297
2022-02-17,410.2195129394531,177.25,93.45384979248047,20.09148597717285
2022-02-18,407.563232421875,177.1199951171875,93.64989471435547,20.1697998046875
2022-02-22,403.1894226074219,177.49000549316406,93.54763793945312,20.456945419311523
2022-02-23,396.037353515625,178.2899932861328,93.12995910644531,20.648374557495117
2022-02-24,401.99737548828125,177.13999938964844,93.30045318603516,20.735387802124023
2022-02-25,410.8670959472656,176.5500030517578,93.3941879272461,20.422138214111328
2022-02-28,409.81591796875,178.3800048828125,94.06758880615234,20.77019500732422
2022-03-01,403.5743103027344,181.6199951171875,94.59766387939453,21.605525970458984
2022-03-02,410.99853515625,179.72999572753906,93.46234130859375,22.31033706665039
2022-03-03,408.952392578125,180.8000030517578,93.77820587158203,22.55397605895996
2022-03-04,405.6297607421875,183.67999267578125,94.15377807617188,23.502426147460938
2022-03-07,393.6720886230469,186.41000366210938,93.60747528076172,24.015810012817383
2022-03-08,390.6874084472656,191.50999450683594,93.27452850341797,24.424772262573242
2022-03-09,401.1620178222656,185.82000732421875,93.07823181152344,22.48436737060547
2022-03-10,399.35064697265625,186.39999389648438,92.5574951171875,22.214624404907227
2022-03-11,394.27288818359375,185.08999633789062,92.54043579101562,22.597482681274414
2022-03-14,391.3913269042969,182.3000030517578,91.6441421508789,21.93617820739746
2022-03-15,399.9981994628906,178.88999938964844,91.8490219116211,21.396692276000977
2022-03-16,408.8678894042969,180.00999450683594,91.91732025146484,21.21396255493164
2022-03-17,413.9831848144531,180.88999938964844,92.07096099853516,22.23202133178711
2022-03-18,418.5174865722656,179.3000030517578,92.27583312988281,22.336442947387695
2022-03-21,418.3951110839844,180.6699981689453,91.37098693847656,23.17177391052246
2022-03-22,423.29083251953125,179.36000061035156,91.12345123291016,23.119565963745117
2022-03-23,417.8395690917969,181.80999755859375,91.4990463256836,23.693857192993164
2022-03-24,424.1382141113281,183.1300048828125,91.29415130615234,23.458921432495117
2022-03-25,426.2095642089844,182.3800048828125,90.56858825683594,23.632946014404297
2022-03-28,429.2412109375,179.05999755859375,90.79053497314453,22.606184005737305
2022-03-29,434.5512390136719,179.13999938964844,91.21733856201172,22.693199157714844
2022-03-30,431.8680114746094,180.5800018310547,91.4648666381836,23.102163314819336
2022-03-31,425.2209777832031,180.64999389648438,91.42221069335938,22.675796508789062
2022-04-01,426.42608642578125,179.5,91.25977325439453,22.823719024658203
2022-04-04,430.0791015625,180.3699951171875,91.33673095703125,23.258787155151367
2022-04-05,424.6465759277344,179.24000549316406,90.41344451904297,23.067358016967773
2022-04-06,420.40045166015625,179.66000366210938,90.18260955810547,22.884628295898438
2022-04-07,422.51885986328125,180.33999633789062,89.98597717285156,22.962940216064453
2022-04-08,421.3890380859375,181.47000122070312,89.53290557861328,23.25008773803711
2022-04-11,414.1865539550781,182.3699951171875,89.14820098876953,23.058656692504883
2022-04-12,412.65185546875,183.77000427246094,89.43031311035156,23.74606704711914
2022-04-13,417.3782043457031,184.64999389648438,89.60982513427734,24.268146514892578
2022-04-14,412.18115234375,184.0399932861328,88.8831787109375,24.450876235961914
2022-04-18,412.3505859375,184.61000061035156,88.60962677001953,24.729320526123047
2022-04-19,419.0070495605469,181.82000732421875,88.07103729248047,24.0941219329834
2022-04-20,418.6963195800781,182.7100067138672,88.5754165649414,24.120222091674805
2022-04-21,412.435302734375,182.05999755859375,88.0881576538086,24.085418701171875
2022-04-22,401.1184997558594,180.2899932861328,88.00264739990234,23.62424659729004
2022-04-25,403.4439697265625,177.0500030517578,88.592529296875,23.450218200683594
2022-04-26,391.7599182128906,177.32000732421875,88.86608123779297,23.77216911315918
2022-04-27,392.8614501953125,175.97999572753906,88.50703430175781,23.937496185302734
2022-04-28,402.784912109375,176.92999267578125,88.47281646728516,24.13762664794922
2022-04-29,387.8997497558594,176.91000366210938,87.94280242919922,23.95490074157715
2022-05-02,390.2346496582031,173.6300048828125,87.4640884399414,24.320358276367188
2022-05-03,392.02349853515625,174.08999633789062,87.66104125976562,23.981002807617188
2022-05-04,403.9617614746094,175.8000030517578,88.22627258300781,24.729320526123047
2022-05-05,389.6038513183594,175.1300048828125,87.35273742675781,24.598800659179688
2022-05-06,387.2784118652344,175.4199981689453,86.98451232910156,24.62490463256836
2022-05-09,374.8787536621094,172.8800048828125,87.41267395019531,23.511127471923828
2022-05-10,375.7449645996094,171.4199981689453,87.67818450927734,23.371906280517578
2022-05-11,369.7757568359375,172.82000732421875,88.00362396240234,23.946195602416992
2022-05-12,369.3897705078125,170.1699981689453,88.16629791259766,24.05931282043457
2022-05-13,378.2210693359375,168.7899932861328,87.78951263427734,24.389968872070312
2022-05-16,376.6864013671875,170.39999389648438,87.98648071289062,24.79022979736328
2022-05-17,384.43499755859375,169.3300018310547,87.50689697265625,24.520488739013672
2022-05-18,368.93780517578125,169.4199981689453,87.8580093383789,23.989702224731445
2022-05-19,366.6782531738281,171.91000366210938,88.08067321777344,24.294252395629883
2022-05-20,366.83831787109375,172.02999877929688,88.34614562988281,24.329057693481445
2022-05-23,373.70184326171875,172.8300018310547,88.05500030517578,24.51178741455078
2022-05-24,370.84912109375,174.1300048828125,88.73152923583984,24.494382858276367
2022-05-25,374.12554931640625,173.0800018310547,89.09980010986328,24.668413162231445
2022-05-26,381.6011047363281,172.75999450683594,89.0312728881836,24.938154220581055
2022-05-27,390.96905517578125,172.85000610351562,89.17688751220703,25.23400115966797
2022-05-31,388.7754211425781,171.13999938964844,88.61165618896484,25.059972763061523
2022-06-01,385.6307373046875,172.22999572753906,88.24788665771484,25.181793212890625
2022-06-02,392.9744567871094,174.35000610351562,88.3593978881836,25.756084442138672
2022-06-03,386.5251770019531,172.5800018310547,88.21356201171875,25.99972152709961
2022-06-06,387.7020263671875,171.82000732421875,87.67308807373047,26.112838745117188
2022-06-07,391.42095947265625,172.94000244140625,88.00767517089844,26.286867141723633
2022-06-08,387.1653747558594,172.77999877929688,87.64730834960938,26.521804809570312
2022-06-09,377.9574890136719,172.22999572753906,87.55294036865234,26.5653133392334
2022-06-10,366.99822998046875,174.5399932861328,86.87517547607422,26.304269790649414
2022-06-13,353.0641174316406,169.92999267578125,85.45097351074219,26.008424758911133
2022-06-14,352.0001525878906,168.57000732421875,84.9448013305664,25.72127914428711
2022-06-15,357.0183410644531,170.77000427246094,85.88854217529297,25.738679885864258
2022-06-16,345.2025146484375,172.69000244140625,86.09445190429688,25.85179901123047
2022-06-17,345.9467468261719,171.27000427246094,86.08586120605469,24.929454803466797
2022-06-21,354.6553955078125,170.6300048828125,85.74268341064453,24.86854362487793
2022-06-22,354.012451171875,171.30999755859375,86.47193908691406,24.424772262573242
2022-06-23,357.4826965332031,170.25999450683594,86.832275390625,23.876585006713867
2022-06-24,368.84832763671875,170.08999633789062,86.69499969482422,24.10282325744629
2022-06-27,367.4395446777344,169.89999389648438,86.30894470214844,24.050613403320312
2022-06-28,359.9317626953125,169.6199951171875,86.34326934814453,24.337757110595703
2022-06-29,359.6385192871094,169.49000549316406,86.84083557128906,23.920093536376953
2022-06-30,356.716796875,168.4600067138672,87.23548889160156,23.18047523498535
2022-07-01,360.48956298828125,168.32000732421875,87.96266174316406,23.29359245300293
2022-07-05,361.1704406738281,164.75,88.1259536743164,21.727344512939453
2022-07-06,362.3902282714844,162.13999938964844,87.53287506103516,21.405393600463867
2022-07-07,367.8177795410156,162.22999572753906,87.33519744873047,22.29293441772461
2022-07-08,367.51513671875,162.3000030517578,87.00861358642578,22.68449592590332
2022-07-11,363.3168640136719,161.42999267578125,87.41253662109375,22.6409912109375
2022-07-12,360.1018981933594,160.8300018310547,87.53287506103516,21.614227294921875
2022-07-13,358.210693359375,161.60000610351562,87.8509521484375,21.736045837402344
2022-07-14,357.34088134765625,159.3300018310547,87.5414810180664,21.53591537475586
2022-07-15,364.16790771484375,159.00999450683594,87.88530731201172,21.814359664916992
2022-07-18,361.16094970703125,159.16000366210938,87.60165405273438,22.223323822021484
2022-07-19,370.91925048828125,159.5399932861328,87.4813232421875,22.31033706665039
2022-07-20,373.2831115722656,158.0399932861328,87.4211654663086,22.29293441772461
2022-07-21,377.0843811035156,160.27000427246094,88.15176391601562,21.91877555847168
2022-07-22,373.5857238769531,160.6699981689453,88.83936309814453,21.657733917236328
2022-07-25,374.0395812988281,160.22999572753906,88.51274108886719,22.04929542541504
2022-07-26,369.6143493652344,160.0399932861328,88.49555206298828,22.092802047729492
2022-07-27,379.21185302734375,161.6699981689453,88.80496215820312,22.597482681274414
2022-07-28,383.96807861328125,163.63999938964844,89.44102478027344,22.614885330200195
2022-07-29,389.5659484863281,164.10000610351562,89.44963836669922,22.719301223754883
2022-08-01,388.41229248046875,165.02999877929688,89.7596206665039,22.258129119873047
2022-08-02,385.8498229980469,164.0500030517578,88.83818817138672,22.1450138092041
2022-08-03,391.89202880859375,164.4499969482422,89.2343521118164,21.95357894897461
2022-08-04,391.62725830078125,167.1699981689453,89.44961547851562,21.718645095825195
2022-08-05,390.96539306640625,165.2899932861328,88.45066833496094,21.64033317565918
2022-08-08,390.5115051269531,166.69000244140625,88.85540771484375,21.9013729095459
2022-08-09,388.96075439453125,167.1999969482422,88.6573257446289,22.0841007232666
2022-08-10,397.1304931640625,166.77999877929688,88.88126373291016,22.38865089416504
2022-08-11,397.1304931640625,166.33999633789062,88.40760040283203,22.823719024658203
2022-08-12,403.8534851074219,167.8699951171875,88.80374145507812,22.701900482177734
2022-08-15,405.5177001953125,165.7100067138672,88.91570281982422,22.4234561920166
2022-08-16,406.31195068359375,165.4199981689453,88.78651428222656,22.171113967895508
2022-08-17,403.42791748046875,164.35000610351562,88.26118469238281,22.258129119873047
2022-08-18,404.6004943847656,163.9199981689453,88.45066833496094,22.597482681274414
2022-08-19,399.1634826660156,162.72000122070312,87.83061218261719,22.58877944946289
2022-08-22,390.8518981933594,161.63999938964844,87.45172882080078,22.788915634155273
2022-08-23,389.9062805175781,162.77000427246094,87.417236328125,23.16307258605957
2022-08-24,391.1545104980469,163.25,87.18473815917969,23.40671157836914
2022-08-25,396.67657470703125,163.75,87.66703033447266,23.076059341430664
2022-08-26,383.2494812011719,161.75999450683594,87.50336456298828,23.17177391052246
2022-08-29,380.71533203125,161.86000061035156,87.08138275146484,23.511127471923828
2022-08-30,376.53594970703125,160.50999450683594,87.19334411621094,22.858524322509766
2022-08-31,373.6708679199219,159.27000427246094,86.72831726074219,22.379945755004883
2022-09-01,374.84332275390625,157.8699951171875,86.3520736694336,21.9013729095459
2022-09-02,370.8908386230469,159.25999450683594,86.60232543945312,22.04929542541504
2022-09-06,369.4914855957031,158.3300018310547,85.79116821289062,21.91877555847168
2022-09-07,376.12933349609375,159.94000244140625,86.38661193847656,21.396692276000977
2022-09-08,378.5877685546875,158.97999572753906,86.11048889160156,21.483707427978516
2022-09-09,384.4692687988281,159.82000732421875,86.10184478759766,22.092802047729492
2022-09-12,388.601318359375,160.6300048828125,85.97241973876953,22.39735221862793
2022-09-13,371.7040710449219,158.5399932861328,85.48918151855469,22.28423500061035
2022-09-14,373.12237548828125,157.92999267578125,85.60135650634766,22.379945755004883
2022-09-15,368.8862609863281,154.97999572753906,85.34247589111328,21.727344512939453
2022-09-16,366.0720520019531,155.83999633789062,85.28208923339844,21.649032592773438
2022-09-19,368.9110107421875,155.9600067138672,85.15263366699219,21.718645095825195
2022-09-20,364.6763916015625,155.07000732421875,84.77294158935547,21.69253921508789
2022-09-21,358.31500244140625,155.7899932861328,85.04048919677734,21.5620174407959
2022-09-22,355.30523681640625,155.6999969482422,84.13442993164062,21.622928619384766
2022-09-23,349.35223388671875,153.00999450683594,83.87552642822266,20.892011642456055
2022-09-26,345.8960876464844,151.22999572753906,82.79689025878906,20.404735565185547
2022-09-27,345.0130920410156,151.5399932861328,82.44306945800781,20.622270584106445
2022-09-28,351.8017883300781,154.69000244140625,83.77198028564453,21.19655990600586
2022-09-29,344.4529724121094,154.66000366210938,83.33189392089844,21.0660400390625
2022-09-30,339.1264953613281,154.6699981689453,83.1334228515625,20.80500030517578
2022-10-03,348.07977294921875,158.42999267578125,83.80884552001953,21.274873733520508
2022-10-04,358.86566162109375,160.6999969482422,84.03368377685547,21.849164962768555
2022-10-05,358.03021240234375,159.80999755859375,83.59263610839844,22.240726470947266
2022-10-06,354.3367614746094,159.6300048828125,83.26398468017578,22.379945755004883
2022-10-07,344.4529724121094,157.8800048828125,82.82293701171875,22.614885330200195
2022-10-10,341.82293701171875,155.47999572753906,82.45110321044922,22.362545013427734
2022-10-11,339.658203125,155.16000366210938,82.50296783447266,22.04059410095215
2022-10-12,338.537841796875,155.99000549316406,82.5721206665039,22.04059410095215
2022-10-13,347.47222900390625,154.91000366210938,82.31268310546875,22.345142364501953
2022-10-14,339.5537414550781,152.97999572753906,81.86302947998047,21.9013729095459
2022-10-17,348.2793273925781,153.4199981689453,82.03597259521484,21.849164962768555
2022-10-18,352.3714294433594,153.75,82.17435455322266,21.614227294921875
2022-10-19,349.8743591308594,151.69000244140625,81.46516418457031,21.605525970458984
2022-10-20,346.94049072265625,151.4499969482422,80.97224426269531,21.622928619384766
2022-10-21,355.3717346191406,154.14999389648438,81.09332275390625,21.649032592773438
2022-10-24,359.72021484375,153.64999389648438,80.98090362548828,21.709941864013672
2022-10-25,365.46441650390625,154.0,81.77650451660156,21.831762313842773
2022-10-26,362.71099853515625,154.97999572753906,82.13976287841797,22.240726470947266
2022-10-27,360.7740783691406,154.74000549316406,82.55485534667969,22.27553367614746
2022-10-28,369.3571472167969,153.16000366210938,82.34730529785156,22.014488220214844
2022-10-31,366.6891784667969,151.91000366210938,82.07056427001953,21.857866287231445
2022-11-01,365.0845642089844,153.4600067138672,82.22309875488281,22.188518524169922
2022-11-02,355.92236328125,152.38999938964844,82.08442687988281,22.38865089416504
2022-11-03,352.25750732421875,151.80999755859375,81.7810287475586,22.371246337890625
2022-11-04,357.32757568359375,156.47000122070312,81.77238464355469,23.128267288208008
2022-11-07,360.74566650390625,155.85000610351562,81.51236724853516,22.92813491821289
2022-11-08,362.6920166015625,159.4499969482422,81.85906219482422,22.649690628051758
2022-11-09,355.2197265625,158.64999389648438,81.95437622070312,22.127609252929688
2022-11-10,374.7405700683594,163.47999572753906,83.7139892578125,22.327739715576172
2022-11-11,378.36749267578125,164.55999755859375,83.6533203125,22.754106521606445
2022-11-14,375.1488342285156,164.9199981689453,83.41928100585938,22.41475486755371
2022-11-15,378.34857177734375,165.5,84.0346450805664,22.675796508789062
2022-11-16,375.4621887207031,165.1199951171875,84.55477142333984,22.4234561920166
2022-11-17,374.3133544921875,163.9199981689453,84.19937896728516,22.04929542541504
2022-11-18,376.0129699707031,162.7899932861328,84.07803344726562,21.892671585083008
2022-11-21,374.6456604003906,161.8800048828125,84.0260238647461,21.814359664916992
2022-11-22,379.68719482421875,162.07000732421875,84.45941925048828,22.04059410095215
2022-11-23,382.0799255371094,163.0800018310547,84.96212768554688,21.736045837402344
2022-11-25,381.9943542480469,163.22000122070312,84.9794921875,21.54461669921875
2022-11-28,375.89892578125,161.92999267578125,84.8407974243164,21.41409683227539
2022-11-29,375.25323486328125,162.72999572753906,84.53742980957031,21.69253921508789
2022-11-30,387.0740051269531,164.80999755859375,85.19618225097656,22.17981719970703
2022-12-01,386.7891540527344,167.83999633789062,85.90510559082031,22.066699981689453
2022-12-02,386.34295654296875,167.25999450683594,86.26127624511719,21.831762313842773
2022-12-05,379.3929443359375,164.38999938964844,85.58365631103516,21.266172409057617
2022-12-06,373.924072265625,164.83999633789062,85.83560180664062,20.926816940307617
2022-12-07,373.2879333496094,166.3300018310547,86.60013580322266,20.82240104675293
2022-12-08,376.21221923828125,166.47000122070312,86.33949279785156,20.787595748901367
2022-12-09,373.40185546875,167.05999755859375,85.826904296875,20.81369972229004
2022-12-12,378.7853088378906,165.67999267578125,85.84431457519531,21.039934158325195
2022-12-13,381.6526184082031,168.50999450683594,86.41768646240234,21.387990951538086
2022-12-14,379.2125549316406,168.10000610351562,86.60882568359375,21.55331802368164
2022-12-15,369.9363708496094,165.35000610351562,86.73595428466797,21.29227638244629
2022-12-16,365.5688171386719,166.7899932861328,86.5095443725586,21.022533416748047
2022-12-19,362.4689025878906,166.32000732421875,85.97838592529297,20.983139038085938
2022-12-20,362.96484375,169.0800018310547,85.39498901367188,21.079435348510742
2022-12-21,368.3922119140625,168.8000030517578,85.63008880615234,21.350805282592773
2022-12-22,363.1366271972656,166.75999450683594,85.60397338867188,21.079435348510742
2022-12-23,365.22540283203125,167.25999450683594,85.30790710449219,21.4646053314209
2022-12-27,363.78515625,168.6699981689453,84.6896743774414,21.657190322875977
2022-12-28,359.26409912109375,167.91000366210938,84.5416259765625,21.412080764770508
2022-12-29,365.73095703125,168.85000610351562,84.8551025390625,21.385820388793945
2022-12-30,364.7676086425781,169.63999938964844,84.45458221435547,21.578407287597656
2023-01-03,363.23193359375,171.05999755859375,84.95091247558594,21.061925888061523
2023-01-04,366.03619384765625,172.6699981689453,85.42110443115234,20.68550682067871
2023-01-05,361.85845947265625,170.52000427246094,85.35145568847656,20.580461502075195
2023-01-06,370.15667724609375,173.7100067138672,86.28311920166016,20.69426155090332
2023-01-09,369.94683837890625,174.10000610351562,86.50084686279297,20.93937110900879
2023-01-10,372.541259765625,174.74000549316406,86.16997528076172,20.93937110900879
2023-01-11,377.2530517578125,174.6199951171875,86.70111846923828,21.31578826904297
2023-01-12,378.6265563964844,176.63999938964844,87.32807922363281,21.490867614746094
2023-01-13,380.0953674316406,178.75999450683594,87.0058822631836,21.700963973999023
2023-01-17,379.39923095703125,177.58999633789062,86.8491439819336,21.84977912902832
2023-01-18,373.4092102050781,177.0800018310547,87.71121978759766,21.61342430114746
2023-01-19,370.6908264160156,179.88999938964844,87.51091766357422,21.832271575927734
2023-01-20,377.5964660644531,179.2899932861328,87.15391540527344,21.963579177856445
2023-01-23,382.1270446777344,179.6300048828125,86.93622589111328,22.016101837158203
2023-01-24,381.71697998046875,180.27999877929688,87.31937408447266,21.8935489654541
2023-01-25,381.8600158691406,181.11000061035156,87.42384338378906,21.832271575927734
2023-01-26,386.0567626953125,179.47000122070312,87.27579498291016,21.928564071655273
2023-01-27,386.94378662109375,179.22000122070312,87.14521026611328,21.683454513549805
2023-01-30,382.08892822265625,178.75999450683594,86.91007232666016,21.403329849243164
2023-01-31,387.7068786621094,179.41000366210938,87.26708221435547,21.770994186401367
2023-02-01,391.82733154296875,181.6699981689453,87.88248443603516,21.359560012817383
2023-02-02,397.5311584472656,177.89999389648438,87.978515625,21.201988220214844
2023-02-03,393.3058166503906,173.4600067138672,87.1318130493164,20.667999267578125
2023-02-06,390.9021911621094,173.82000732421875,86.65172576904297,20.729278564453125
2023-02-07,396.0146179199219,173.97999572753906,86.5033187866211,21.12320327758789
2023-02-08,391.6843566894531,174.41000366210938,86.62552642822266,21.16697120666504
2023-02-09,388.2886657714844,173.02999877929688,86.28506469726562,21.000648498535156
2023-02-10,389.1949157714844,173.36000061035156,85.90977478027344,21.298280715942383
2023-02-13,393.7635803222656,172.47999572753906,86.17162322998047,21.254512786865234
2023-02-14,393.5823974609375,172.61000061035156,85.86612701416016,21.324542999267578
2023-02-15,394.8605041503906,170.88999938964844,85.70027160644531,21.096940994262695
2023-02-16,389.423828125,170.75,85.3423843383789,21.035663604736328
2023-02-17,388.4508361816406,171.25999450683594,85.54313659667969,20.878093719482422
2023-02-21,380.6582336425781,170.6199951171875,84.7400894165039,20.904354095458984
2023-02-22,380.1335754394531,169.66000366210938,84.96703338623047,20.632984161376953
2023-02-23,382.1556701660156,169.57000732421875,85.27254486083984,20.79055404663086
2023-02-24,378.0733947753906,168.35000610351562,84.78373718261719,20.720523834228516
2023-02-27,379.3609924316406,169.00999450683594,84.94953918457031,20.73802947998047
2023-02-28,377.9589538574219,169.77999877929688,84.94082641601562,20.79930877685547
2023-03-01,376.5090637207031,170.75999450683594,84.45436096191406,21.158218383789062
2023-03-02,379.4372863769531,170.66000366210938,84.27935028076172,21.079435348510742
2023-03-03,385.522705078125,172.49000549316406,84.94435119628906,21.412080764770508
2023-03-06,385.7897644042969,171.6199951171875,84.73434448242188,21.307035446166992
2023-03-07,379.8760986328125,168.6199951171875,84.62062072753906,20.869340896606445
2023-03-08,380.4960021972656,168.5399932861328,84.5331039428711,20.755537033081055
2023-03-09,373.4759521484375,170.1999969482422,84.83935546875,20.501676559448242
2023-03-10,368.0868835449219,173.8699951171875,85.8281021118164,20.720523834228516
2023-03-13,367.56231689453125,177.86000061035156,86.51058197021484,20.589214324951172
2023-03-14,373.6381530761719,176.8300018310547,86.00308990478516,20.326595306396484
2023-03-15,371.30120849609375,178.2100067138672,86.860595703125,19.853885650634766
2023-03-16,377.8157958984375,178.57000732421875,86.51935577392578,19.915163040161133
2023-03-17,373.3981628417969,183.77000427246094,87.06184387207031,19.853885650634766
2023-03-20,376.988525390625,183.83999633789062,86.71183013916016,19.93267059326172
2023-03-21,381.9385986328125,180.3699951171875,86.4493408203125,20.002702713012695
2023-03-22,375.42791748046875,183.44000244140625,87.28057861328125,20.055225372314453
2023-03-23,376.4428405761719,185.74000549316406,87.4905776977539,20.002702713012695
2023-03-24,378.9131164550781,183.64999389648438,87.63933563232422,20.0989933013916
2023-03-27,379.62158203125,181.9499969482422,86.69434356689453,20.475412368774414
2023-03-28,378.7695007324219,183.44000244140625,86.56310272216797,20.571706771850586
2023-03-29,384.2748107910156,182.52999877929688,86.66810607910156,20.440399169921875
2023-03-30,386.52484130859375,184.17999267578125,86.76435089111328,20.589214324951172
2023-03-31,391.9727478027344,183.22000122070312,87.1843490600586,20.781801223754883
2023-04-03,393.4664306640625,184.5399932861328,87.56330108642578,21.12320327758789
2023-04-04,391.283447265625,187.97999572753906,87.88784790039062,21.096940994262695
2023-04-05,390.2589111328125,187.8300018310547,88.18609619140625,21.17572784423828
2023-04-06,391.78125,186.49000549316406,88.10717010498047,21.114450454711914
2023-04-10,392.18341064453125,185.11000061035156,87.50187683105469,21.114450454711914
2023-04-11,392.2886657714844,186.27999877929688,87.55451965332031,21.228248596191406
2023-04-12,390.68975830078125,187.19000244140625,87.6597900390625,21.394575119018555
2023-04-13,395.8792419433594,189.72000122070312,87.62469482421875,21.394575119018555
2023-04-14,394.9121398925781,186.36000061035156,87.19485473632812,21.42083740234375
2023-04-17,396.3291931152344,185.52999877929688,86.75625610351562,21.333297729492188
2023-04-18,396.587646484375,186.25,86.87908935546875,21.377065658569336
2023-04-19,396.5206604003906,185.36000061035156,86.7474594116211,21.079435348510742
2023-04-20,394.35687255859375,186.08999633789062,87.1422348022461,20.89560317993164
2023-04-21,394.66326904296875,184.25,86.99311065673828,20.851831436157227
2023-04-24,395.0749206542969,184.80999755859375,87.33521270751953,21.018156051635742
2023-04-25,388.8035888671875,185.75,87.87908935546875,20.720523834228516
2023-04-26,387.1567687988281,184.74000549316406,87.55451965332031,20.40538215637207
2023-04-27,394.86431884765625,184.75,87.23872375488281,20.431644439697266
2023-04-28,398.2345275878906,184.8000030517578,87.68611145019531,20.624229431152344
2023-05-01,397.8323974609375,183.97000122070312,86.78823852539062,20.44915199279785
2023-05-02,393.3610534667969,187.52000427246094,87.63246154785156,19.985193252563477
2023-05-03,390.66107177734375,189.11000061035156,88.0194091796875,19.731332778930664
2023-05-04,387.8939514160156,190.44000244140625,87.91385650634766,19.810115814208984
2023-05-05,395.0749206542969,187.4600067138672,87.63246154785156,20.25656509399414
2023-05-08,395.18023681640625,187.69000244140625,87.14881896972656,20.352859497070312
2023-05-09,393.44720458984375,189.02000427246094,87.06964111328125,20.414134979248047
2023-05-10,395.28558349609375,188.75,87.63246154785156,20.352859497070312
2023-05-11,394.5961608886719,187.1300048828125,87.89627075195312,20.002702713012695
2023-05-12,394.0791931152344,186.80999755859375,87.40382385253906,19.845130920410156
2023-05-15,395.4387512207031,187.2100067138672,87.1839599609375,20.072734832763672
2023-05-16,392.7961730957031,184.8699951171875,86.981689453125,19.853885650634766
2023-05-17,397.5643005371094,184.22999572753906,86.84976959228516,20.090242385864258
2023-05-18,401.3941345214844,181.83999633789062,86.44528198242188,19.906408309936523
2023-05-19,400.8100891113281,183.63999938964844,86.2518081665039,19.88014793395996
2023-05-22,400.97283935546875,183.2100067138672,86.17264556884766,19.897653579711914
2023-05-23,396.4728088378906,183.42999267578125,86.26937866210938,19.9764404296875
2023-05-24,393.6004333496094,181.9499969482422,86.04950714111328,19.985193252563477
2023-05-25,397.0090026855469,180.1999969482422,85.73294830322266,19.670053482055664
2023-05-26,402.1505126953125,180.9199981689453,85.80329132080078,19.985193252563477
2023-05-30,402.3037109375,182.0399932861328,86.37490844726562,19.521236419677734
2023-05-31,400.0728454589844,182.32000732421875,86.6827163696289,19.30238914489746
2023-06-01,403.8739013671875,183.75999450683594,86.94544219970703,19.617528915405273
2023-06-02,409.71441650390625,181.0500030517578,86.48696899414062,19.87139320373535
2023-06-05,408.9293518066406,182.13999938964844,86.4781494140625,19.81886863708496
2023-06-06,409.8196716308594,182.33999633789062,86.5839614868164,19.845130920410156
2023-06-07,408.40264892578125,180.14999389648438,86.1254653930664,19.923917770385742
2023-06-08,410.8728942871094,182.52999877929688,86.5839614868164,19.95893096923828
2023-06-09,411.6101379394531,182.0399932861328,86.38117980957031,19.836376190185547
2023-06-12,415.34423828125,181.8800048828125,86.53105926513672,19.565006256103516
2023-06-13,418.0825500488281,180.5399932861328,86.1254653930664,19.82762336730957
2023-06-14,418.5804443359375,180.63999938964844,86.20482635498047,19.87139320373535
2023-06-15,423.7698974609375,181.91000366210938,86.80436706542969,20.291582107543945
2023-06-16,422.3263854980469,181.6300048828125,86.53105926513672,20.54544448852539
2023-06-20,420.1353454589844,179.75,86.68976593017578,20.36161231994629
2023-06-21,417.98260498046875,179.49000549316406,86.8308334350586,20.65924644470215
2023-06-22,419.491455078125,177.7100067138672,86.38117980957031,20.274072647094727
2023-06-23,416.320068359375,178.1999969482422,86.63685607910156,20.055225372314453
2023-06-26,414.6191711425781,178.50999450683594,86.74264526367188,20.08148765563965
2023-06-27,419.1647033691406,177.69000244140625,86.57512664794922,19.757591247558594
2023-06-28,419.37615966796875,177.27999877929688,86.8308334350586,19.69631576538086
2023-06-29,421.029052734375,177.08999633789062,86.16072082519531,19.705068588256836
2023-06-30,425.9975280761719,178.27000427246094,86.36354064941406,19.87139320373535
2023-07-03,426.48760986328125,178.47000122070312,86.2618637084961,19.87139320373535
2023-07-05,425.85333251953125,177.83999633789062,85.87288665771484,19.993947982788086
2023-07-06,422.5185852050781,177.30999755859375,85.31597900390625,19.950180053710938
2023-07-07,421.4518737792969,178.63999938964844,85.33366394042969,20.116500854492188
2023-07-10,422.5185852050781,178.77999877929688,85.57235717773438,20.160274505615234
2023-07-11,425.20947265625,179.4499969482422,85.75798797607422,20.396625518798828
2023-07-12,428.6307067871094,181.8800048828125,86.45634460449219,20.54544448852539
2023-07-13,432.03265380859375,182.00999450683594,86.99556732177734,20.83432388305664
2023-07-14,431.7635498046875,181.42999267578125,86.58010864257812,20.69426155090332
2023-07-17,433.2627258300781,181.55999755859375,86.6773452758789,20.527936935424805
2023-07-18,436.48211669921875,183.63999938964844,86.74805450439453,20.79930877685547
2023-07-19,437.4527282714844,183.6699981689453,87.0132827758789,20.913108825683594
2023-07-20,434.5505065917969,182.74000549316406,86.56243133544922,20.97438621520996
2023-07-21,434.5505065917969,182.17999267578125,86.62429809570312,21.08818817138672
2023-07-24,436.49176025390625,181.39999389648438,86.46517944335938,21.4646053314209
2023-07-25,437.68341064453125,182.41000366210938,86.3679428100586,21.543392181396484
2023-07-26,437.75067138671875,183.3000030517578,86.65081024169922,21.438344955444336
2023-07-27,434.8483581542969,180.4199981689453,85.90827178955078,21.385820388793945
2023-07-28,439.105712890625,181.86000061035156,86.24414825439453,21.51712989807129
2023-07-31,439.94183349609375,182.35000610351562,86.35026550292969,21.60466957092285
2023-08-01,438.68280029296875,180.4600067138672,85.77852630615234,21.490867614746094
2023-08-02,432.5804443359375,179.60000610351562,85.57465362548828,21.16697120666504
2023-08-03,431.3407287597656,179.5399932861328,84.99847412109375,21.36831283569336
2023-08-04,429.3898620605469,180.19000244140625,85.69876098632812,21.403329849243164
2023-08-07,433.1378479003906,179.77999877929688,85.71646881103516,21.412080764770508
2023-08-08,431.2541809082031,178.63999938964844,85.92033386230469,21.385820388793945
2023-08-09,428.37115478515625,177.7899932861328,85.98239135742188,21.534637451171875
2023-08-10,428.52496337890625,177.60000610351562,85.42395782470703,21.42083740234375
2023-08-11,428.27508544921875,177.60000610351562,85.15804290771484,21.385820388793945
2023-08-14,430.6391906738281,177.05999755859375,85.09598541259766,21.280773162841797
2023-08-15,425.6227111816406,176.58999633789062,84.86550903320312,21.02691078186035
2023-08-16,422.4994201660156,175.57000732421875,84.66163635253906,20.93937110900879
2023-08-17,419.2800598144531,175.3000030517578,84.5730209350586,20.99189567565918
2023-08-18,419.4818420410156,175.3300018310547,84.75914764404297,21.14071273803711
2023-08-21,422.2110290527344,175.80999755859375,84.33367919921875,21.08818817138672
2023-08-22,421.06756591796875,176.10000610351562,84.42232513427734,21.096940994262695
2023-08-23,425.7572326660156,177.88999938964844,85.22896575927734,21.14071273803711
2023-08-24,419.8566589355469,177.85000610351562,85.03392791748047,21.158218383789062
2023-08-25,422.8165283203125,177.6199951171875,84.98075103759766,21.36831283569336
2023-08-28,425.497802734375,178.1300048828125,85.16690826416016,21.333297729492188
2023-08-29,431.6482238769531,179.8699951171875,85.71646881103516,21.412080764770508
2023-08-30,433.4261169433594,180.32000732421875,85.68103790283203,21.438344955444336
2023-08-31,432.7918701171875,180.02000427246094,85.80512237548828,21.525882720947266
2023-09-01,433.59912109375,180.11000061035156,85.36070251464844,21.779747009277344
2023-09-05,431.72509765625,178.63999938964844,84.89855194091797,21.884794235229492
2023-09-06,428.8229064941406,177.8300018310547,84.81855010986328,21.937314987182617
2023-09-07,427.50628662109375,178.02000427246094,85.08519744873047,21.8935489654541
2023-09-08,428.1501770019531,178.0800018310547,85.1296157836914,21.937314987182617
2023-09-11,430.9659423828125,178.41000366210938,85.03182220458984,22.068626403808594
2023-09-12,428.601806640625,177.49000549316406,85.05853271484375,22.147409439086914
2023-09-13,429.1015930175781,177.0800018310547,85.18296813964844,22.21744155883789
2023-09-14,432.80145263671875,177.1699981689453,85.06742858886719,22.401277542114258
2023-09-15,427.5868835449219,178.33999633789062,84.87188720703125,22.348752975463867
2023-09-18,427.837646484375,179.38999938964844,84.99630737304688,22.34000015258789
2023-09-19,426.95037841796875,179.22000122070312,84.7474365234375,22.357505798339844
2023-09-20,423.0253601074219,179.35000610351562,84.7030258178711,22.173673629760742
2023-09-21,416.03338623046875,178.0500030517578,84.12528228759766,22.103641510009766
2023-09-22,415.0979919433594,178.6199951171875,84.48081970214844,22.12114906311035
2023-09-25,416.8434753417969,177.6999969482422,83.8141860961914,22.016101837158203
2023-09-26,410.7195129394531,176.27999877929688,83.70751953125,21.98984146118164
2023-09-27,410.88348388671875,174.10000610351562,83.41425323486328,22.112396240234375
2023-09-28,413.2655944824219,173.22999572753906,83.6630859375,22.086132049560547
2023-09-29,412.2626037597656,171.4499969482422,83.5831298828125,21.84977912902832
2023-10-02,412.0986328125,169.64999389648438,83.0011215209961,21.683454513549805
2023-10-03,406.582275390625,169.16000366210938,82.35053253173828,21.587160110473633
2023-10-04,409.5429382324219,169.13999938964844,82.92984771728516,20.983139038085938
2023-10-05,409.3887023925781,168.8300018310547,82.98329162597656,20.860586166381836
2023-10-06,414.2491760253906,169.6999969482422,82.66246032714844,20.93937110900879
2023-10-09,416.9013671875,172.82000732421875,83.51805877685547,21.377065658569336
2023-10-10,419.07122802734375,172.52999877929688,83.43785858154297,21.324542999267578
2023-10-11,420.78790283203125,173.7899932861328,83.82106018066406,21.201988220214844
2023-10-12,418.2225036621094,173.25999450683594,83.09917449951172,21.193233489990234
2023-10-13,416.1395263671875,178.8300018310547,83.45567321777344,21.75348472595215
2023-10-16,420.5179138183594,177.9600067138672,82.99224090576172,21.683454513549805
2023-10-17,420.49859619140625,178.2899932861328,82.39509582519531,21.744731903076172
2023-10-18,414.8953857421875,180.8699951171875,82.01184844970703,21.937314987182617
2023-10-19,411.2499084472656,183.08999633789062,81.69992065429688,22.164918899536133
2023-10-20,406.196533203125,183.58999633789062,81.99402618408203,21.998594284057617
2023-10-23,405.49249267578125,182.97000122070312,82.31487274169922,21.858531951904297
2023-10-24,408.5496826171875,182.9499969482422,82.60899353027344,21.622177124023438
2023-10-25,402.6860656738281,183.72000122070312,81.99402618408203,21.779747009277344
2023-10-26,397.864013671875,184.00999450683594,82.54657745361328,21.59591293334961
2023-10-27,396.06060791015625,186.14999389648438,82.51986694335938,21.884794235229492
2023-10-30,400.7958984375,185.10000610351562,82.32376861572266,21.534637451171875
2023-10-31,403.31292724609375,184.08999633789062,82.27030181884766,21.455852508544922
2023-11-01,407.6141662597656,183.50999450683594,83.179443359375,21.490867614746094
2023-11-02,415.4258728027344,184.1199951171875,83.68002319335938,21.718469619750977
2023-11-03,419.2159118652344,184.7899932861328,84.1895523071289,21.60466957092285
2023-11-06,420.1803283691406,183.35000610351562,83.76942443847656,21.69220733642578
2023-11-07,421.3761901855469,182.58999633789062,84.21638488769531,21.228248596191406
2023-11-08,421.68475341796875,180.77000427246094,84.5024185180664,20.99189567565918
2023-11-09,418.3962097167969,181.49000549316406,83.79623413085938,20.93937110900879
2023-11-10,424.9252014160156,179.50999450683594,83.99288177490234,21.044418334960938
2023-11-13,424.5201416015625,180.50999450683594,83.98394775390625,21.350805282592773
2023-11-14,432.756103515625,182.1199951171875,85.03878021240234,21.31578826904297
2023-11-15,433.67230224609375,181.63999938964844,84.51136016845703,21.17572784423828
2023-11-16,434.2027893066406,183.69000244140625,84.9761962890625,20.667999267578125
2023-11-17,434.7427978515625,183.6699981689453,85.14606475830078,20.965633392333984
2023-11-20,438.08929443359375,183.3699951171875,85.28014373779297,21.228248596191406
2023-11-21,437.1344909667969,185.35000610351562,85.36954498291016,21.350805282592773
2023-11-22,438.8221740722656,184.55999755859375,85.44998931884766,21.16697120666504
2023-11-24,439.0922546386719,185.52000427246094,85.0566635131836,21.02691078186035
2023-11-27,438.3013916015625,186.77000427246094,85.53938293457031,20.8868465423584
2023-11-28,438.7354431152344,189.25999450683594,85.91484069824219,21.14071273803711
2023-11-29,438.4267883300781,189.5399932861328,86.3349838256836,21.289527893066406
2023-11-30,440.1531066894531,188.75,86.04890441894531,20.930618286132812
2023-12-01,442.7569885253906,192.00999450683594,86.80554962158203,20.83432388305664
2023-12-04,440.43280029296875,187.86000061035156,86.4738540649414,20.69426155090332
2023-12-05,440.345947265625,187.14999389648438,87.04759216308594,20.51042938232422
2023-12-06,438.57147216796875,187.83999633789062,87.27171325683594,20.011457443237305
2023-12-07,441.91796875,188.14999389648438,87.29859161376953,20.046470642089844
2023-12-08,443.8178405761719,185.63999938964844,86.8593521118164,20.134010314941406
2023-12-11,445.5440673828125,183.58999633789062,86.8683090209961,20.063980102539062
2023-12-12,447.5789794921875,183.49000549316406,87.12828826904297,19.757591247558594
2023-12-13,453.7511901855469,187.6300048828125,88.22197723388672,19.985193252563477
2023-12-14,455.2073974609375,188.72999572753906,88.93401336669922,20.317842483520508
2023-12-15,454.4579162597656,187.0,88.72724151611328,20.352859497070312
2023-12-18,457.0142517089844,187.85000610351562,88.54743194580078,20.498884201049805
2023-12-19,459.79327392578125,189.1300048828125,88.65531158447266,20.655014038085938
2023-12-20,453.421875,188.10000610351562,88.97896575927734,20.416229248046875
2023-12-21,457.72119140625,189.42999267578125,88.96997833251953,20.452964782714844
2023-12-22,458.6410217285156,190.27000427246094,88.85309600830078,20.416229248046875
2023-12-26,460.5776672363281,191.72000122070312,89.0329360961914,20.61827850341797
2023-12-27,461.4103698730469,192.58999633789062,89.59931182861328,20.526437759399414
2023-12-28,461.5847473144531,191.47000122070312,89.40151977539062,20.351940155029297
2023-12-29,460.2484130859375,191.1699981689453,89.23069763183594,20.241731643676758
2024-01-02,457.6726989746094,190.72000122070312,88.80816650390625,20.076417922973633
2024-01-03,453.93505859375,189.1300048828125,88.85309600830078,20.33357048034668
2024-01-04,452.47283935546875,189.32000732421875,88.49349212646484,20.223363876342773
2024-01-05,453.0926208496094,189.35000610351562,88.28669738769531,20.324386596679688
2024-01-08,459.5609436035156,187.8699951171875,88.61934661865234,20.03049659729004
2024-01-09,458.86376953125,187.92999267578125,88.60137939453125,20.177440643310547
2024-01-10,461.45880126953125,187.5,88.4305648803711,20.03968048095703
2024-01-11,461.2554626464844,187.8699951171875,88.93401336669922,20.186626434326172
2024-01-12,461.5750732421875,189.7100067138672,89.09584045410156,20.260099411010742
2024-01-16,459.88043212890625,187.91000366210938,88.4305648803711,20.085603713989258
2024-01-17,457.3241271972656,185.83999633789062,88.18781280517578,20.05805015563965
2024-01-18,461.3909912109375,187.3699951171875,88.10691833496094,20.186626434326172
2024-01-19,467.1427917480469,187.92999267578125,88.12487030029297,20.149890899658203
2024-01-22,468.1304626464844,187.22000122070312,88.28669738769531,20.232547760009766
2024-01-23,469.49578857421875,187.9499969482422,88.07091522216797,20.342756271362305
2024-01-24,470.0090026855469,186.39999389648438,87.87315368652344,20.517253875732422
2024-01-25,472.5653381347656,187.13999938964844,88.26873016357422,20.673383712768555
2024-01-26,471.96502685546875,187.00999450683594,88.16984558105469,20.76522445678711
2024-01-29,475.70263671875,188.3300018310547,88.52044677734375,20.59072494506836
2024-01-30,475.334716796875,188.58999633789062,88.69126892089844,20.72848892211914
2024-01-31,467.5785217285156,188.4499969482422,89.09584045410156,20.50806999206543
2024-02-01,473.6983337402344,190.41000366210938,89.603515625,20.260099411010742
2024-02-02,478.6850891113281,188.61000061035156,88.782958984375,20.03049659729004
2024-02-05,476.9421691894531,187.57000732421875,88.05255126953125,20.11315155029297
2024-02-06,478.32684326171875,188.5500030517578,88.51244354248047,20.186626434326172
2024-02-07,482.3163146972656,188.5,88.33209991455078,20.278467178344727
2024-02-08,482.5293273925781,188.3300018310547,88.06157684326172,20.3886775970459
2024-02-09,485.3179931640625,187.60000610351562,88.0345230102539,20.44378089904785
2024-02-12,485.1050109863281,187.11000061035156,88.05255126953125,20.452964782714844
2024-02-13,478.4236755371094,184.52999877929688,87.24101257324219,20.33357048034668
2024-02-14,482.7713623046875,184.4199981689453,87.62875366210938,20.140705108642578
2024-02-15,486.1023864746094,185.66000366210938,87.83616638183594,20.186626434326172
2024-02-16,483.6816101074219,186.33999633789062,87.55661010742188,20.232547760009766
2024-02-20,481.0187072753906,187.47000122070312,87.63778686523438,20.122337341308594
2024-02-21,481.4544372558594,187.47999572753906,87.37629699707031,20.204994201660156
2024-02-22,491.4184265136719,187.55999755859375,87.44843292236328,20.260099411010742
2024-02-23,491.7573547363281,188.6199951171875,87.77303314208984,19.96620750427246
2024-02-26,489.95623779296875,188.1999969482422,87.58367156982422,20.149890899658203
2024-02-27,490.8664245605469,188.0,87.46646118164062,20.306018829345703
2024-02-28,490.21771240234375,188.33999633789062,87.63778686523438,20.223363876342773
2024-02-29,491.98004150390625,189.30999755859375,87.78206634521484,20.195810317993164
2024-03-01,496.5988464355469,192.88999938964844,88.20347595214844,20.29683494567871
2024-03-04,496.0663146972656,196.00999450683594,87.98644256591797,20.36112403869629
2024-03-05,491.1084899902344,197.19000244140625,88.46575927734375,20.204994201660156
2024-03-06,493.5970764160156,198.80999755859375,88.60137939453125,20.37030792236328
2024-03-07,498.49676513671875,199.94000244140625,88.79132080078125,20.425413131713867
2024-03-08,495.5046081542969,201.6300048828125,88.87274169921875,20.36112403869629
2024-03-11,495.07861328125,202.0,88.77324676513672,20.53562355041504
2024-03-12,500.4043884277344,199.7899932861328,88.54714965820312,20.48051643371582
2024-03-13,499.6200256347656,201.19000244140625,88.38436126708984,20.76522445678711
2024-03-14,498.63232421875,200.35000610351562,87.8236312866211,20.829513549804688
2024-03-15,495.20843505859375,199.7100067138672,87.81460571289062,20.902986526489258
2024-03-18,498.15155029296875,200.02999877929688,87.72417449951172,21.095849990844727
2024-03-19,500.91986083984375,199.8000030517578,87.94122314453125,21.086666107177734
2024-03-20,505.5530090332031,202.17999267578125,88.12210083007812,21.03156280517578
2024-03-21,507.2236633300781,201.97000122070312,88.1854019165039,21.004011154174805
2024-03-22,506.26214599609375,200.35000610351562,88.46575927734375,20.857065200805664
2024-03-25,504.86334228515625,200.99000549316406,88.3029556274414,21.03156280517578
2024-03-26,503.93096923828125,201.63999938964844,88.3934097290039,20.866249084472656
2024-03-27,508.1658935546875,203.10000610351562,88.68280029296875,20.847881317138672
2024-03-28,508.0686950683594,205.72000122070312,88.57427215576172,21.095849990844727
2024-04-01,507.1847229003906,207.82000732421875,87.93029022216797,21.196876525878906
2024-04-02,503.9600524902344,210.88999938964844,87.86676025390625,21.389741897583008
2024-04-03,504.5135803222656,212.74000549316406,87.92120361328125,21.646896362304688
2024-04-04,498.35546875,211.52000427246094,88.12982940673828,21.702001571655273
2024-04-05,503.561767578125,215.13999938964844,87.69442749023438,21.812210083007812
2024-04-08,503.8433837890625,216.47999572753906,87.61278533935547,21.80302619934082
2024-04-09,504.42633056640625,217.6699981689453,87.912109375,21.68363380432129
2024-04-10,499.3753967285156,215.61000061035156,86.85993957519531,21.793842315673828
2024-04-11,503.1441345214844,219.8000030517578,86.87808227539062,21.757104873657227
2024-04-12,496.1991271972656,216.88999938964844,87.04134368896484,21.784656524658203
2024-04-15,489.9827880859375,220.9499969482422,86.51526641845703,21.812210083007812
2024-04-16,489.089111328125,221.22000122070312,86.27034759521484,21.77547264099121
2024-04-17,486.194580078125,219.58999633789062,86.66947174072266,21.43566131591797
2024-04-18,485.1941223144531,220.33999633789062,86.42454528808594,21.426477432250977
2024-04-19,480.9591064453125,221.02999877929688,86.51526641845703,21.527503967285156
2024-04-22,485.3883972167969,215.57000732421875,86.5696792602539,21.527503967285156
2024-04-23,491.1482849121094,215.0399932861328,86.7510986328125,21.61934471130371
2024-04-24,490.9151916503906,214.63999938964844,86.52432250976562,21.5917911529541
2024-04-25,489.05023193359375,215.9199981689453,86.27941131591797,21.711183547973633
2024-04-26,493.6835021972656,216.6199951171875,86.46990203857422,21.72955322265625
2024-04-29,495.4317932128906,216.17999267578125,86.73294830322266,21.711183547973633
2024-04-30,487.58355712890625,211.8699951171875,86.37921142578125,21.43566131591797
2024-05-01,486.0003356933594,213.7899932861328,86.68402099609375,21.123403549194336
2024-05-02,490.5461120605469,213.1300048828125,87.07526397705078,21.196876525878906
2024-05-03,496.62652587890625,212.9600067138672,87.52108764648438,21.224430084228516
2024-05-06,501.75518798828125,215.1999969482422,87.5848159790039,21.463214874267578
2024-05-07,502.30877685546875,214.2100067138672,87.76677703857422,21.444847106933594
2024-05-08,502.3573913574219,213.5800018310547,87.5848159790039,21.334636688232422
2024-05-09,505.2518310546875,216.9499969482422,87.7485580444336,21.417293548583984
2024-05-10,505.9026794433594,218.7100067138672,87.56658172607422,21.38055992126465
2024-05-13,505.97064208984375,216.25999450683594,87.6120834350586,21.518320083618164
2024-05-14,508.2921447753906,218.08999633789062,87.84867095947266,21.426477432250977
2024-05-15,514.5863647460938,220.88999938964844,88.43098449707031,21.499950408935547
2024-05-16,513.5275268554688,220.02999877929688,88.3309097290039,21.5550537109375
2024-05-17,514.2657470703125,223.66000366210938,88.048828125,21.77547264099121
2024-05-20,514.8583374023438,224.55999755859375,87.96692657470703,21.968339920043945
2024-05-21,516.1210327148438,224.22999572753906,88.13072204589844,21.876497268676758
2024-05-22,514.6348266601562,220.11000061035156,88.02152252197266,21.564237594604492
2024-05-23,510.87579345703125,215.72000122070312,87.7758560180664,21.454030990600586
2024-05-24,514.2560424804688,215.9199981689453,87.87593841552734,21.600976943969727
2024-05-28,514.615478515625,218.19000244140625,87.46649932861328,21.986709594726562
2024-05-29,511.01177978515625,216.16000366210938,87.1298599243164,21.757104873657227
2024-05-30,507.6218566894531,216.57000732421875,87.539306640625,21.47239875793457
2024-05-31,512.2454223632812,215.3000030517578,87.82134246826172,21.371374130249023
2024-06-03,512.6630249023438,217.22000122070312,88.35258483886719,21.06829833984375
2024-06-04,513.2361450195312,215.27000427246094,88.67202758789062,20.857065200805664
2024-06-05,519.3360595703125,217.82000732421875,88.94584655761719,20.930538177490234
2024-06-06,519.3262329101562,219.42999267578125,88.97323608398438,21.2060604095459
2024-06-07,518.6950073242188,211.60000610351562,88.18827056884766,20.902986526489258
2024-06-10,520.2975463867188,213.5399932861328,88.11524200439453,21.2060604095459
2024-06-11,521.550537109375,214.14999389648438,88.41644287109375,21.178508758544922
2024-06-12,525.834228515625,214.72000122070312,88.83631896972656,21.25197982788086
2024-06-13,526.8928833007812,212.97000122070312,89.28355407714844,21.270347595214844
2024-06-14,527.2134399414062,215.72999572753906,89.37482452392578,21.187692642211914
2024-06-17,531.4094848632812,214.61000061035156,89.05536651611328,21.26116371154785
2024-06-18,532.7596435546875,215.47000122070312,89.37482452392578,21.43566131591797
2024-06-20,531.3123168945312,218.16000366210938,89.21966552734375,21.481582641601562
2024-06-21,530.60009765625,214.77999877929688,89.22879028320312,21.307085037231445
2024-06-24,528.8753051757812,215.6300048828125,89.30181121826172,21.481582641601562
2024-06-25,530.9119262695312,214.55999755859375,89.29267120361328,21.27953338623047
2024-06-26,531.5746459960938,212.5800018310547,88.89106750488281,21.316268920898438
2024-06-27,532.41259765625,214.99000549316406,89.037109375,21.426477432250977
2024-06-28,530.3175048828125,215.00999450683594,88.59898376464844,21.334636688232422
2024-07-01,531.4088745117188,215.57000732421875,88.12383270263672,21.61016082763672
2024-07-02,534.9851684570312,215.55999755859375,88.41680145263672,21.637712478637695
2024-07-03,537.37255859375,217.99000549316406,88.89289093017578,21.757104873657227
2024-07-05,540.4713745117188,220.92999267578125,89.34153747558594,21.839763641357422
2024-07-08,541.094970703125,218.19000244140625,89.36898803710938,21.54587173461914
2024-07-09,541.6212158203125,218.55999755859375,89.28660583496094,21.398923873901367
2024-07-10,546.9806518554688,219.36000061035156,89.37816619873047,21.398923873901367
2024-07-11,542.2642822265625,223.25,89.8359603881836,21.47239875793457
2024-07-12,545.6845703125,223.11000061035156,90.0831527709961,21.389741897583008
2024-07-15,547.1853637695312,223.8300018310547,89.77185821533203,21.233612060546875
2024-07-16,550.43017578125,228.2899932861328,90.13807678222656,21.178508758544922
2024-07-17,542.7125854492188,227.22999572753906,90.2021484375,21.178508758544922
2024-07-18,538.5418090820312,225.77999877929688,89.95498657226562,21.02237892150879
2024-07-19,534.9656982421875,221.72999572753906,89.77185821533203,20.737672805786133
2024-07-22,540.4810791015625,221.8000030517578,89.73526000976562,20.792776107788086
2024-07-23,539.6332397460938,222.5800018310547,89.72607421875,20.599910736083984
2024-07-24,527.4038696289062,221.8000030517578,89.4513931274414,20.59072494506836
2024-07-25,524.6558837890625,218.3300018310547,89.69861602783203,20.636646270751953
2024-07-26,530.5317993164062,220.6300048828125,90.01903533935547,20.425413131713867
2024-07-29,530.8436889648438,220.32000732421875,90.16555786132812,20.33357048034668
2024-07-30,528.1542358398438,222.52000427246094,90.2571029663086,20.2692813873291
2024-07-31,536.7391967773438,226.5500030517578,90.74235534667969,20.737672805786133
2024-08-01,529.138427734375,225.77000427246094,91.12255859375,20.489700317382812
2024-08-02,519.2867431640625,225.33999633789062,92.14198303222656,20.11315155029297
2024-08-05,504.1632385253906,222.47999572753906,92.06853485107422,20.076417922973633
2024-08-06,508.8113098144531,220.6999969482422,91.51747131347656,19.911104202270508
2024-08-07,505.4104919433594,220.5500030517578,91.24195861816406,20.094785690307617
2024-08-08,517.0941772460938,224.00999450683594,91.10419464111328,20.278467178344727
2024-08-09,519.3743896484375,224.55999755859375,91.42565155029297,20.397859573364258
2024-08-12,519.6472778320312,228.41000366210938,91.58174896240234,20.682567596435547
2024-08-13,528.1932373046875,228.05999755859375,91.94912719726562,20.489700317382812
2024-08-14,529.8595581054688,226.1999969482422,92.11441040039062,20.36112403869629
2024-08-15,538.9415283203125,226.91000366210938,91.72872924804688,20.526437759399414
2024-08-16,540.1497802734375,231.99000549316406,91.94912719726562,20.397859573364258
2024-08-19,545.3143920898438,231.61000061035156,92.05016326904297,20.28765106201172
2024-08-20,544.4276733398438,232.4600067138672,92.32566833496094,20.204994201660156
2024-08-21,546.298583984375,232.14999389648438,92.50015258789062,20.10396957397461
2024-08-22,542.010986328125,229.3699951171875,92.12361145019531,20.085603713989258
2024-08-23,547.7699584960938,232.02000427246094,92.54607391357422,20.44378089904785
2024-08-26,546.4641723632812,232.75999450683594,92.46342468261719,20.655014038085938
2024-08-27,547.2144775390625,233.38999938964844,92.49097442626953,20.55398941040039
2024-08-28,544.0377807617188,231.75,92.4083251953125,20.306018829345703
2024-08-29,544.0864868164062,232.9499969482422,92.28893280029297,20.53562355041504
2024-08-30,549.2803344726562,231.2899932861328,92.06853485107422,20.306018829345703
2024-09-03,537.9767456054688,230.2899932861328,92.45726776123047,19.901920318603516
2024-09-04,536.8755493164062,230.42999267578125,92.8626480102539,19.754974365234375
2024-09-05,535.56982421875,232.35000610351562,93.10215759277344,19.800893783569336
2024-09-06,526.55615234375,230.6300048828125,93.221923828125,19.534557342529297
2024-09-09,532.4515991210938,231.60000610351562,93.36009979248047,19.58966064453125
2024-09-10,534.770751953125,232.6199951171875,93.64569091796875,19.304954528808594
2024-09-11,540.2568969726562,232.25,93.61807250976562,19.479450225830078
2024-09-12,544.8076782226562,236.3300018310547,93.53514862060547,19.855998992919922
2024-09-13,547.6530151367188,238.67999267578125,93.72863006591797,19.892736434936523
2024-09-16,548.4619140625,238.66000366210938,93.94973754882812,20.03968048095703
2024-09-17,548.68603515625,237.33999633789062,93.85758972167969,20.177440643310547
2024-09-18,547.0587158203125,235.50999450683594,93.56277465820312,20.048864364624023
2024-09-19,556.3939208984375,239.1699981689453,93.57198333740234,20.407045364379883
2024-09-20,555.4320678710938,242.2100067138672,93.48908996582031,20.407045364379883
2024-09-23,556.8200073242188,242.67999267578125,93.4522476196289,20.416229248046875
2024-09-24,558.413330078125,246.07000732421875,93.58121490478516,20.756038665771484
2024-09-25,557.1817016601562,245.72999572753906,93.221923828125,20.58154296875
2024-09-26,559.3906860351562,246.97999572753906,93.24034118652344,20.397859573364258
2024-09-27,558.5794677734375,245.02000427246094,93.50749969482422,20.498884201049805
2024-09-30,560.81787109375,243.05999755859375,93.29563903808594,20.452964782714844
2024-10-01,555.7937622070312,245.61000061035156,93.54235076904297,20.81114387512207
2024-10-02,556.0283203125,245.66000366210938,93.34829711914062,20.98564338684082
2024-10-03,555.0118408203125,245.49000549316406,92.96943664550781,21.28871726989746
2024-10-04,560.0553588867188,245.0,92.36878967285156,21.343822479248047
2024-10-07,554.9922485351562,244.1699981689453,92.05462646484375,21.637712478637695
2024-10-08,560.2410888671875,242.3699951171875,92.21170806884766,21.132587432861328
2024-10-09,564.1216430664062,241.0500030517578,91.97144317626953,20.948904037475586
2024-10-10,563.1343383789062,242.82000732421875,91.916015625,21.36219024658203
2024-10-11,566.506591796875,245.47000122070312,91.94371795654297,21.38055992126465
2024-10-14,571.1396484375,245.07000732421875,91.86058044433594,21.0499324798584
2024-10-15,566.7021484375,245.9199981689453,92.23018646240234,20.645830154418945
2024-10-16,569.1651611328125,247.14999389648438,92.3503189086914,20.59072494506836
2024-10-17,569.2140502929688,248.6300048828125,91.89754486083984,20.61827850341797
2024-10-18,571.403564453125,251.27000427246094,91.96220397949219,20.50806999206543
2024-10-21,570.4652709960938,251.22000122070312,91.32461547851562,20.572359085083008
2024-10-22,570.1621704101562,253.92999267578125,91.34309387207031,20.930538177490234
2024-10-23,564.9523315429688,250.8699951171875,91.11209106445312,20.81114387512207
2024-10-24,566.1741943359375,252.8000030517578,91.28764343261719,20.801959991455078
2024-10-25,565.9786376953125,253.32000732421875,91.10284423828125,20.948904037475586
2024-10-28,567.728271484375,253.3300018310547,90.95499420166016,20.3886775970459
2024-10-29,568.647216796875,256.0899963378906,91.05663299560547,20.351940155029297
2024-10-30,566.9268188476562,257.5,90.96424102783203,20.609094619750977
2024-10-31,555.8132934570312,253.50999450683594,90.94576263427734,20.746854782104492
2024-11-01,558.1591186523438,252.47000122070312,90.58422088623047,20.526437759399414
2024-11-04,556.9569702148438,252.8300018310547,90.96426391601562,20.87543296813965
2024-11-05,563.6915283203125,253.39999389648438,91.177490234375,21.004011154174805
2024-11-06,577.7080688476562,245.6999969482422,90.4637222290039,20.7744083404541
2024-11-07,582.1749267578125,249.64999389648438,91.1496810913086,20.98564338684082
2024-11-08,584.69677734375,247.9600067138672,91.30726623535156,20.664199829101562
2024-11-11,585.2538452148438,242.13999938964844,91.10332489013672,20.33357048034668
2024-11-12,583.435791015625,240.0500030517578,90.57495880126953,20.223363876342773
2024-11-13,583.71923828125,237.6300048828125,90.55641174316406,20.159074783325195
2024-11-14,579.9658813476562,237.00999450683594,90.51934051513672,20.140705108642578
2024-11-15,572.537353515625,236.58999633789062,90.52860260009766,20.03968048095703
2024-11-18,574.8832397460938,241.08999633789062,90.6120376586914,20.498884201049805
2024-11-19,576.9846801757812,243.25,90.7417984008789,20.563173294067383
2024-11-20,577.1802368164062,244.6199951171875,90.64911651611328,20.55398941040039
2024-11-21,580.2786865234375,246.66000366210938,90.6027603149414,20.700937271118164
2024-11-22,582.0773315429688,249.83999633789062,90.66764068603516,20.719303131103516
2024-11-25,584.0517578125,242.47999572753906,91.48340606689453,20.425413131713867
2024-11-26,587.1012573242188,242.9499969482422,91.34434509277344,20.425413131713867
2024-11-27,585.3223266601562,243.49000549316406,91.59461975097656,20.315204620361328
2024-11-29,588.9583740234375,245.58999633789062,91.9561538696289,20.33357048034668
2024-12-02,590.0140991210938,243.44000244140625,91.96731567382812,20.186626434326172
2024-12-03,590.2876586914062,243.92999267578125,91.79061889648438,20.416229248046875
2024-12-04,593.9530639648438,244.6699981689453,92.08821868896484,20.306018829345703
2024-12-05,592.9756469726562,242.86000061035156,92.1067886352539,20.278467178344727
2024-12-06,594.0997314453125,242.9499969482422,92.36717224121094,20.122337341308594
2024-12-09,591.0404052734375,245.36000061035156,92.0975112915039,20.315204620361328
2024-12-10,589.2027587890625,248.58999633789062,91.98592376708984,20.36112403869629
2024-12-11,593.7576904296875,250.9600067138672,91.77204132080078,20.61827850341797
2024-12-12,590.6981811523438,247.27999877929688,91.40007019042969,20.53562355041504
2024-12-13,590.5809326171875,244.2899932861328,91.05601501464844,20.526437759399414
2024-12-16,593.102783203125,244.8800048828125,91.13970184326172,20.416229248046875
2024-12-17,590.6590576171875,243.94000244140625,91.13970184326172,20.278467178344727
2024-12-18,573.055419921875,239.25999450683594,90.44560241699219,20.094785690307617
2024-12-19,572.8794555664062,239.60000610351562,90.21237182617188,20.094785690307617
2024-12-20,579.76025390625,242.10000610351562,90.45494079589844,20.223363876342773
2024-12-23,583.2320556640625,240.9600067138672,90.17506408691406,20.238842010498047
2024-12-24,589.7147216796875,241.44000244140625,90.27767944335938,20.354934692382812
2024-12-26,589.7540283203125,243.07000732421875,90.34297943115234,20.296886444091797
2024-12-27,583.5458984375,241.39999389648438,90.15641021728516,20.393630981445312
2024-12-30,576.88671875,240.6300048828125,90.51091003417969,20.57744598388672
2024-12-31,574.7880249023438,242.1300048828125,90.39897155761719,20.683862686157227
2025-01-02,573.3756713867188,245.4199981689453,90.40829467773438,20.887025833129883
2025-01-03,580.544921875,243.49000549316406,90.31498718261719,20.780607223510742
2025-01-06,583.88916015625,243.19000244140625,90.22171783447266,20.819305419921875
2025-01-07,577.2887573242188,244.55999755859375,89.90454864501953,20.91604995727539
2025-01-08,578.1322631835938,245.86000061035156,90.00712585449219,20.877351760864258
2025-01-10,569.3056030273438,248.2100067138672,89.50335693359375,21.438467025756836
2025-01-13,570.1883544921875,245.74000549316406,89.41939544677734,21.5932559967041
2025-01-14,570.972900390625,247.02999877929688,89.44738006591797,21.583581924438477
2025-01-15,581.35888671875,248.8800048828125,90.22171783447266,21.931861877441406
2025-01-16,580.2407836914062,250.60000610351562,90.41761016845703,21.83511734008789
2025-01-17,586.0664672851562,249.27000427246094,90.41761016845703,21.738372802734375
2025-01-21,591.4309692382812,253.1300048828125,90.71615600585938,21.631956100463867
2025-01-22,594.7556762695312,254.42999267578125,90.50159454345703,21.612606048583984
2025-01-23,598.001953125,254.07000732421875,90.35232543945312,21.53521156311035
2025-01-24,596.2562255859375,255.64999389648438,90.50159454345703,21.544885635375977
2025-01-27,587.8218383789062,252.99000549316406,91.0053482055664,21.21595573425293
2025-01-28,592.8726806640625,255.17999267578125,90.97737121582031,21.235305786132812
2025-01-29,590.2149047851562,254.1999969482422,90.92140197753906,21.274002075195312
2025-01-30,593.3826293945312,258.04998779296875,91.05199432373047,21.293350219726562
2025-01-31,590.2246704101562,258.55999755859375,90.86541748046875,21.25465202331543
2025-02-03,586.2528076171875,259.94000244140625,90.95150756835938,21.419116973876953
2025-02-04,590.1854248046875,262.5,91.1200180053711,21.47716522216797
2025-02-05,592.5784912109375,264.1300048828125,91.60675048828125,21.34172248840332
2025-02-06,594.6380615234375,263.42999267578125,91.51311492919922,21.351396560668945
2025-02-07,589.1949462890625,263.8999938964844,91.22297668457031,21.36107063293457
2025-02-10,593.1962280273438,268.3699951171875,91.25106048583984,21.670652389526367
2025-02-11,593.6473999023438,267.3900146484375,91.04515075683594,21.83511734008789
2025-02-12,591.7349853515625,267.6700134277344,90.5677719116211,21.5932559967041
2025-02-13,597.9822998046875,270.30999755859375,91.11064910888672,21.699676513671875
2025-02-14,597.952880859375,266.2900085449219,91.44761657714844,21.7093505859375
2025-02-18,599.7083129882812,270.70001220703125,91.08257293701172,22.02860450744629
2025-02-19,601.12060546875,270.8500061035156,91.21360778808594,22.20274543762207
2025-02-20,598.6198120117188,270.989990234375,91.35399627685547,22.231767654418945
2025-02-21,588.3809204101562,270.739990234375,91.74712371826172,21.92218589782715
2025-02-24,585.7035522460938,272.2099914550781,91.90625762939453,21.844791412353516
2025-02-25,582.7907104492188,268.6199951171875,92.47722625732422,21.60293197631836
2025-02-26,583.0848999023438,269.0299987792969,92.62698364257812,21.419116973876953
2025-02-27,573.7777709960938,264.92999267578125,92.486572265625,21.44814109802246
2025-02-28,582.7319946289062,263.2699890136719,92.8984146118164,21.283676147460938
2025-03-03,572.5225219726562,266.739990234375,93.0993423461914,21.148235321044922
2025-03-04,565.7456665039062,269.05999755859375,92.86463928222656,21.21595573425293
2025-03-05,571.826171875,269.6199951171875,92.54539489746094,21.157909393310547
2025-03-06,561.675537109375,268.25,92.4515151977539,21.051490783691406
2025-03-07,564.8236694335938,268.3900146484375,92.3388442993164,21.235305786132812
2025-03-10,549.779296875,266.0400085449219,92.78012084960938,21.099863052368164
2025-03-11,545.2090454101562,269.1600036621094,92.4515151977539,21.21595573425293
2025-03-12,548.1021728515625,270.3299865722656,92.17921447753906,21.21595573425293
2025-03-13,540.7957763671875,275.1300048828125,92.46090698242188,21.138561248779297
2025-03-14,551.9662475585938,275.239990234375,92.27314758300781,21.25465202331543
2025-03-17,556.2227783203125,276.7300109863281,92.39517974853516,21.399770736694336
2025-03-18,550.2108154296875,279.9599914550781,92.48907470703125,21.351396560668945
2025-03-19,556.2030639648438,281.1099853515625,92.76136016845703,21.48683738708496
2025-03-20,554.5947265625,280.75,92.81768798828125,21.525535583496094
2025-03-21,554.7776489257812,278.489990234375,92.70500946044922,21.399770736694336
2025-03-24,564.712890625,277.25,92.3482437133789,21.47716522216797
2025-03-25,566.0703735351562,278.4700012207031,92.4327392578125,21.506187438964844
2025-03-26,559.3124389648438,278.239990234375,92.20741271972656,21.47716522216797
2025-03-27,557.8270874023438,281.9700012207031,92.16046142578125,21.53521156311035
2025-03-28,546.5933227539062,284.05999755859375,92.69562530517578,21.467491149902344
2025-03-31,550.2625732421875,288.1400146484375,92.8740234375,21.767396926879883
2025-04-01,551.8167724609375,287.57000732421875,93.21783447265625,21.777070999145508
2025-04-02,555.3087768554688,288.1600036621094,93.11420440673828,21.912511825561523
2025-04-03,527.9428100585938,286.4200134277344,93.60403442382812,21.032142639160156
2025-04-04,497.0354309082031,279.7200012207031,93.68880462646484,20.267866134643555
2025-04-07,496.1501770019531,273.7099914550781,92.50193786621094,19.948610305786133
2025-04-08,488.3790588378906,275.20001220703125,92.02151489257812,19.50358772277832
2025-04-09,539.6683349609375,285.3800048828125,92.22875213623047,20.20981788635254
2025-04-10,516.0205688476562,292.3500061035156,91.50343322753906,19.958282470703125
2025-04-11,525.2278442382812,297.92999267578125,91.40924072265625,20.248516082763672
2025-04-14,530.3233642578125,296.2300109863281,91.94615936279297,20.258190155029297
2025-04-15,528.837890625,297.7799987792969,92.13455963134766,20.20981788635254
2025-04-16,517.0828247070312,307.4700012207031,92.42659759521484,20.46135139465332
2025-04-17,517.8206176757812,306.1199951171875,92.19108581542969,20.674190521240234
2025-04-21,505.4951171875,315.5899963378906,91.63530731201172,20.500049591064453
2025-04-22,518.6469116210938,311.1099853515625,91.80486297607422,20.59679412841797
2025-04-23,526.6836547851562,303.6499938964844,92.03093719482422,20.44200325012207
2025-04-24,537.7698364257812,308.07000732421875,92.53959655761719,20.625816345214844
2025-04-25,541.6553344726562,304.7300109863281,92.87873077392578,20.65484046936035
2025-04-28,541.8618774414062,309.07000732421875,93.133056640625,20.538747787475586
2025-04-29,545.2752685546875,306.05999755859375,93.359130859375,20.277538299560547
2025-04-30,545.49169921875,303.7699890136719,93.27435302734375,19.900236129760742
2025-05-01,549.3574829101562,297.4599914550781,93.02013397216797,19.996980667114258
2025-05-02,557.5122680664062,297.9800109863281,92.56652069091797,20.08405113220215
2025-05-05,554.3153686523438,306.8800048828125,92.40584564208984,19.967958450317383
2025-05-06,549.68212890625,315.4800109863281,92.63265228271484,20.267866134643555
2025-05-07,551.9938354492188,310.75,92.77442169189453,20.01633071899414
2025-05-08,555.840087890625,304.6300048828125,92.29244995117188,20.277538299560547
2025-05-09,555.1318359375,306.8399963378906,92.38695526123047,20.432329177856445
2025-05-12,573.4774780273438,298.19000244140625,92.07511138916016,20.567771911621094
2025-05-13,577.2646484375,299.4599914550781,91.98058319091797,20.887025833129883
2025-05-14,578.0025024414062,293.1600036621094,91.71597290039062,20.780607223510742
2025-05-15,580.8256225585938,297.8399963378906,92.23574829101562,20.57744598388672
2025-05-16,584.5045776367188,294.239990234375,92.29244995117188,20.500049591064453
2025-05-19,585.1439208984375,298.0299987792969,92.26409912109375,20.471027374267578
2025-05-20,583.1765747070312,303.5799865722656,92.10343933105469,20.732234954833984
2025-05-21,573.349609375,305.82000732421875,91.49861907958984,20.70321273803711
2025-05-22,573.575927734375,303.1099853515625,91.76323699951172,20.59679412841797
2025-05-23,569.6608276367188,309.75,91.8955307006836,20.712886810302734
2025-05-27,581.50439453125,304.5,92.31135559082031,20.529071807861328
2025-05-28,578.1400756835938,303.80999755859375,92.14122772216797,20.46135139465332
2025-05-29,580.4222412109375,305.6099853515625,92.4814682006836,20.354934692382812
2025-05-30,579.7730712890625,303.6000061035156,92.70826721191406,20.20014190673828
2025-06-02,583.0389404296875,311.6700134277344,92.46461486816406,20.625816345214844
2025-06-03,586.3637084960938,308.9100036621094,92.39822387695312,20.76125717163086
2025-06-04,586.206298828125,310.8999938964844,92.94815063476562,20.683862686157227
2025-06-05,583.373291015625,309.3299865722656,92.71109771728516,20.780607223510742
2025-06-06,589.364013671875,305.17999267578125,92.23702239990234,20.945072174072266
2025-06-09,589.8950805664062,306.6199951171875,92.35081481933594,20.964420318603516
2025-06-10,593.23974609375,306.7099914550781,92.55941772460938,20.91604995727539
2025-06-11,591.5476684570312,308.3699951171875,92.87230682373047,21.25465202331543
2025-06-12,593.898681640625,312.20001220703125,93.21363830566406,21.25465202331543
2025-06-13,587.2588500976562,316.2900085449219,92.88178253173828,21.912511825561523
2025-06-16,592.84619140625,311.7799987792969,92.69215393066406,21.8641414642334
2025-06-17,587.7802734375,311.94000244140625,92.97660827636719,22.328510284423828
2025-06-18,587.691650390625,310.260009765625,93.04295349121094,22.38655662536621
2025-06-20,586.3114624023438,310.1300048828125,93.1282958984375,22.50265121459961
2025-06-23,592.1027221679688,311.0799865722656,93.31793975830078,21.670652389526367
2025-06-24,598.6439208984375,306.19000244140625,93.69720458984375,21.148235321044922
2025-06-25,598.979248046875,307.1199951171875,93.68770599365234,21.119211196899414
2025-06-26,603.6655883789062,306.7799987792969,93.9437255859375,21.196605682373047
2025-06-27,606.664794921875,301.2200012207031,93.6782455444336,21.090187072753906
2025-06-30,609.5653686523438,304.8299865722656,94.05750274658203,21.099863052368164
2025-07-01,609.3681640625,307.54998779296875,93.970947265625,21.21595573425293
2025-07-02,612.1305541992188,309.25,93.85680389404297,21.564233779907227
2025-07-03,616.9549560546875,307.1400146484375,93.66655731201172,21.5545597076416
2025-07-07,612.357421875,307.3699951171875,93.3336181640625,21.53521156311035
2025-07-08,612.0220336914062,304.1600036621094,93.29558563232422,21.60293197631836
2025-07-09,615.692138671875,305.5199890136719,93.68556213378906,21.564233779907227
2025-07-10,617.4285888671875,306.20001220703125,93.65703582763672,21.496511459350586
2025-07-11,615.2579956054688,309.1400146484375,93.26702880859375,21.777070999145508
2025-07-14,616.4320678710938,308.010009765625,93.25753784179688,21.5932559967041
2025-07-15,613.7979125976562,306.7300109863281,92.98165893554688,21.5545597076416
2025-07-16,615.8499755859375,308.260009765625,93.11483764648438,21.583581924438477
2025-07-17,619.6187133789062,307.5899963378906,93.15290069580078,21.757720947265625
2025-07-18,619.1649780273438,308.3900146484375,93.3241195678711,21.796419143676758
2025-07-21,620.3389892578125,313.1300048828125,93.58094024658203,21.748046875
2025-07-22,620.4277954101562,316.1000061035156,93.76167297363281,21.7093505859375
2025-07-23,625.7059936523438,312.17999267578125,93.55239868164062,21.651302337646484
2025-07-24,625.9132690429688,310.2699890136719,93.49533081054688,21.670652389526367
2025-07-25,628.5571899414062,307.3999938964844,93.64753723144531,21.44814109802246
2025-07-28,628.3993530273438,305.4100036621094,93.52387237548828,21.670652389526367
2025-07-29,626.741943359375,306.25,94.02801513671875,21.951210021972656
2025-07-30,625.9526977539062,300.9599914550781,93.76167297363281,21.9028377532959
2025-07-31,623.6046142578125,302.9599914550781,93.80921936035156,21.719024658203125
2025-08-01,613.3834228515625,309.1099853515625,94.62047576904297,21.370746612548828
2025-08-04,622.7066650390625,310.9100036621094,94.69685363769531,21.293350219726562
2025-08-05,619.5496826171875,311.1600036621094,94.7254638671875,21.10953712463379
2025-08-06,624.2952270507812,310.5,94.68729400634766,21.06116485595703
2025-08-07,623.7723388671875,313.1199951171875,94.61095428466797,21.12888526916504
2025-08-08,628.63623046875,313.04998779296875,94.42961120605469,21.12888526916504
2025-08-11,627.3930053710938,308.54998779296875,94.49640655517578,21.157909393310547
2025-08-12,634.072265625,308.2699890136719,94.49640655517578,21.07084083557129
2025-08-13,636.2427978515625,309.2099914550781,94.84001159667969,21.04181671142578
2025-08-14,636.302001953125,307.25,94.57276153564453,21.12888526916504
2025-08-15,634.812255859375,307.42999267578125,94.42961120605469,21.06116485595703
2025-08-18,634.6741943359375,306.95001220703125,94.32463073730469,21.080514907836914
2025-08-19,631.2310180664062,305.2699890136719,94.50595092773438,20.91604995727539
2025-08-20,629.5537719726562,308.3599853515625,94.56322479248047,21.148235321044922
2025-08-21,627.028076171875,307.2900085449219,94.34371185302734,21.274002075195312
2025-08-22,636.6571655273438,310.5799865722656,94.86863708496094,21.36107063293457
2025-08-25,633.855224609375,309.8299865722656,94.7254638671875,21.467491149902344
2025-08-26,636.5090942382812,312.0799865722656,94.84001159667969,21.30302619934082
2025-08-27,637.9595336914062,312.7099914550781,94.9354476928711,21.32237434387207
2025-08-28,640.2186889648438,315.0299987792969,95.04997253417969,21.457815170288086
2025-08-29,636.4006958007812,318.07000732421875,94.9259033203125,21.48683738708496
2025-09-02,631.6847534179688,325.5899963378906,94.67405700683594,21.83511734008789
2025-09-03,635.1082153320312,328.1400146484375,95.0187759399414,21.641630172729492
2025-09-04,640.4161376953125,326.69000244140625,95.40180206298828,21.48683738708496
2025-09-05,638.5613403320312,331.04998779296875,95.85184478759766,21.312700271606445
2025-09-08,640.1300659179688,334.82000732421875,96.17744445800781,21.457815170288086
2025-09-09,641.6099243164062,334.05999755859375,95.98591613769531,21.51586151123047
2025-09-10,643.4647216796875,335.260009765625,96.17744445800781,21.66097640991211
2025-09-11,648.8119506835938,334.760009765625,96.359375,21.496511459350586
2025-09-12,648.594970703125,335.4200134277344,96.27318572998047,21.62228012084961
2025-09-15,652.0479736328125,338.9100036621094,96.43596649169922,21.815767288208008
2025-09-16,651.1502075195312,339.5899963378906,96.47428131103516,22.038280487060547
2025-09-17,650.3412475585938,336.9700012207031,96.3019027709961,21.806095123291016
2025-09-18,653.3798828125,335.6199951171875,96.0337905883789,21.7093505859375
2025-09-19,656.6160278320312,339.17999267578125,96.0337905883789,21.53521156311035
2025-09-22,659.7225952148438,345.04998779296875,95.91888427734375,21.53521156311035
2025-09-23,656.1311645507812,346.4599914550781,96.07211303710938,21.757720947265625
2025-09-24,654.043701171875,343.32000732421875,95.89015197753906,21.9028377532959
2025-09-25,651.0263061523438,344.75,95.756103515625,22.057626724243164
2025-09-26,654.756103515625,346.739990234375,95.82312774658203,22.067302703857422
2025-09-29,656.59619140625,352.4599914550781,96.00507354736328,21.88348960876465
2025-09-30,659.0694580078125,355.4700012207031,95.99547576904297,21.796419143676758
2025-10-01,661.3153076171875,356.0299987792969,96.24046325683594,21.757720947265625
2025-10-02,662.0769653320312,354.7900085449219,96.34613800048828,21.612606048583984
2025-10-03,662.0672607421875,357.6400146484375,96.24046325683594,21.680326461791992
2025-10-06,664.4415283203125,364.3800048828125,96.02912139892578,21.9028377532959
2025-10-07,661.9781494140625,366.260009765625,96.19242858886719,21.989906311035156
2025-10-08,665.925537109375,372.29998779296875,96.20203399658203,22.018930435180664
2025-10-09,663.9963989257812,365.42999267578125,96.08676147460938,21.815767288208008
2025-10-10,646.0499877929688,369.1199951171875,96.48063659667969,21.351396560668945
2025-10-13,655.9630126953125,378.0899963378906,96.66316223144531,21.62228012084961
2025-10-14,655.1616821289062,380.7900085449219,96.81687927246094,21.380420684814453
2025-10-15,658.0703125,387.3900146484375,96.77845001220703,21.457815170288086
2025-10-16,653.588623046875,396.45001220703125,97.12428283691406,21.419116973876953
2025-10-17,657.2986450195312,388.989990234375,96.98979187011719,21.399770736694336
2025-10-20,664.1348266601562,403.1499938964844,97.1530990600586,21.612606048583984
2025-10-21,664.1249389648438,377.239990234375,97.24918365478516,21.390094757080078
2025-10-22,660.6721801757812,377.2799987792969,97.23957824707031,21.728696823120117
2025-10-23,664.5899658203125,378.7900085449219,97.06664276123047,22.096324920654297
2025-10-24,670.0213623046875,377.5199890136719,97.16271209716797,22.106000900268555
2025-10-27,677.9260864257812,367.010009765625,97.22996520996094,22.057626724243164
2025-10-28,679.7266235351562,364.3800048828125,97.28760528564453,21.85446548461914
2025-10-29,680.0531616210938,363.0,96.82648468017578,21.970558166503906
2025-10-30,672.5739135742188,370.1300048828125,96.64395141601562,21.98023223876953
2025-10-31,674.780029296875,368.1199951171875,96.5863037109375,22.13502311706543
2025-11-03,676.04638671875,368.7799987792969,96.46775817871094,22.299488067626953
2025-11-04,668.0327758789062,362.32000732421875,96.51595306396484,22.144697189331055
2025-11-05,670.3478393554688,366.510009765625,96.25572967529297,22.076976776123047
2025-11-06,663.1554565429688,366.07000732421875,96.6123275756836,22.106000900268555
2025-11-07,663.808349609375,368.30999755859375,96.57379150390625,22.15437126159668
2025-11-10,674.1666259765625,378.3800048828125,96.53523254394531,22.39623260498047
2025-11-11,675.7098999023438,379.8699951171875,96.82437133789062,22.54134750366211
2025-11-12,676.0859375,385.989990234375,96.78582763671875,22.289813995361328
2025-11-13,664.8670043945312,382.8699951171875,96.4966812133789,22.173721313476562
2025-11-14,664.758056640625,375.9599914550781,96.38101196289062,22.222091674804688
2025-11-17,658.5650024414062,371.6499938964844,96.40028381347656,22.193069458007812
2025-11-18,653.0346069335938,374.3500061035156,96.45813751220703,22.376882553100586
2025-11-19,655.5574340820312,374.9599914550781,96.45813751220703,22.15437126159668
2025-11-20,645.5652465820312,374.8500061035156,96.57379150390625,21.94153594970703
2025-11-21,651.9959106445312,374.2699890136719,96.80509948730469,21.796419143676758
2025-11-24,661.59228515625,380.20001220703125,96.99787139892578,21.9028377532959
2025-11-25,667.815185546875,380.0799865722656,97.15209197998047,21.786745071411133
2025-11-26,672.4254150390625,383.1199951171875,97.3062744140625,22.018930435180664
2025-11-28,676.0958862304688,387.8800048828125,97.17134094238281,22.309162139892578
2025-12-01,673.0091552734375,389.75,96.75170135498047,22.367210388183594
2025-12-02,674.2556762695312,387.239990234375,96.87740325927734,22.270465850830078
2025-12-03,676.5905151367188,386.8800048828125,97.06111145019531,22.376882553100586
2025-12-04,677.085205078125,387.1300048828125,96.82904815673828,22.4349308013916
2025-12-05,678.3712158203125,386.44000244140625,96.72269439697266,22.570371627807617
2025-12-08,676.3333129882812,385.4200134277344,96.56798553466797,22.289813995361328
2025-12-09,675.7495727539062,387.3999938964844,96.48095703125,22.24144172668457
2025-12-10,680.231201171875,389.04998779296875,96.79035949707031,22.376882553100586
2025-12-11,681.8141479492188,393.239990234375,96.8097152709961,22.357534408569336
2025-12-12,674.4832763671875,395.44000244140625,96.50996398925781,22.173721313476562
2025-12-15,673.4641723632812,395.79998779296875,96.60665893554688,22.067302703857422
2025-12-16,671.6240844726562,395.8900146484375,96.79035949707031,21.844791412353516
2025-12-17,664.23388671875,399.2900085449219,96.76136779785156,22.106000900268555
2025-12-18,669.2496337890625,398.57000732421875,97.00309753417969,21.951210021972656
2025-12-19,675.3153686523438,399.0199890136719,96.86145782470703,22.106000900268555
2025-12-22,679.5224609375,408.2300109863281,96.82264709472656,22.389999389648438
2025-12-23,682.6282348632812,413.6400146484375,96.82264709472656,22.639999389648438
2025-12-24,685.0294799804688,411.92999267578125,97.03607940673828,22.6299991607666
2025-12-26,684.9600219726562,416.739990234375,97.05548858642578,22.700000762939453
2025-12-29,682.51904296875,398.6000061035156,97.17190551757812,22.489999771118164
2025-12-30,681.685546875,398.8900146484375,97.13310241699219,22.639999389648438
2025-12-31,676.635009765625,396.30999755859375,96.90025329589844,22.360000610351562
2026-01-02,677.8753051757812,398.2799987792969,96.87115478515625,22.389999389648438
2026-01-05,682.3900756835938,408.760009765625,97.05548858642578,22.809999465942383
2026-01-06,686.4483642578125,413.17999267578125,97.03607940673828,22.799999237060547
2026-01-07,684.2356567382812,409.2300109863281,97.13310241699219,22.59000015258789
2026-01-08,684.1661987304688,411.489990234375,96.95846557617188,22.8799991607666
2026-01-09,688.6908569335938,414.4700012207031,97.17190551757812,22.899999618530273
2026-01-12,689.7723388671875,422.2300109863281,97.12340545654297,23.190000534057617
2026-01-13,688.3931884765625,421.6300048828125,97.21072387695312,23.3700008392334
2026-01-14,685.009521484375,425.94000244140625,97.35623931884766,23.389999389648438
2026-01-15,686.875,423.3299865722656,97.23011779785156,23.200000762939453
2026-01-16,686.299560546875,421.2900085449219,97.065185546875,23.15999984741211
2026-01-20,672.3286743164062,437.2300109863281,96.69652557373047,23.479999542236328
2026-01-21,680.0880737304688,443.6000061035156,97.01667785644531,23.75
2026-01-22,683.6403198242188,451.7900085449219,97.03607940673828,23.739999771118164
2026-01-23,683.8883056640625,458.0,97.12340545654297,24.18000030517578
2026-01-26,687.3612060546875,464.70001220703125,97.26892852783203,24.290000915527344
2026-01-27,690.099853515625,476.1000061035156,97.20101165771484,24.6200008392334
2026-01-28,690.0303955078125,494.55999755859375,97.16220092773438,24.940000534057617
2026-01-29,688.6610717773438,495.8999938964844,97.16220092773438,25.299999237060547
2026-01-30,686.6071166992188,444.95001220703125,97.1427993774414,24.43000030517578
2026-02-02,690.0204467773438,427.1300048828125,97.0308609008789,23.540000915527344
2026-02-03,684.18603515625,454.2900085449219,97.04060363769531,24.149999618530273
2026-02-04,680.8718872070312,453.9700012207031,96.9822006225586,24.190000534057617
2026-02-05,672.3683471679688,441.8800048828125,97.40072631835938,23.760000228881836
2026-02-06,685.267578125,455.4599914550781,97.45912170410156,24.010000228881836
2026-02-09,688.57177734375,467.0299987792969,97.48832702636719,24.25
2026-02-10,686.7559204101562,462.3999938964844,97.77059936523438,24.139999389648438
2026-02-11,686.5972290039062,467.6300048828125,97.54673767089844,24.3700008392334
2026-02-12,675.9900512695312,451.3900146484375,97.98472595214844,23.799999237060547
2026-02-13,676.4663696289062,462.6199951171875,98.29618835449219,23.8799991607666
2026-02-17,677.5578002929688,448.20001220703125,98.30592346191406,23.59000015258789
2026-02-18,680.9711303710938,458.2799987792969,98.16967010498047,24.209999084472656
2026-02-19,679.1751098632812,459.55999755859375,98.18912506103516,24.43000030517578
2026-02-20,684.0868530273438,468.6199951171875,98.2085952758789,24.600000381469727
2026-02-23,677.1013793945312,481.2799987792969,98.40325927734375,24.75
2026-02-24,682.0228881835938,474.6099853515625,98.39352416992188,24.719999313354492
2026-02-25,687.7779541015625,473.4200134277344,98.34485626220703,24.75
2026-02-26,683.957763671875,477.4800109863281,98.50057983398438,24.760000228881836
2026-02-27,680.6734008789062,483.75,98.69525909423828,25.100000381469727
2026-03-02,681.0604858398438,490.0,98.3008041381836,25.809999465942383
2026-03-03,675.057373046875,468.1400146484375,98.19338989257812,25.90999984741211
2026-03-04,679.8201904296875,471.79998779296875,98.15434265136719,26.139999389648438
2026-03-05,676.0297241210938,466.1300048828125,97.87120056152344,26.520000457763672
2026-03-06,667.1689453125,473.510009765625,97.75403594970703,27.510000228881836
2026-03-09,673.0133056640625,472.5299987792969,98.06648254394531,27.139999389648438
2026-03-10,671.9317016601562,477.8599853515625,97.74427032470703,27.600000381469727
2026-03-11,671.0883178710938,476.239990234375,97.3049087524414,28.1299991607666
2026-03-12,660.8978881835938,466.8800048828125,96.94365692138672,28.860000610351562
2026-03-13,657.1571655273438,460.8399963378906,96.86553955078125,28.709999084472656
2026-03-16,663.8449096679688,460.42999267578125,97.24633026123047,28.309999465942383
2026-03-17,665.5912475585938,459.2699890136719,97.44159698486328,28.760000228881836
2026-03-18,656.3038330078125,444.739990234375,97.03152465820312,29.270000457763672
2026-03-19,654.6864013671875,426.4100036621094,97.13893127441406,28.84000015258789
2026-03-20,645.301025390625,413.3800048828125,96.32855224609375,28.940000534057617
2026-03-23,652.07666015625,404.0400085449219,96.6897964477539,27.75
2026-03-24,649.8877563476562,404.1300048828125,96.4261703491211,28.239999771118164
2026-03-25,653.5093994140625,416.2900085449219,96.76789855957031,28.170000076293945
2026-03-26,641.8385620117188,400.6400146484375,96.22114562988281,28.440000534057617
2026-03-27,630.8939819335938,414.70001220703125,96.21138000488281,29.100000381469727
2026-03-30,628.78466796875,414.5799865722656,96.69955444335938,29.260000228881836
2026-03-31,647.0620727539062,430.2900085449219,96.92412567138672,28.950000762939453
2026-04-01,651.9373779296875,437.82000732421875,96.98976135253906,28.68000030517578
2026-04-02,652.5244140625,429.4100036621094,97.21509552001953,29.329999923706055
2026-04-06,655.6088256835938,427.6499938964844,97.03875732421875,29.479999542236328
2026-04-07,655.8972778320312,431.80999755859375,97.15631103515625,29.3700008392334
2026-04-08,672.6027221679688,434.5299987792969,97.4110336303711,28.559999465942383
2026-04-09,676.4829711914062,437.9100036621094,97.46981811523438,28.709999084472656
2026-04-10,676.0353393554688,437.1300048828125,97.30326080322266,28.5
2026-04-13,682.641845703125,435.3599853515625,97.49919891357422,28.959999084472656
2026-04-14,690.959716796875,445.0899963378906,97.75392150878906,28.84000015258789
2026-04-15,696.412109375,440.4599914550781,97.59717559814453,28.889999389648438
2026-04-16,698.1234130859375,440.0799865722656,97.46002197265625,29.110000610351562
2026-04-17,706.5607299804688,445.92999267578125,97.82250213623047,28.290000915527344
2026-04-20,705.1477661132812,442.0899963378906,97.81270599365234,28.670000076293945
2026-04-21,700.53125,429.57000732421875,97.45021057128906,29.209999084472656
2026-04-22,707.6253051757812,435.260009765625,97.58737182617188,29.510000228881836
2026-04-23,704.8792114257812,431.0400085449219,97.43061828613281,29.889999389648438
2026-04-24,710.341552734375,433.25,97.56777954101562,29.860000610351562
2026-04-27,711.5653076171875,429.8900146484375,97.42082977294922,30.09000015258789
2026-04-28,708.1028442382812,421.9100036621094,97.38163757324219,30.34000015258789
2026-04-29,707.993408203125,417.4100036621094,96.95056915283203,31.079999923706055
2026-04-30,715.0377197265625,423.6600036621094,97.08773040771484,31.100000381469727
2026-05-01,717.0177001953125,423.17999267578125,97.21552276611328,30.809999465942383
2026-05-04,714.3909912109375,414.7099914550781,96.91079711914062,31.329999923706055
2026-05-05,720.1220092773438,418.2699890136719,97.08773040771484,31.200000762939453
2026-05-06,730.1312866210938,430.9599914550781,97.5005874633789,30.209999084472656
2026-05-07,727.8926391601562,431.67999267578125,97.26466369628906,30.25
2026-05-08,733.9021606445312,433.7699890136719,97.4907455444336,30.299999237060547
2026-05-11,735.5736694335938,434.6499938964844,97.23518371582031,31.059999465942383
2026-05-12,734.4593505859375,432.92999267578125,96.95011138916016,31.690000534057617
2026-05-13,738.5685424804688,430.5,96.98944091796875,31.3700008392334
2026-05-14,744.3989868164062,427.2099914550781,96.95995330810547,31.149999618530273
2026-05-15,735.4443969726562,417.2900085449219,96.35050201416016,31.190000534057617
2026-05-18,734.927001953125,418.42999267578125,96.3406753540039,31.3799991607666
2026-05-19,730.0317993164062,411.5,95.96715545654297,31.610000610351562
2026-05-20,737.5138549804688,417.3999938964844,96.54710388183594,30.8799991607666
2026-05-21,738.9764404296875,416.989990234375,96.6650619506836,30.700000762939453
2026-05-22,741.8817749023438,413.82000732421875,96.76335144042969,30.540000915527344
2026-05-26,746.8068237304688,414.0,97.03858947753906,30.030000686645508
2026-05-27,746.677490234375,408.489990234375,97.11723327636719,29.489999771118164
2026-05-28,750.7965698242188,412.7699890136719,97.31381225585938,29.719999313354492
2026-05-29,752.6671142578125,417.1199951171875,97.37278747558594,29.479999542236328
2026-06-01,754.7167358398438,411.260009765625,97.32447052001953,29.989999771118164
2026-06-02,755.7415771484375,411.95001220703125,97.35405731201172,30.1200008392334
2026-06-03,750.4384155273438,407.8699951171875,97.14694213867188,30.290000915527344
2026-06-04,753.2740478515625,411.2699890136719,97.30474853515625,29.8799991607666
2026-06-05,733.83251953125,396.239990234375,96.82147216796875,29.229999542236328
2026-06-08,735.4940795898438,397.2699890136719,96.82147216796875,29.469999313354492
2026-06-09,733.3350219726562,390.7799987792969,97.01873016357422,29.06999969482422
2026-06-10,721.7736206054688,374.5799865722656,96.95954895019531,29.170000076293945
2026-06-11,734.04150390625,386.32000732421875,97.52172088623047,28.850000381469727
2026-06-12,738.0113525390625,386.5400085449219,97.40337371826172,28.549999237060547
2026-06-15,751.0254516601562,396.54998779296875,97.49213409423828,28.219999313354492
2026-06-16,746.5481567382812,397.6300048828125,97.61048889160156,27.899999618530273
2026-06-17,737.225341796875,388.6000061035156,97.25542449951172,27.709999084472656
2026-06-18,744.8902587890625,387.1199951171875,97.54145050048828,27.6299991607666
2026-06-22,742.546142578125,384.5899963378906,97.275146484375,27.40999984741211
2026-06-23,731.7628784179688,377.32000732421875,97.35405731201172,27.1200008392334
2026-06-24,731.4237060546875,365.9200134277344,97.82746124267578,26.450000762939453
2026-06-25,732.4810791015625,369.4599914550781,97.88663482666016,26.93000030517578
2026-06-26,727.1842651367188,373.6300048828125,97.97540283203125,26.56999969482422
2026-06-29,739.1644897460938,368.5799865722656,98.00499725341797,26.559999465942383
2026-06-30,744.9202270507812,368.3800048828125,97.62034606933594,26.65999984741211
2026-07-01,743.9127197265625,370.6000061035156,97.472900390625,26.450000762939453
2026-07-02,742.9351806640625,378.1300048828125,97.58174896240234,26.56999969482422
2026-07-06,749.4190673828125,382.1300048828125,97.63124084472656,27.0
2026-07-07,745.85791015625,377.489990234375,97.18592834472656,27.350000381469727
2026-07-08,743.5536499023438,374.45001220703125,97.0177001953125,27.799999237060547
2026-07-09,749.8480224609375,378.17999267578125,97.15624237060547,27.579999923706055
2026-07-10,753.0799560546875,377.010009765625,97.05728912353516,27.520000457763672
2026-07-13,747.3142700195312,367.1300048828125,96.6911392211914,28.329999923706055
2026-07-14,749.9677124023438,372.1499938964844,96.97811889648438,28.6299991607666
2026-07-15,752.9403076171875,372.3500061035156,97.11665344238281,28.790000915527344
2026-07-16,748.8604125976562,364.9599914550781,97.10675811767578,28.459999084472656
2026-07-17,741.4487915039062,368.4100036621094,97.17603302001953,28.979999542236328
2026-07-20,740.2518310546875,367.6000061035156,96.92864227294922,29.139999389648438
2026-07-21,746.426513671875,374.80999755859375,96.7208251953125,29.56999969482422
2026-07-22,745.55859375,379.1199951171875,96.5625,29.860000610351562
2026-07-23,736.3515014648438,371.5199890136719,96.32498931884766,30.309999465942383
2026-07-24,737.099609375,371.8999938964844,96.4437484741211,30.100000381469727
2026-07-27,737.25927734375,374.6300048828125,96.67134857177734,29.010000228881836
2026-07-28,739.0248413085938,369.3699951171875,96.8989486694336,28.600000381469727
2026-07-29,727.6531372070312,371.0799865722656,96.5328140258789,29.420000076293945
2026-07-30,739.852783203125,377.1600036621094,96.60208129882812,29.31999969482422
2026-07-31,745.1796264648438,371.5400085449219,96.35469818115234,29.450000762939453
2026-08-03,755.793212890625,371.7099914550781,96.58109283447266,28.8799991607666
2026-08-04,769.4193725585938,374.1600036621094,96.97830963134766,28.309999465942383
2026-08-05,767.8831787109375,389.6400146484375,97.0279541015625,28.479999542236328
2026-08-06,766.65625,389.6700134277344,96.74990844726562,28.860000610351562
2026-08-07,771.3446044921875,398.4700012207031,96.91871643066406,28.90999984741211
2026-08-10,771.1151733398438,402.5400085449219,96.56123352050781,29.93000030517578
2026-08-11,768.6513061523438,400.9599914550781,96.64067840576172,29.969999313354492
2026-08-12,770.5764770507812,404.9200134277344,96.74990844726562,30.110000610351562
2026-08-13,775.9531860351562,398.9599914550781,97.00809478759766,29.780000686645508
2026-08-14,774.4169921875,401.4800109863281,96.79956817626953,30.0
2026-08-17,770.7560424804688,405.489990234375,96.5711669921875,30.559999465942383
2026-08-18,765.5490112304688,398.54998779296875,96.67047119140625,30.479999542236328
2026-08-19,767.1549682617188,413.8399963378906,97.1371841430664,30.760000228881836
2026-08-20,760.7109985351562,415.260009765625,96.80948638916016,31.110000610351562
2026-08-21,763.8232421875,423.3599853515625,96.67047119140625,31.260000228881836
2026-08-24,761.5787963867188,426.69000244140625,96.86907958984375,30.940000534057617
2026-08-25,764.0127563476562,428.07000732421875,97.32585906982422,30.43000030517578
2026-08-26,764.182373046875,421.32000732421875,97.1769027709961,30.5
2026-08-27,769.18994140625,422.6000061035156,97.1471176147461,30.860000610351562
2026-08-28,767.4442749023438,408.8900146484375,96.80948638916016,30.790000915527344
2026-08-31,765.1499633789062,408.4200134277344,96.73004913330078,31.299999237060547
2026-09-01,759.89306640625,396.75,96.42811584472656,31.93000030517578
2026-09-02,763.2646484375,402.7799987792969,96.49787139892578,31.93000030517578
2026-09-03,771.2548217773438,410.2200012207031,96.60748291015625,31.959999084472656
2026-09-04,768.2822265625,406.7699890136719,96.65731048583984,31.899999618530273
2026-09-08,764.0626831054688,399.7200012207031,96.55766296386719,32.400001525878906
2026-09-09,760.5115356445312,403.3500061035156,96.33843994140625,32.849998474121094
2026-09-10,755.9528198242188,396.3599853515625,95.7106704711914,33.619998931884766
2026-09-11,762.3967895507812,398.7699890136719,95.64091491699219,33.15999984741211
2026-09-14,758.9952392578125,392.8399963378906,95.55123138427734,33.150001525878906
2026-09-15,755.513916015625,394.1499938964844,95.51136779785156,33.68000030517578
2026-09-16,752.1821899414062,391.739990234375,95.47151184082031,33.15999984741211
2026-09-17,760.7109985351562,398.3599853515625,95.98967742919922,33.04999923706055
2026-09-18,761.6900024414062,401.1700134277344,95.62098693847656,32.93000030517578
2026-09-21,773.5,398.3800048828125,95.87010192871094,32.58000183105469
2026-09-22,773.3800048828125,400.07000732421875,95.90995788574219,32.439998626708984
2026-09-23,767.8099975585938,392.8800048828125,95.07292938232422,32.880001068115234
2026-09-24,767.1799926757812,391.69000244140625,94.61454772949219,33.18000030517578
2026-09-25,771.3499755859375,393.4100036621094,94.78395080566406,32.619998931884766
2026-09-28,765.6099853515625,377.9100036621094,94.31561279296875,32.4900016784668
2026-09-29,764.2000122070312,382.8900146484375,94.26578521728516,32.0
2026-09-30,762.6300048828125,380.8399963378906,94.20600128173828,32.31999969482422
2026-10-01,763.989990234375,382.760009765625,94.41999816894531,32.75
2026-10-02,769.6400146484375,380.1400146484375,94.25,32.540000915527344
2026-10-05,774.8300170898438,379.54998779296875,94.12999725341797,32.38999938964844
2026-10-06,779.0900268554688,382.2699890136719,94.36000061035156,32.689998626708984
2026-10-07,777.219970703125,375.8800048828125,94.30999755859375,32.5099983215332
2026-10-08,773.9299926757812,378.6199951171875,94.62999725341797,32.90999984741211
2026-10-09,778.5700073242188,384.5799865722656,94.58999633789062,32.959999084472656
